t;step_number;time_in_days;soil_temperature;sucrose_input_rate
0;0;0;4.614067597;2.39E-12
1;0.041666667;0.041666667;4.671140795;2.61E-12
2;0.083333333;0.083333333;4.728213993;2.83E-12
3;0.125;0.125;4.785287192;3.06E-12
4;0.166666667;0.166666667;4.84236039;3.28E-12
5;0.208333333;0.208333333;4.899433588;3.50E-12
6;0.25;0.25;4.956506786;3.72E-12
7;0.291666667;0.291666667;5.013579984;3.94E-12
8;0.333333333;0.333333333;5.070653182;4.16E-12
9;0.375;0.375;5.127726381;4.38E-12
10;0.416666667;0.416666667;5.184799579;4.61E-12
11;0.458333333;0.458333333;5.241872777;4.83E-12
12;0.5;0.5;5.298945975;5.05E-12
13;0.541666667;0.541666667;5.356019173;5.27E-12
14;0.583333333;0.583333333;5.413092371;5.49E-12
15;0.625;0.625;5.47016557;5.72E-12
16;0.666666667;0.666666667;5.527238768;5.94E-12
17;0.708333333;0.708333333;5.584311966;6.16E-12
18;0.75;0.75;5.641385164;6.38E-12
19;0.791666667;0.791666667;5.698458362;6.60E-12
20;0.833333333;0.833333333;5.75553156;6.82E-12
21;0.875;0.875;5.812604759;7.05E-12
22;0.916666667;0.916666667;5.869677957;7.27E-12
23;0.958333333;0.958333333;5.926751155;7.49E-12
24;1;1;5.983824353;7.71E-12
25;1.041666667;1.041666667;6.06720055;8.03E-12
26;1.083333333;1.083333333;6.150576746;8.36E-12
27;1.125;1.125;6.233952943;8.68E-12
28;1.166666667;1.166666667;6.31732914;9.01E-12
29;1.208333333;1.208333333;6.400705337;9.33E-12
30;1.25;1.25;6.484081533;9.66E-12
31;1.291666667;1.291666667;6.56745773;9.98E-12
32;1.333333333;1.333333333;6.650833927;1.03E-11
33;1.375;1.375;6.734210123;1.06E-11
34;1.416666667;1.416666667;6.81758632;1.10E-11
35;1.458333333;1.458333333;6.900962517;1.13E-11
36;1.5;1.5;6.984338714;1.16E-11
37;1.541666667;1.541666667;7.06771491;1.19E-11
38;1.583333333;1.583333333;7.151091107;1.23E-11
39;1.625;1.625;7.234467304;1.26E-11
40;1.666666667;1.666666667;7.3178435;1.29E-11
41;1.708333333;1.708333333;7.401219697;1.32E-11
42;1.75;1.75;7.484595894;1.36E-11
43;1.791666667;1.791666667;7.56797209;1.39E-11
44;1.833333333;1.833333333;7.651348287;1.42E-11
45;1.875;1.875;7.734724484;1.45E-11
46;1.916666667;1.916666667;7.818100681;1.49E-11
47;1.958333333;1.958333333;7.901476877;1.52E-11
48;2;2;7.984853074;1.55E-11
49;2.041666667;2.041666667;7.980663566;1.55E-11
50;2.083333333;2.083333333;7.976474058;1.55E-11
51;2.125;2.125;7.972284549;1.55E-11
52;2.166666667;2.166666667;7.968095041;1.54E-11
53;2.208333333;2.208333333;7.963905533;1.54E-11
54;2.25;2.25;7.959716025;1.54E-11
55;2.291666667;2.291666667;7.955526516;1.54E-11
56;2.333333333;2.333333333;7.951337008;1.54E-11
57;2.375;2.375;7.9471475;1.54E-11
58;2.416666667;2.416666667;7.942957992;1.53E-11
59;2.458333333;2.458333333;7.938768483;1.53E-11
60;2.5;2.5;7.934578975;1.53E-11
61;2.541666667;2.541666667;7.930389467;1.53E-11
62;2.583333333;2.583333333;7.926199959;1.53E-11
63;2.625;2.625;7.92201045;1.53E-11
64;2.666666667;2.666666667;7.917820942;1.52E-11
65;2.708333333;2.708333333;7.913631434;1.52E-11
66;2.75;2.75;7.909441925;1.52E-11
67;2.791666667;2.791666667;7.905252417;1.52E-11
68;2.833333333;2.833333333;7.901062909;1.52E-11
69;2.875;2.875;7.896873401;1.52E-11
70;2.916666667;2.916666667;7.892683893;1.51E-11
71;2.958333333;2.958333333;7.888494384;1.51E-11
72;3;3;7.884304876;1.51E-11
73;3.041666667;3.041666667;7.84919135;1.50E-11
74;3.083333333;3.083333333;7.814077824;1.48E-11
75;3.125;3.125;7.778964297;1.47E-11
76;3.166666667;3.166666667;7.743850771;1.46E-11
77;3.208333333;3.208333333;7.708737245;1.44E-11
78;3.25;3.25;7.673623719;1.43E-11
79;3.291666667;3.291666667;7.638510192;1.41E-11
80;3.333333333;3.333333333;7.603396666;1.40E-11
81;3.375;3.375;7.56828314;1.39E-11
82;3.416666667;3.416666667;7.533169614;1.37E-11
83;3.458333333;3.458333333;7.498056087;1.36E-11
84;3.5;3.5;7.462942561;1.35E-11
85;3.541666667;3.541666667;7.427829035;1.33E-11
86;3.583333333;3.583333333;7.392715508;1.32E-11
87;3.625;3.625;7.357601982;1.30E-11
88;3.666666667;3.666666667;7.322488456;1.29E-11
89;3.708333333;3.708333333;7.28737493;1.28E-11
90;3.75;3.75;7.252261403;1.26E-11
91;3.791666667;3.791666667;7.217147877;1.25E-11
92;3.833333333;3.833333333;7.182034351;1.24E-11
93;3.875;3.875;7.146920825;1.22E-11
94;3.916666667;3.916666667;7.111807299;1.21E-11
95;3.958333333;3.958333333;7.076693772;1.19E-11
96;4;4;7.041580246;1.18E-11
97;4.041666667;4.041666667;7.032625445;1.18E-11
98;4.083333333;4.083333333;7.023670644;1.17E-11
99;4.125;4.125;7.014715843;1.17E-11
100;4.166666667;4.166666667;7.005761042;1.17E-11
101;4.208333333;4.208333333;6.996806241;1.16E-11
102;4.25;4.25;6.98785144;1.16E-11
103;4.291666667;4.291666667;6.978896639;1.16E-11
104;4.333333333;4.333333333;6.969941838;1.15E-11
105;4.375;4.375;6.960987037;1.15E-11
106;4.416666667;4.416666667;6.952032236;1.15E-11
107;4.458333333;4.458333333;6.943077435;1.14E-11
108;4.5;4.5;6.934122633;1.14E-11
109;4.541666667;4.541666667;6.925167832;1.14E-11
110;4.583333333;4.583333333;6.916213031;1.13E-11
111;4.625;4.625;6.90725823;1.13E-11
112;4.666666667;4.666666667;6.898303429;1.13E-11
113;4.708333333;4.708333333;6.889348628;1.12E-11
114;4.75;4.75;6.880393827;1.12E-11
115;4.791666667;4.791666667;6.871439026;1.12E-11
116;4.833333333;4.833333333;6.862484225;1.11E-11
117;4.875;4.875;6.853529424;1.11E-11
118;4.916666667;4.916666667;6.844574623;1.11E-11
119;4.958333333;4.958333333;6.835619822;1.10E-11
120;5;5;6.826665021;1.10E-11
121;5.041666667;5.041666667;6.851911442;1.11E-11
122;5.083333333;5.083333333;6.877157862;1.12E-11
123;5.125;5.125;6.902404283;1.13E-11
124;5.166666667;5.166666667;6.927650703;1.14E-11
125;5.208333333;5.208333333;6.952897124;1.15E-11
126;5.25;5.25;6.978143544;1.16E-11
127;5.291666667;5.291666667;7.003389965;1.17E-11
128;5.333333333;5.333333333;7.028636385;1.18E-11
129;5.375;5.375;7.053882806;1.19E-11
130;5.416666667;5.416666667;7.079129226;1.20E-11
131;5.458333333;5.458333333;7.104375647;1.21E-11
132;5.5;5.5;7.129622068;1.22E-11
133;5.541666667;5.541666667;7.154868488;1.22E-11
134;5.583333333;5.583333333;7.180114909;1.23E-11
135;5.625;5.625;7.205361329;1.24E-11
136;5.666666667;5.666666667;7.23060775;1.25E-11
137;5.708333333;5.708333333;7.25585417;1.26E-11
138;5.75;5.75;7.281100591;1.27E-11
139;5.791666667;5.791666667;7.306347011;1.28E-11
140;5.833333333;5.833333333;7.331593432;1.29E-11
141;5.875;5.875;7.356839852;1.30E-11
142;5.916666667;5.916666667;7.382086273;1.31E-11
143;5.958333333;5.958333333;7.407332693;1.32E-11
144;6;6;7.432579114;1.33E-11
145;6.041666667;6.041666667;7.453243026;1.34E-11
146;6.083333333;6.083333333;7.473906938;1.35E-11
147;6.125;6.125;7.49457085;1.36E-11
148;6.166666667;6.166666667;7.515234762;1.36E-11
149;6.208333333;6.208333333;7.535898674;1.37E-11
150;6.25;6.25;7.556562586;1.38E-11
151;6.291666667;6.291666667;7.577226498;1.39E-11
152;6.333333333;6.333333333;7.59789041;1.40E-11
153;6.375;6.375;7.618554322;1.41E-11
154;6.416666667;6.416666667;7.639218234;1.41E-11
155;6.458333333;6.458333333;7.659882146;1.42E-11
156;6.5;6.5;7.680546059;1.43E-11
157;6.541666667;6.541666667;7.701209971;1.44E-11
158;6.583333333;6.583333333;7.721873883;1.45E-11
159;6.625;6.625;7.742537795;1.46E-11
160;6.666666667;6.666666667;7.763201707;1.46E-11
161;6.708333333;6.708333333;7.783865619;1.47E-11
162;6.75;6.75;7.804529531;1.48E-11
163;6.791666667;6.791666667;7.825193443;1.49E-11
164;6.833333333;6.833333333;7.845857355;1.50E-11
165;6.875;6.875;7.866521267;1.51E-11
166;6.916666667;6.916666667;7.887185179;1.51E-11
167;6.958333333;6.958333333;7.907849091;1.52E-11
168;7;7;7.928513003;1.53E-11
169;7.041666667;7.041666667;7.929203247;1.53E-11
170;7.083333333;7.083333333;7.929893492;1.53E-11
171;7.125;7.125;7.930583736;1.53E-11
172;7.166666667;7.166666667;7.931273981;1.53E-11
173;7.208333333;7.208333333;7.931964225;1.53E-11
174;7.25;7.25;7.93265447;1.53E-11
175;7.291666667;7.291666667;7.933344714;1.53E-11
176;7.333333333;7.333333333;7.934034958;1.53E-11
177;7.375;7.375;7.934725203;1.53E-11
178;7.416666667;7.416666667;7.935415447;1.53E-11
179;7.458333333;7.458333333;7.936105692;1.53E-11
180;7.5;7.5;7.936795936;1.53E-11
181;7.541666667;7.541666667;7.93748618;1.53E-11
182;7.583333333;7.583333333;7.938176425;1.53E-11
183;7.625;7.625;7.938866669;1.53E-11
184;7.666666667;7.666666667;7.939556914;1.53E-11
185;7.708333333;7.708333333;7.940247158;1.53E-11
186;7.75;7.75;7.940937402;1.53E-11
187;7.791666667;7.791666667;7.941627647;1.53E-11
188;7.833333333;7.833333333;7.942317891;1.53E-11
189;7.875;7.875;7.943008136;1.53E-11
190;7.916666667;7.916666667;7.94369838;1.53E-11
191;7.958333333;7.958333333;7.944388625;1.53E-11
192;8;8;7.945078869;1.53E-11
193;8.041666667;8.041666667;7.929614037;1.52E-11
194;8.083333333;8.083333333;7.914149205;1.52E-11
195;8.125;8.125;7.898684373;1.51E-11
196;8.166666667;8.166666667;7.883219541;1.51E-11
197;8.208333333;8.208333333;7.867754709;1.50E-11
198;8.25;8.25;7.852289877;1.50E-11
199;8.291666667;8.291666667;7.836825045;1.49E-11
200;8.333333333;8.333333333;7.821360213;1.48E-11
201;8.375;8.375;7.805895381;1.48E-11
202;8.416666667;8.416666667;7.790430549;1.47E-11
203;8.458333333;8.458333333;7.774965717;1.47E-11
204;8.5;8.5;7.759500885;1.46E-11
205;8.541666667;8.541666667;7.744036053;1.45E-11
206;8.583333333;8.583333333;7.728571221;1.45E-11
207;8.625;8.625;7.713106389;1.44E-11
208;8.666666667;8.666666667;7.697641557;1.44E-11
209;8.708333333;8.708333333;7.682176725;1.43E-11
210;8.75;8.75;7.666711893;1.43E-11
211;8.791666667;8.791666667;7.651247061;1.42E-11
212;8.833333333;8.833333333;7.635782229;1.41E-11
213;8.875;8.875;7.620317397;1.41E-11
214;8.916666667;8.916666667;7.604852565;1.40E-11
215;8.958333333;8.958333333;7.589387733;1.40E-11
216;9;9;7.573922901;1.39E-11
217;9.041666667;9.041666667;7.555612659;1.38E-11
218;9.083333333;9.083333333;7.537302418;1.38E-11
219;9.125;9.125;7.518992176;1.37E-11
220;9.166666667;9.166666667;7.500681934;1.36E-11
221;9.208333333;9.208333333;7.482371692;1.35E-11
222;9.25;9.25;7.464061451;1.35E-11
223;9.291666667;9.291666667;7.445751209;1.34E-11
224;9.333333333;9.333333333;7.427440967;1.33E-11
225;9.375;9.375;7.409130725;1.33E-11
226;9.416666667;9.416666667;7.390820484;1.32E-11
227;9.458333333;9.458333333;7.372510242;1.31E-11
228;9.5;9.5;7.3542;1.31E-11
229;9.541666667;9.541666667;7.335889758;1.30E-11
230;9.583333333;9.583333333;7.317579517;1.29E-11
231;9.625;9.625;7.299269275;1.28E-11
232;9.666666667;9.666666667;7.280959033;1.28E-11
233;9.708333333;9.708333333;7.262648791;1.27E-11
234;9.75;9.75;7.24433855;1.26E-11
235;9.791666667;9.791666667;7.226028308;1.26E-11
236;9.833333333;9.833333333;7.207718066;1.25E-11
237;9.875;9.875;7.189407824;1.24E-11
238;9.916666667;9.916666667;7.171097583;1.23E-11
239;9.958333333;9.958333333;7.152787341;1.23E-11
240;10;10;7.134477099;1.22E-11
241;10.04166667;10.04166667;7.158172318;1.23E-11
242;10.08333333;10.08333333;7.181867537;1.24E-11
243;10.125;10.125;7.205562756;1.25E-11
244;10.16666667;10.16666667;7.229257975;1.26E-11
245;10.20833333;10.20833333;7.252953195;1.27E-11
246;10.25;10.25;7.276648414;1.28E-11
247;10.29166667;10.29166667;7.300343633;1.28E-11
248;10.33333333;10.33333333;7.324038852;1.29E-11
249;10.375;10.375;7.347734071;1.30E-11
250;10.41666667;10.41666667;7.37142929;1.31E-11
251;10.45833333;10.45833333;7.395124509;1.32E-11
252;10.5;10.5;7.418819729;1.33E-11
253;10.54166667;10.54166667;7.442514948;1.34E-11
254;10.58333333;10.58333333;7.466210167;1.35E-11
255;10.625;10.625;7.489905386;1.36E-11
256;10.66666667;10.66666667;7.513600605;1.37E-11
257;10.70833333;10.70833333;7.537295824;1.38E-11
258;10.75;10.75;7.560991043;1.39E-11
259;10.79166667;10.79166667;7.584686262;1.39E-11
260;10.83333333;10.83333333;7.608381482;1.40E-11
261;10.875;10.875;7.632076701;1.41E-11
262;10.91666667;10.91666667;7.65577192;1.42E-11
263;10.95833333;10.95833333;7.679467139;1.43E-11
264;11;11;7.703162358;1.44E-11
265;11.04166667;11.04166667;7.752767674;1.46E-11
266;11.08333333;11.08333333;7.80237299;1.48E-11
267;11.125;11.125;7.851978306;1.50E-11
268;11.16666667;11.16666667;7.901583622;1.52E-11
269;11.20833333;11.20833333;7.951188937;1.54E-11
270;11.25;11.25;8.000794253;1.56E-11
271;11.29166667;11.29166667;8.050399569;1.57E-11
272;11.33333333;11.33333333;8.100004885;1.59E-11
273;11.375;11.375;8.149610201;1.61E-11
274;11.41666667;11.41666667;8.199215517;1.63E-11
275;11.45833333;11.45833333;8.248820833;1.65E-11
276;11.5;11.5;8.298426148;1.67E-11
277;11.54166667;11.54166667;8.348031464;1.69E-11
278;11.58333333;11.58333333;8.39763678;1.71E-11
279;11.625;11.625;8.447242096;1.73E-11
280;11.66666667;11.66666667;8.496847412;1.75E-11
281;11.70833333;11.70833333;8.546452728;1.77E-11
282;11.75;11.75;8.596058044;1.79E-11
283;11.79166667;11.79166667;8.64566336;1.80E-11
284;11.83333333;11.83333333;8.695268676;1.82E-11
285;11.875;11.875;8.744873991;1.84E-11
286;11.91666667;11.91666667;8.794479307;1.86E-11
287;11.95833333;11.95833333;8.844084623;1.88E-11
288;12;12;8.893689939;1.90E-11
289;12.04166667;12.04166667;8.859089148;1.89E-11
290;12.08333333;12.08333333;8.824488357;1.87E-11
291;12.125;12.125;8.789887566;1.86E-11
292;12.16666667;12.16666667;8.755286776;1.85E-11
293;12.20833333;12.20833333;8.720685985;1.83E-11
294;12.25;12.25;8.686085194;1.82E-11
295;12.29166667;12.29166667;8.651484403;1.81E-11
296;12.33333333;12.33333333;8.616883612;1.79E-11
297;12.375;12.375;8.582282821;1.78E-11
298;12.41666667;12.41666667;8.54768203;1.77E-11
299;12.45833333;12.45833333;8.513081239;1.75E-11
300;12.5;12.5;8.478480449;1.74E-11
301;12.54166667;12.54166667;8.443879658;1.73E-11
302;12.58333333;12.58333333;8.409278867;1.71E-11
303;12.625;12.625;8.374678076;1.70E-11
304;12.66666667;12.66666667;8.340077285;1.69E-11
305;12.70833333;12.70833333;8.305476494;1.67E-11
306;12.75;12.75;8.270875703;1.66E-11
307;12.79166667;12.79166667;8.236274912;1.65E-11
308;12.83333333;12.83333333;8.201674122;1.63E-11
309;12.875;12.875;8.167073331;1.62E-11
310;12.91666667;12.91666667;8.13247254;1.61E-11
311;12.95833333;12.95833333;8.097871749;1.59E-11
312;13;13;8.063270958;1.58E-11
313;13.04166667;13.04166667;8.12128046;1.60E-11
314;13.08333333;13.08333333;8.179289962;1.63E-11
315;13.125;13.125;8.237299463;1.65E-11
316;13.16666667;13.16666667;8.295308965;1.67E-11
317;13.20833333;13.20833333;8.353318467;1.69E-11
318;13.25;13.25;8.411327969;1.72E-11
319;13.29166667;13.29166667;8.46933747;1.74E-11
320;13.33333333;13.33333333;8.527346972;1.76E-11
321;13.375;13.375;8.585356474;1.78E-11
322;13.41666667;13.41666667;8.643365976;1.81E-11
323;13.45833333;13.45833333;8.701375477;1.83E-11
324;13.5;13.5;8.759384979;1.85E-11
325;13.54166667;13.54166667;8.817394481;1.87E-11
326;13.58333333;13.58333333;8.875403983;1.90E-11
327;13.625;13.625;8.933413484;1.92E-11
328;13.66666667;13.66666667;8.991422986;1.94E-11
329;13.70833333;13.70833333;9.049432488;1.96E-11
330;13.75;13.75;9.10744199;1.98E-11
331;13.79166667;13.79166667;9.165451491;2.01E-11
332;13.83333333;13.83333333;9.223460993;2.03E-11
333;13.875;13.875;9.281470495;2.05E-11
334;13.91666667;13.91666667;9.339479997;2.08E-11
335;13.95833333;13.95833333;9.397489498;2.10E-11
336;14;14;9.455499;2.12E-11
337;14.04166667;14.04166667;9.469611933;2.13E-11
338;14.08333333;14.08333333;9.483724866;2.13E-11
339;14.125;14.125;9.497837799;2.14E-11
340;14.16666667;14.16666667;9.511950732;2.14E-11
341;14.20833333;14.20833333;9.526063665;2.15E-11
342;14.25;14.25;9.540176598;2.15E-11
343;14.29166667;14.29166667;9.554289531;2.16E-11
344;14.33333333;14.33333333;9.568402464;2.16E-11
345;14.375;14.375;9.582515397;2.17E-11
346;14.41666667;14.41666667;9.59662833;2.17E-11
347;14.45833333;14.45833333;9.610741263;2.18E-11
348;14.5;14.5;9.624854197;2.19E-11
349;14.54166667;14.54166667;9.63896713;2.19E-11
350;14.58333333;14.58333333;9.653080063;2.20E-11
351;14.625;14.625;9.667192996;2.20E-11
352;14.66666667;14.66666667;9.681305929;2.21E-11
353;14.70833333;14.70833333;9.695418862;2.21E-11
354;14.75;14.75;9.709531795;2.22E-11
355;14.79166667;14.79166667;9.723644728;2.22E-11
356;14.83333333;14.83333333;9.737757661;2.23E-11
357;14.875;14.875;9.751870594;2.23E-11
358;14.91666667;14.91666667;9.765983527;2.24E-11
359;14.95833333;14.95833333;9.78009646;2.24E-11
360;15;15;9.794209393;2.25E-11
361;15.04166667;15.04166667;9.795691977;2.25E-11
362;15.08333333;15.08333333;9.797174562;2.25E-11
363;15.125;15.125;9.798657146;2.25E-11
364;15.16666667;15.16666667;9.80013973;2.25E-11
365;15.20833333;15.20833333;9.801622315;2.25E-11
366;15.25;15.25;9.803104899;2.26E-11
367;15.29166667;15.29166667;9.804587483;2.26E-11
368;15.33333333;15.33333333;9.806070068;2.26E-11
369;15.375;15.375;9.807552652;2.26E-11
370;15.41666667;15.41666667;9.809035236;2.26E-11
371;15.45833333;15.45833333;9.810517821;2.26E-11
372;15.5;15.5;9.812000405;2.26E-11
373;15.54166667;15.54166667;9.813482989;2.26E-11
374;15.58333333;15.58333333;9.814965574;2.26E-11
375;15.625;15.625;9.816448158;2.26E-11
376;15.66666667;15.66666667;9.817930742;2.26E-11
377;15.70833333;15.70833333;9.819413327;2.26E-11
378;15.75;15.75;9.820895911;2.27E-11
379;15.79166667;15.79166667;9.822378495;2.27E-11
380;15.83333333;15.83333333;9.82386108;2.27E-11
381;15.875;15.875;9.825343664;2.27E-11
382;15.91666667;15.91666667;9.826826248;2.27E-11
383;15.95833333;15.95833333;9.828308833;2.27E-11
384;16;16;9.829791417;2.27E-11
385;16.04166667;16.04166667;9.835746273;2.27E-11
386;16.08333333;16.08333333;9.841701129;2.27E-11
387;16.125;16.125;9.847655985;2.28E-11
388;16.16666667;16.16666667;9.85361084;2.28E-11
389;16.20833333;16.20833333;9.859565696;2.28E-11
390;16.25;16.25;9.865520552;2.28E-11
391;16.29166667;16.29166667;9.871475408;2.28E-11
392;16.33333333;16.33333333;9.877430264;2.29E-11
393;16.375;16.375;9.88338512;2.29E-11
394;16.41666667;16.41666667;9.889339975;2.29E-11
395;16.45833333;16.45833333;9.895294831;2.29E-11
396;16.5;16.5;9.901249687;2.30E-11
397;16.54166667;16.54166667;9.907204543;2.30E-11
398;16.58333333;16.58333333;9.913159399;2.30E-11
399;16.625;16.625;9.919114255;2.30E-11
400;16.66666667;16.66666667;9.92506911;2.30E-11
401;16.70833333;16.70833333;9.931023966;2.31E-11
402;16.75;16.75;9.936978822;2.31E-11
403;16.79166667;16.79166667;9.942933678;2.31E-11
404;16.83333333;16.83333333;9.948888534;2.31E-11
405;16.875;16.875;9.95484339;2.31E-11
406;16.91666667;16.91666667;9.960798245;2.32E-11
407;16.95833333;16.95833333;9.966753101;2.32E-11
408;17;17;9.972707957;2.32E-11
409;17.04166667;17.04166667;9.948350783;2.31E-11
410;17.08333333;17.08333333;9.923993609;2.30E-11
411;17.125;17.125;9.899636435;2.29E-11
412;17.16666667;17.16666667;9.875279261;2.28E-11
413;17.20833333;17.20833333;9.850922087;2.27E-11
414;17.25;17.25;9.826564913;2.27E-11
415;17.29166667;17.29166667;9.802207739;2.26E-11
416;17.33333333;17.33333333;9.777850565;2.25E-11
417;17.375;17.375;9.753493391;2.24E-11
418;17.41666667;17.41666667;9.729136217;2.23E-11
419;17.45833333;17.45833333;9.704779043;2.22E-11
420;17.5;17.5;9.680421869;2.21E-11
421;17.54166667;17.54166667;9.656064694;2.20E-11
422;17.58333333;17.58333333;9.63170752;2.19E-11
423;17.625;17.625;9.607350346;2.18E-11
424;17.66666667;17.66666667;9.582993172;2.17E-11
425;17.70833333;17.70833333;9.558635998;2.16E-11
426;17.75;17.75;9.534278824;2.16E-11
427;17.79166667;17.79166667;9.50992165;2.15E-11
428;17.83333333;17.83333333;9.485564476;2.14E-11
429;17.875;17.875;9.461207302;2.13E-11
430;17.91666667;17.91666667;9.436850128;2.12E-11
431;17.95833333;17.95833333;9.412492954;2.11E-11
432;18;18;9.38813578;2.10E-11
433;18.04166667;18.04166667;9.374330519;2.09E-11
434;18.08333333;18.08333333;9.360525259;2.09E-11
435;18.125;18.125;9.346719998;2.08E-11
436;18.16666667;18.16666667;9.332914738;2.08E-11
437;18.20833333;18.20833333;9.319109477;2.07E-11
438;18.25;18.25;9.305304217;2.07E-11
439;18.29166667;18.29166667;9.291498956;2.06E-11
440;18.33333333;18.33333333;9.277693696;2.06E-11
441;18.375;18.375;9.263888435;2.05E-11
442;18.41666667;18.41666667;9.250083175;2.05E-11
443;18.45833333;18.45833333;9.236277914;2.04E-11
444;18.5;18.5;9.222472654;2.04E-11
445;18.54166667;18.54166667;9.208667393;2.03E-11
446;18.58333333;18.58333333;9.194862132;2.02E-11
447;18.625;18.625;9.181056872;2.02E-11
448;18.66666667;18.66666667;9.167251611;2.01E-11
449;18.70833333;18.70833333;9.153446351;2.01E-11
450;18.75;18.75;9.13964109;2.00E-11
451;18.79166667;18.79166667;9.12583583;2.00E-11
452;18.83333333;18.83333333;9.112030569;1.99E-11
453;18.875;18.875;9.098225309;1.99E-11
454;18.91666667;18.91666667;9.084420048;1.98E-11
455;18.95833333;18.95833333;9.070614788;1.98E-11
456;19;19;9.056809527;1.97E-11
457;19.04166667;19.04166667;9.036499765;1.96E-11
458;19.08333333;19.08333333;9.016190002;1.95E-11
459;19.125;19.125;8.99588024;1.95E-11
460;19.16666667;19.16666667;8.975570478;1.94E-11
461;19.20833333;19.20833333;8.955260715;1.93E-11
462;19.25;19.25;8.934950953;1.92E-11
463;19.29166667;19.29166667;8.91464119;1.91E-11
464;19.33333333;19.33333333;8.894331428;1.91E-11
465;19.375;19.375;8.874021666;1.90E-11
466;19.41666667;19.41666667;8.853711903;1.89E-11
467;19.45833333;19.45833333;8.833402141;1.88E-11
468;19.5;19.5;8.813092379;1.88E-11
469;19.54166667;19.54166667;8.792782616;1.87E-11
470;19.58333333;19.58333333;8.772472854;1.86E-11
471;19.625;19.625;8.752163091;1.85E-11
472;19.66666667;19.66666667;8.731853329;1.84E-11
473;19.70833333;19.70833333;8.711543567;1.84E-11
474;19.75;19.75;8.691233804;1.83E-11
475;19.79166667;19.79166667;8.670924042;1.82E-11
476;19.83333333;19.83333333;8.65061428;1.81E-11
477;19.875;19.875;8.630304517;1.80E-11
478;19.91666667;19.91666667;8.609994755;1.80E-11
479;19.95833333;19.95833333;8.589684992;1.79E-11
480;20;20;8.56937523;1.78E-11
481;20.04166667;20.04166667;8.540893713;1.77E-11
482;20.08333333;20.08333333;8.512412195;1.76E-11
483;20.125;20.125;8.483930678;1.75E-11
484;20.16666667;20.16666667;8.455449161;1.74E-11
485;20.20833333;20.20833333;8.426967643;1.72E-11
486;20.25;20.25;8.398486126;1.71E-11
487;20.29166667;20.29166667;8.370004608;1.70E-11
488;20.33333333;20.33333333;8.341523091;1.69E-11
489;20.375;20.375;8.313041574;1.68E-11
490;20.41666667;20.41666667;8.284560056;1.67E-11
491;20.45833333;20.45833333;8.256078539;1.66E-11
492;20.5;20.5;8.227597022;1.65E-11
493;20.54166667;20.54166667;8.199115504;1.63E-11
494;20.58333333;20.58333333;8.170633987;1.62E-11
495;20.625;20.625;8.142152469;1.61E-11
496;20.66666667;20.66666667;8.113670952;1.60E-11
497;20.70833333;20.70833333;8.085189435;1.59E-11
498;20.75;20.75;8.056707917;1.58E-11
499;20.79166667;20.79166667;8.0282264;1.57E-11
500;20.83333333;20.83333333;7.999744883;1.56E-11
501;20.875;20.875;7.971263365;1.54E-11
502;20.91666667;20.91666667;7.942781848;1.53E-11
503;20.95833333;20.95833333;7.91430033;1.52E-11
504;21;21;7.885818813;1.51E-11
505;21.04166667;21.04166667;7.859654908;1.50E-11
506;21.08333333;21.08333333;7.833491003;1.49E-11
507;21.125;21.125;7.807327098;1.48E-11
508;21.16666667;21.16666667;7.781163193;1.47E-11
509;21.20833333;21.20833333;7.754999288;1.46E-11
510;21.25;21.25;7.728835384;1.45E-11
511;21.29166667;21.29166667;7.702671479;1.44E-11
512;21.33333333;21.33333333;7.676507574;1.43E-11
513;21.375;21.375;7.650343669;1.42E-11
514;21.41666667;21.41666667;7.624179764;1.41E-11
515;21.45833333;21.45833333;7.598015859;1.40E-11
516;21.5;21.5;7.571851954;1.39E-11
517;21.54166667;21.54166667;7.545688049;1.38E-11
518;21.58333333;21.58333333;7.519524144;1.37E-11
519;21.625;21.625;7.493360239;1.36E-11
520;21.66666667;21.66666667;7.467196334;1.35E-11
521;21.70833333;21.70833333;7.441032429;1.34E-11
522;21.75;21.75;7.414868525;1.33E-11
523;21.79166667;21.79166667;7.38870462;1.32E-11
524;21.83333333;21.83333333;7.362540715;1.31E-11
525;21.875;21.875;7.33637681;1.30E-11
526;21.91666667;21.91666667;7.310212905;1.29E-11
527;21.95833333;21.95833333;7.284049;1.28E-11
528;22;22;7.257885095;1.27E-11
529;22.04166667;22.04166667;7.246286996;1.27E-11
530;22.08333333;22.08333333;7.234688896;1.26E-11
531;22.125;22.125;7.223090797;1.26E-11
532;22.16666667;22.16666667;7.211492697;1.25E-11
533;22.20833333;22.20833333;7.199894598;1.25E-11
534;22.25;22.25;7.188296498;1.24E-11
535;22.29166667;22.29166667;7.176698399;1.24E-11
536;22.33333333;22.33333333;7.165100299;1.23E-11
537;22.375;22.375;7.1535022;1.23E-11
538;22.41666667;22.41666667;7.1419041;1.22E-11
539;22.45833333;22.45833333;7.130306001;1.22E-11
540;22.5;22.5;7.118707901;1.22E-11
541;22.54166667;22.54166667;7.107109802;1.21E-11
542;22.58333333;22.58333333;7.095511702;1.21E-11
543;22.625;22.625;7.083913603;1.20E-11
544;22.66666667;22.66666667;7.072315503;1.20E-11
545;22.70833333;22.70833333;7.060717404;1.19E-11
546;22.75;22.75;7.049119304;1.19E-11
547;22.79166667;22.79166667;7.037521205;1.18E-11
548;22.83333333;22.83333333;7.025923105;1.18E-11
549;22.875;22.875;7.014325006;1.17E-11
550;22.91666667;22.91666667;7.002726906;1.17E-11
551;22.95833333;22.95833333;6.991128807;1.16E-11
552;23;23;6.979530707;1.16E-11
553;23.04166667;23.04166667;6.964065875;1.15E-11
554;23.08333333;23.08333333;6.948601043;1.15E-11
555;23.125;23.125;6.933136211;1.14E-11
556;23.16666667;23.16666667;6.917671379;1.14E-11
557;23.20833333;23.20833333;6.902206547;1.13E-11
558;23.25;23.25;6.886741715;1.12E-11
559;23.29166667;23.29166667;6.871276883;1.12E-11
560;23.33333333;23.33333333;6.855812051;1.11E-11
561;23.375;23.375;6.840347219;1.10E-11
562;23.41666667;23.41666667;6.824882387;1.10E-11
563;23.45833333;23.45833333;6.809417555;1.09E-11
564;23.5;23.5;6.793952723;1.09E-11
565;23.54166667;23.54166667;6.778487891;1.08E-11
566;23.58333333;23.58333333;6.763023059;1.07E-11
567;23.625;23.625;6.747558227;1.07E-11
568;23.66666667;23.66666667;6.732093395;1.06E-11
569;23.70833333;23.70833333;6.716628563;1.05E-11
570;23.75;23.75;6.701163731;1.05E-11
571;23.79166667;23.79166667;6.685698899;1.04E-11
572;23.83333333;23.83333333;6.670234067;1.04E-11
573;23.875;23.875;6.654769235;1.03E-11
574;23.91666667;23.91666667;6.639304403;1.02E-11
575;23.95833333;23.95833333;6.623839571;1.02E-11
576;24;24;6.608374739;1.01E-11
577;24.04166667;24.04166667;6.629138888;1.02E-11
578;24.08333333;24.08333333;6.649903038;1.03E-11
579;24.125;24.125;6.670667187;1.04E-11
580;24.16666667;24.16666667;6.691431337;1.04E-11
581;24.20833333;24.20833333;6.712195486;1.05E-11
582;24.25;24.25;6.732959636;1.06E-11
583;24.29166667;24.29166667;6.753723785;1.07E-11
584;24.33333333;24.33333333;6.774487934;1.08E-11
585;24.375;24.375;6.795252084;1.09E-11
586;24.41666667;24.41666667;6.816016233;1.09E-11
587;24.45833333;24.45833333;6.836780383;1.10E-11
588;24.5;24.5;6.857544532;1.11E-11
589;24.54166667;24.54166667;6.878308681;1.12E-11
590;24.58333333;24.58333333;6.899072831;1.13E-11
591;24.625;24.625;6.91983698;1.14E-11
592;24.66666667;24.66666667;6.94060113;1.14E-11
593;24.70833333;24.70833333;6.961365279;1.15E-11
594;24.75;24.75;6.982129429;1.16E-11
595;24.79166667;24.79166667;7.002893578;1.17E-11
596;24.83333333;24.83333333;7.023657727;1.18E-11
597;24.875;24.875;7.044421877;1.19E-11
598;24.91666667;24.91666667;7.065186026;1.19E-11
599;24.95833333;24.95833333;7.085950176;1.20E-11
600;25;25;7.106714325;1.21E-11
601;25.04166667;25.04166667;7.142290924;1.22E-11
602;25.08333333;25.08333333;7.177867524;1.24E-11
603;25.125;25.125;7.213444123;1.25E-11
604;25.16666667;25.16666667;7.249020722;1.27E-11
605;25.20833333;25.20833333;7.284597321;1.28E-11
606;25.25;25.25;7.320173921;1.29E-11
607;25.29166667;25.29166667;7.35575052;1.31E-11
608;25.33333333;25.33333333;7.391327119;1.32E-11
609;25.375;25.375;7.426903718;1.33E-11
610;25.41666667;25.41666667;7.462480318;1.35E-11
611;25.45833333;25.45833333;7.498056917;1.36E-11
612;25.5;25.5;7.533633516;1.38E-11
613;25.54166667;25.54166667;7.569210115;1.39E-11
614;25.58333333;25.58333333;7.604786715;1.40E-11
615;25.625;25.625;7.640363314;1.42E-11
616;25.66666667;25.66666667;7.675939913;1.43E-11
617;25.70833333;25.70833333;7.711516512;1.44E-11
618;25.75;25.75;7.747093112;1.46E-11
619;25.79166667;25.79166667;7.782669711;1.47E-11
620;25.83333333;25.83333333;7.81824631;1.49E-11
621;25.875;25.875;7.853822909;1.50E-11
622;25.91666667;25.91666667;7.889399508;1.51E-11
623;25.95833333;25.95833333;7.924976108;1.53E-11
624;26;26;7.960552707;1.54E-11
625;26.04166667;26.04166667;7.996183134;1.55E-11
626;26.08333333;26.08333333;8.031813562;1.57E-11
627;26.125;26.125;8.067443989;1.58E-11
628;26.16666667;26.16666667;8.103074417;1.60E-11
629;26.20833333;26.20833333;8.138704844;1.61E-11
630;26.25;26.25;8.174335272;1.62E-11
631;26.29166667;26.29166667;8.209965699;1.64E-11
632;26.33333333;26.33333333;8.245596127;1.65E-11
633;26.375;26.375;8.281226554;1.66E-11
634;26.41666667;26.41666667;8.316856982;1.68E-11
635;26.45833333;26.45833333;8.352487409;1.69E-11
636;26.5;26.5;8.388117837;1.71E-11
637;26.54166667;26.54166667;8.423748264;1.72E-11
638;26.58333333;26.58333333;8.459378691;1.73E-11
639;26.625;26.625;8.495009119;1.75E-11
640;26.66666667;26.66666667;8.530639546;1.76E-11
641;26.70833333;26.70833333;8.566269974;1.77E-11
642;26.75;26.75;8.601900401;1.79E-11
643;26.79166667;26.79166667;8.637530829;1.80E-11
644;26.83333333;26.83333333;8.673161256;1.82E-11
645;26.875;26.875;8.708791684;1.83E-11
646;26.91666667;26.91666667;8.744422111;1.84E-11
647;26.95833333;26.95833333;8.780052539;1.86E-11
648;27;27;8.815682966;1.87E-11
649;27.04166667;27.04166667;8.87099954;1.89E-11
650;27.08333333;27.08333333;8.926316114;1.91E-11
651;27.125;27.125;8.981632688;1.94E-11
652;27.16666667;27.16666667;9.036949262;1.96E-11
653;27.20833333;27.20833333;9.092265836;1.98E-11
654;27.25;27.25;9.14758241;2.00E-11
655;27.29166667;27.29166667;9.202898983;2.02E-11
656;27.33333333;27.33333333;9.258215557;2.04E-11
657;27.375;27.375;9.313532131;2.07E-11
658;27.41666667;27.41666667;9.368848705;2.09E-11
659;27.45833333;27.45833333;9.424165279;2.11E-11
660;27.5;27.5;9.479481853;2.13E-11
661;27.54166667;27.54166667;9.534798427;2.15E-11
662;27.58333333;27.58333333;9.590115001;2.17E-11
663;27.625;27.625;9.645431575;2.20E-11
664;27.66666667;27.66666667;9.700748149;2.22E-11
665;27.70833333;27.70833333;9.756064723;2.24E-11
666;27.75;27.75;9.811381297;2.26E-11
667;27.79166667;27.79166667;9.86669787;2.28E-11
668;27.83333333;27.83333333;9.922014444;2.30E-11
669;27.875;27.875;9.977331018;2.33E-11
670;27.91666667;27.91666667;10.03264759;2.35E-11
671;27.95833333;27.95833333;10.08796417;2.37E-11
672;28;28;10.14328074;2.39E-11
673;28.04166667;28.04166667;10.1565795;2.40E-11
674;28.08333333;28.08333333;10.16987826;2.40E-11
675;28.125;28.125;10.18317702;2.41E-11
676;28.16666667;28.16666667;10.19647578;2.41E-11
677;28.20833333;28.20833333;10.20977454;2.42E-11
678;28.25;28.25;10.2230733;2.42E-11
679;28.29166667;28.29166667;10.23637206;2.43E-11
680;28.33333333;28.33333333;10.24967082;2.43E-11
681;28.375;28.375;10.26296958;2.44E-11
682;28.41666667;28.41666667;10.27626834;2.44E-11
683;28.45833333;28.45833333;10.2895671;2.45E-11
684;28.5;28.5;10.30286586;2.45E-11
685;28.54166667;28.54166667;10.31616462;2.46E-11
686;28.58333333;28.58333333;10.32946338;2.46E-11
687;28.625;28.625;10.34276214;2.47E-11
688;28.66666667;28.66666667;10.3560609;2.47E-11
689;28.70833333;28.70833333;10.36935966;2.48E-11
690;28.75;28.75;10.38265842;2.48E-11
691;28.79166667;28.79166667;10.39595718;2.49E-11
692;28.83333333;28.83333333;10.40925594;2.49E-11
693;28.875;28.875;10.4225547;2.50E-11
694;28.91666667;28.91666667;10.43585346;2.50E-11
695;28.95833333;28.95833333;10.44915222;2.51E-11
696;29;29;10.46245098;2.51E-11
697;29.04166667;29.04166667;10.42685647;2.50E-11
698;29.08333333;29.08333333;10.39126195;2.48E-11
699;29.125;29.125;10.35566744;2.47E-11
700;29.16666667;29.16666667;10.32007293;2.46E-11
701;29.20833333;29.20833333;10.28447842;2.44E-11
702;29.25;29.25;10.2488839;2.43E-11
703;29.29166667;29.29166667;10.21328939;2.41E-11
704;29.33333333;29.33333333;10.17769488;2.40E-11
705;29.375;29.375;10.14210036;2.39E-11
706;29.41666667;29.41666667;10.10650585;2.37E-11
707;29.45833333;29.45833333;10.07091134;2.36E-11
708;29.5;29.5;10.03531683;2.35E-11
709;29.54166667;29.54166667;9.999722313;2.33E-11
710;29.58333333;29.58333333;9.9641278;2.32E-11
711;29.625;29.625;9.928533288;2.30E-11
712;29.66666667;29.66666667;9.892938775;2.29E-11
713;29.70833333;29.70833333;9.857344262;2.28E-11
714;29.75;29.75;9.821749749;2.26E-11
715;29.79166667;29.79166667;9.786155236;2.25E-11
716;29.83333333;29.83333333;9.750560723;2.24E-11
717;29.875;29.875;9.714966211;2.22E-11
718;29.91666667;29.91666667;9.679371698;2.21E-11
719;29.95833333;29.95833333;9.643777185;2.19E-11
720;30;30;9.608182672;2.18E-11
721;30.04166667;30.04166667;9.571477792;2.17E-11
722;30.08333333;30.08333333;9.534772912;2.15E-11
723;30.125;30.125;9.498068033;2.14E-11
724;30.16666667;30.16666667;9.461363153;2.12E-11
725;30.20833333;30.20833333;9.424658273;2.11E-11
726;30.25;30.25;9.387953393;2.10E-11
727;30.29166667;30.29166667;9.351248513;2.08E-11
728;30.33333333;30.33333333;9.314543634;2.07E-11
729;30.375;30.375;9.277838754;2.05E-11
730;30.41666667;30.41666667;9.241133874;2.04E-11
731;30.45833333;30.45833333;9.204428994;2.02E-11
732;30.5;30.5;9.167724115;2.01E-11
733;30.54166667;30.54166667;9.131019235;2.00E-11
734;30.58333333;30.58333333;9.094314355;1.98E-11
735;30.625;30.625;9.057609475;1.97E-11
736;30.66666667;30.66666667;9.020904595;1.95E-11
737;30.70833333;30.70833333;8.984199716;1.94E-11
738;30.75;30.75;8.947494836;1.92E-11
739;30.79166667;30.79166667;8.910789956;1.91E-11
740;30.83333333;30.83333333;8.874085076;1.90E-11
741;30.875;30.875;8.837380196;1.88E-11
742;30.91666667;30.91666667;8.800675317;1.87E-11
743;30.95833333;30.95833333;8.763970437;1.85E-11
744;31;31;8.727265557;1.84E-11
745;31.04166667;31.04166667;8.684943996;1.82E-11
746;31.08333333;31.08333333;8.642622435;1.81E-11
747;31.125;31.125;8.600300875;1.79E-11
748;31.16666667;31.16666667;8.557979314;1.78E-11
749;31.20833333;31.20833333;8.515657753;1.76E-11
750;31.25;31.25;8.473336192;1.74E-11
751;31.29166667;31.29166667;8.431014631;1.73E-11
752;31.33333333;31.33333333;8.388693071;1.71E-11
753;31.375;31.375;8.34637151;1.69E-11
754;31.41666667;31.41666667;8.304049949;1.68E-11
755;31.45833333;31.45833333;8.261728388;1.66E-11
756;31.5;31.5;8.219406828;1.65E-11
757;31.54166667;31.54166667;8.177085267;1.63E-11
758;31.58333333;31.58333333;8.134763706;1.61E-11
759;31.625;31.625;8.092442145;1.60E-11
760;31.66666667;31.66666667;8.050120584;1.58E-11
761;31.70833333;31.70833333;8.007799024;1.56E-11
762;31.75;31.75;7.965477463;1.55E-11
763;31.79166667;31.79166667;7.923155902;1.53E-11
764;31.83333333;31.83333333;7.880834341;1.52E-11
765;31.875;31.875;7.83851278;1.50E-11
766;31.91666667;31.91666667;7.79619122;1.48E-11
767;31.95833333;31.95833333;7.753869659;1.47E-11
768;32;32;7.711548098;1.45E-11
769;32.04166667;32.04166667;7.651144545;1.43E-11
770;32.08333333;32.08333333;7.590740991;1.40E-11
771;32.125;32.125;7.530337438;1.38E-11
772;32.16666667;32.16666667;7.469933884;1.36E-11
773;32.20833333;32.20833333;7.409530331;1.33E-11
774;32.25;32.25;7.349126777;1.31E-11
775;32.29166667;32.29166667;7.288723224;1.28E-11
776;32.33333333;32.33333333;7.228319671;1.26E-11
777;32.375;32.375;7.167916117;1.24E-11
778;32.41666667;32.41666667;7.107512564;1.21E-11
779;32.45833333;32.45833333;7.04710901;1.19E-11
780;32.5;32.5;6.986705457;1.17E-11
781;32.54166667;32.54166667;6.926301904;1.14E-11
782;32.58333333;32.58333333;6.86589835;1.12E-11
783;32.625;32.625;6.805494797;1.10E-11
784;32.66666667;32.66666667;6.745091243;1.07E-11
785;32.70833333;32.70833333;6.68468769;1.05E-11
786;32.75;32.75;6.624284137;1.03E-11
787;32.79166667;32.79166667;6.563880583;1.00E-11
788;32.83333333;32.83333333;6.50347703;9.78E-12
789;32.875;32.875;6.443073476;9.55E-12
790;32.91666667;32.91666667;6.382669923;9.31E-12
791;32.95833333;32.95833333;6.322266369;9.08E-12
792;33;33;6.261862816;8.84E-12
793;33.04166667;33.04166667;6.298105976;8.98E-12
794;33.08333333;33.08333333;6.334349136;9.12E-12
795;33.125;33.125;6.370592295;9.26E-12
796;33.16666667;33.16666667;6.406835455;9.40E-12
797;33.20833333;33.20833333;6.443078615;9.54E-12
798;33.25;33.25;6.479321775;9.68E-12
799;33.29166667;33.29166667;6.515564934;9.82E-12
800;33.33333333;33.33333333;6.551808094;9.96E-12
801;33.375;33.375;6.588051254;1.01E-11
802;33.41666667;33.41666667;6.624294413;1.02E-11
803;33.45833333;33.45833333;6.660537573;1.04E-11
804;33.5;33.5;6.696780733;1.05E-11
805;33.54166667;33.54166667;6.733023893;1.07E-11
806;33.58333333;33.58333333;6.769267053;1.08E-11
807;33.625;33.625;6.805510212;1.09E-11
808;33.66666667;33.66666667;6.841753372;1.11E-11
809;33.70833333;33.70833333;6.877996532;1.12E-11
810;33.75;33.75;6.914239692;1.14E-11
811;33.79166667;33.79166667;6.950482851;1.15E-11
812;33.83333333;33.83333333;6.986726011;1.16E-11
813;33.875;33.875;7.022969171;1.18E-11
814;33.91666667;33.91666667;7.05921233;1.19E-11
815;33.95833333;33.95833333;7.09545549;1.21E-11
816;34;34;7.13169865;1.22E-11
817;34.04166667;34.04166667;7.143216377;1.23E-11
818;34.08333333;34.08333333;7.154734103;1.23E-11
819;34.125;34.125;7.16625183;1.24E-11
820;34.16666667;34.16666667;7.177769557;1.24E-11
821;34.20833333;34.20833333;7.189287283;1.25E-11
822;34.25;34.25;7.20080501;1.25E-11
823;34.29166667;34.29166667;7.212322737;1.26E-11
824;34.33333333;34.33333333;7.223840463;1.26E-11
825;34.375;34.375;7.23535819;1.27E-11
826;34.41666667;34.41666667;7.246875917;1.27E-11
827;34.45833333;34.45833333;7.258393643;1.28E-11
828;34.5;34.5;7.26991137;1.28E-11
829;34.54166667;34.54166667;7.281429097;1.29E-11
830;34.58333333;34.58333333;7.292946823;1.29E-11
831;34.625;34.625;7.30446455;1.30E-11
832;34.66666667;34.66666667;7.315982277;1.30E-11
833;34.70833333;34.70833333;7.327500003;1.31E-11
834;34.75;34.75;7.33901773;1.31E-11
835;34.79166667;34.79166667;7.350535457;1.32E-11
836;34.83333333;34.83333333;7.362053183;1.32E-11
837;34.875;34.875;7.37357091;1.33E-11
838;34.91666667;34.91666667;7.385088637;1.33E-11
839;34.95833333;34.95833333;7.396606363;1.34E-11
840;35;35;7.40812409;1.34E-11
841;35.04166667;35.04166667;7.39283171;1.33E-11
842;35.08333333;35.08333333;7.377539331;1.33E-11
843;35.125;35.125;7.362246951;1.32E-11
844;35.16666667;35.16666667;7.346954571;1.32E-11
845;35.20833333;35.20833333;7.331662191;1.31E-11
846;35.25;35.25;7.316369812;1.31E-11
847;35.29166667;35.29166667;7.301077432;1.30E-11
848;35.33333333;35.33333333;7.285785052;1.29E-11
849;35.375;35.375;7.270492672;1.29E-11
850;35.41666667;35.41666667;7.255200293;1.28E-11
851;35.45833333;35.45833333;7.239907913;1.28E-11
852;35.5;35.5;7.224615533;1.27E-11
853;35.54166667;35.54166667;7.209323153;1.26E-11
854;35.58333333;35.58333333;7.194030774;1.26E-11
855;35.625;35.625;7.178738394;1.25E-11
856;35.66666667;35.66666667;7.163446014;1.25E-11
857;35.70833333;35.70833333;7.148153634;1.24E-11
858;35.75;35.75;7.132861255;1.24E-11
859;35.79166667;35.79166667;7.117568875;1.23E-11
860;35.83333333;35.83333333;7.102276495;1.22E-11
861;35.875;35.875;7.086984115;1.22E-11
862;35.91666667;35.91666667;7.071691736;1.21E-11
863;35.95833333;35.95833333;7.056399356;1.21E-11
864;36;36;7.041106976;1.20E-11
865;36.04166667;36.04166667;7.032038319;1.20E-11
866;36.08333333;36.08333333;7.022969662;1.19E-11
867;36.125;36.125;7.013901005;1.19E-11
868;36.16666667;36.16666667;7.004832348;1.19E-11
869;36.20833333;36.20833333;6.99576369;1.19E-11
870;36.25;36.25;6.986695033;1.18E-11
871;36.29166667;36.29166667;6.977626376;1.18E-11
872;36.33333333;36.33333333;6.968557719;1.18E-11
873;36.375;36.375;6.959489062;1.17E-11
874;36.41666667;36.41666667;6.950420405;1.17E-11
875;36.45833333;36.45833333;6.941351748;1.17E-11
876;36.5;36.5;6.932283091;1.17E-11
877;36.54166667;36.54166667;6.923214433;1.16E-11
878;36.58333333;36.58333333;6.914145776;1.16E-11
879;36.625;36.625;6.905077119;1.16E-11
880;36.66666667;36.66666667;6.896008462;1.15E-11
881;36.70833333;36.70833333;6.886939805;1.15E-11
882;36.75;36.75;6.877871148;1.15E-11
883;36.79166667;36.79166667;6.868802491;1.14E-11
884;36.83333333;36.83333333;6.859733834;1.14E-11
885;36.875;36.875;6.850665176;1.14E-11
886;36.91666667;36.91666667;6.841596519;1.14E-11
887;36.95833333;36.95833333;6.832527862;1.13E-11
888;37;37;6.823459205;1.13E-11
889;37.04166667;37.04166667;7.017615749;1.21E-11
890;37.08333333;37.08333333;7.211772294;1.28E-11
891;37.125;37.125;7.405928838;1.36E-11
892;37.16666667;37.16666667;7.600085383;1.44E-11
893;37.20833333;37.20833333;7.794241927;1.51E-11
894;37.25;37.25;7.988398471;1.59E-11
895;37.29166667;37.29166667;8.182555016;1.66E-11
896;37.33333333;37.33333333;8.37671156;1.74E-11
897;37.375;37.375;8.570868104;1.82E-11
898;37.41666667;37.41666667;8.765024649;1.89E-11
899;37.45833333;37.45833333;8.959181193;1.97E-11
900;37.5;37.5;9.153337738;2.04E-11
901;37.54166667;37.54166667;9.347494282;2.12E-11
902;37.58333333;37.58333333;9.541650826;2.20E-11
903;37.625;37.625;9.735807371;2.27E-11
904;37.66666667;37.66666667;9.929963915;2.35E-11
905;37.70833333;37.70833333;10.12412046;2.43E-11
906;37.75;37.75;10.318277;2.50E-11
907;37.79166667;37.79166667;10.51243355;2.58E-11
908;37.83333333;37.83333333;10.70659009;2.66E-11
909;37.875;37.875;10.90074664;2.73E-11
910;37.91666667;37.91666667;11.09490318;2.81E-11
911;37.95833333;37.95833333;11.28905973;2.88E-11
912;38;38;11.48321627;2.96E-11
913;38.04166667;38.04166667;11.31063583;2.89E-11
914;38.08333333;38.08333333;11.13805539;2.83E-11
915;38.125;38.125;10.96547496;2.76E-11
916;38.16666667;38.16666667;10.79289452;2.70E-11
917;38.20833333;38.20833333;10.62031408;2.63E-11
918;38.25;38.25;10.44773364;2.56E-11
919;38.29166667;38.29166667;10.2751532;2.50E-11
920;38.33333333;38.33333333;10.10257276;2.43E-11
921;38.375;38.375;9.929992326;2.36E-11
922;38.41666667;38.41666667;9.757411888;2.30E-11
923;38.45833333;38.45833333;9.584831449;2.23E-11
924;38.5;38.5;9.412251011;2.17E-11
925;38.54166667;38.54166667;9.239670573;2.10E-11
926;38.58333333;38.58333333;9.067090134;2.03E-11
927;38.625;38.625;8.894509696;1.97E-11
928;38.66666667;38.66666667;8.721929258;1.90E-11
929;38.70833333;38.70833333;8.54934882;1.83E-11
930;38.75;38.75;8.376768382;1.77E-11
931;38.79166667;38.79166667;8.204187943;1.70E-11
932;38.83333333;38.83333333;8.031607505;1.64E-11
933;38.875;38.875;7.859027067;1.57E-11
934;38.91666667;38.91666667;7.686446629;1.50E-11
935;38.95833333;38.95833333;7.51386619;1.44E-11
936;39;39;7.341285752;1.37E-11
937;39.04166667;39.04166667;7.370096887;1.38E-11
938;39.08333333;39.08333333;7.398908023;1.40E-11
939;39.125;39.125;7.427719158;1.41E-11
940;39.16666667;39.16666667;7.456530294;1.42E-11
941;39.20833333;39.20833333;7.485341429;1.43E-11
942;39.25;39.25;7.514152565;1.45E-11
943;39.29166667;39.29166667;7.5429637;1.46E-11
944;39.33333333;39.33333333;7.571774836;1.47E-11
945;39.375;39.375;7.600585971;1.49E-11
946;39.41666667;39.41666667;7.629397107;1.50E-11
947;39.45833333;39.45833333;7.658208242;1.51E-11
948;39.5;39.5;7.687019378;1.53E-11
949;39.54166667;39.54166667;7.715830513;1.54E-11
950;39.58333333;39.58333333;7.744641648;1.55E-11
951;39.625;39.625;7.773452784;1.56E-11
952;39.66666667;39.66666667;7.802263919;1.58E-11
953;39.70833333;39.70833333;7.831075055;1.59E-11
954;39.75;39.75;7.85988619;1.60E-11
955;39.79166667;39.79166667;7.888697326;1.62E-11
956;39.83333333;39.83333333;7.917508461;1.63E-11
957;39.875;39.875;7.946319597;1.64E-11
958;39.91666667;39.91666667;7.975130732;1.65E-11
959;39.95833333;39.95833333;8.003941868;1.67E-11
960;40;40;8.032753003;1.68E-11
961;40.04166667;40.04166667;8.061564138;1.69E-11
962;40.08333333;40.08333333;8.090375274;1.71E-11
963;40.125;40.125;8.119186409;1.72E-11
964;40.16666667;40.16666667;8.147997545;1.74E-11
965;40.20833333;40.20833333;8.17680868;1.75E-11
966;40.25;40.25;8.205619816;1.76E-11
967;40.29166667;40.29166667;8.234430951;1.78E-11
968;40.33333333;40.33333333;8.263242086;1.79E-11
969;40.375;40.375;8.292053222;1.80E-11
970;40.41666667;40.41666667;8.320864357;1.82E-11
971;40.45833333;40.45833333;8.349675493;1.83E-11
972;40.5;40.5;8.378486628;1.84E-11
973;40.54166667;40.54166667;8.407297763;1.86E-11
974;40.58333333;40.58333333;8.436108899;1.87E-11
975;40.625;40.625;8.464920034;1.89E-11
976;40.66666667;40.66666667;8.49373117;1.90E-11
977;40.70833333;40.70833333;8.522542305;1.91E-11
978;40.75;40.75;8.551353441;1.93E-11
979;40.79166667;40.79166667;8.580164576;1.94E-11
980;40.83333333;40.83333333;8.608975711;1.96E-11
981;40.875;40.875;8.637786847;1.97E-11
982;40.91666667;40.91666667;8.666597982;1.98E-11
983;40.95833333;40.95833333;8.695409118;2.00E-11
984;41;41;8.724220253;2.01E-11
985;41.04166667;41.04166667;8.728710209;2.02E-11
986;41.08333333;41.08333333;8.733200166;2.02E-11
987;41.125;41.125;8.737690122;2.03E-11
988;41.16666667;41.16666667;8.742180078;2.03E-11
989;41.20833333;41.20833333;8.746670035;2.04E-11
990;41.25;41.25;8.751159991;2.04E-11
991;41.29166667;41.29166667;8.755649947;2.05E-11
992;41.33333333;41.33333333;8.760139904;2.05E-11
993;41.375;41.375;8.76462986;2.06E-11
994;41.41666667;41.41666667;8.769119816;2.06E-11
995;41.45833333;41.45833333;8.773609773;2.07E-11
996;41.5;41.5;8.778099729;2.07E-11
997;41.54166667;41.54166667;8.782589685;2.08E-11
998;41.58333333;41.58333333;8.787079642;2.08E-11
999;41.625;41.625;8.791569598;2.09E-11
1000;41.66666667;41.66666667;8.796059554;2.09E-11
1001;41.70833333;41.70833333;8.800549511;2.10E-11
1002;41.75;41.75;8.805039467;2.10E-11
1003;41.79166667;41.79166667;8.809529423;2.11E-11
1004;41.83333333;41.83333333;8.81401938;2.11E-11
1005;41.875;41.875;8.818509336;2.12E-11
1006;41.91666667;41.91666667;8.822999292;2.12E-11
1007;41.95833333;41.95833333;8.827489249;2.13E-11
1008;42;42;8.831979205;2.13E-11
1009;42.04166667;42.04166667;8.822680657;2.13E-11
1010;42.08333333;42.08333333;8.813382109;2.13E-11
1011;42.125;42.125;8.804083561;2.13E-11
1012;42.16666667;42.16666667;8.794785013;2.13E-11
1013;42.20833333;42.20833333;8.785486465;2.13E-11
1014;42.25;42.25;8.776187917;2.14E-11
1015;42.29166667;42.29166667;8.766889369;2.14E-11
1016;42.33333333;42.33333333;8.757590821;2.14E-11
1017;42.375;42.375;8.748292273;2.14E-11
1018;42.41666667;42.41666667;8.738993725;2.14E-11
1019;42.45833333;42.45833333;8.729695177;2.14E-11
1020;42.5;42.5;8.72039663;2.14E-11
1021;42.54166667;42.54166667;8.711098082;2.14E-11
1022;42.58333333;42.58333333;8.701799534;2.14E-11
1023;42.625;42.625;8.692500986;2.14E-11
1024;42.66666667;42.66666667;8.683202438;2.14E-11
1025;42.70833333;42.70833333;8.67390389;2.14E-11
1026;42.75;42.75;8.664605342;2.15E-11
1027;42.79166667;42.79166667;8.655306794;2.15E-11
1028;42.83333333;42.83333333;8.646008246;2.15E-11
1029;42.875;42.875;8.636709698;2.15E-11
1030;42.91666667;42.91666667;8.62741115;2.15E-11
1031;42.95833333;42.95833333;8.618112602;2.15E-11
1032;43;43;8.608814054;2.15E-11
1033;43.04166667;43.04166667;8.599515506;2.15E-11
1034;43.08333333;43.08333333;8.590216958;2.16E-11
1035;43.125;43.125;8.58091841;2.16E-11
1036;43.16666667;43.16666667;8.571619862;2.16E-11
1037;43.20833333;43.20833333;8.562321314;2.16E-11
1038;43.25;43.25;8.553022766;2.17E-11
1039;43.29166667;43.29166667;8.543724218;2.17E-11
1040;43.33333333;43.33333333;8.53442567;2.17E-11
1041;43.375;43.375;8.525127122;2.18E-11
1042;43.41666667;43.41666667;8.515828574;2.18E-11
1043;43.45833333;43.45833333;8.506530026;2.18E-11
1044;43.5;43.5;8.497231478;2.19E-11
1045;43.54166667;43.54166667;8.48793293;2.19E-11
1046;43.58333333;43.58333333;8.478634382;2.19E-11
1047;43.625;43.625;8.469335834;2.19E-11
1048;43.66666667;43.66666667;8.460037286;2.20E-11
1049;43.70833333;43.70833333;8.450738738;2.20E-11
1050;43.75;43.75;8.44144019;2.20E-11
1051;43.79166667;43.79166667;8.432141642;2.21E-11
1052;43.83333333;43.83333333;8.422843094;2.21E-11
1053;43.875;43.875;8.413544546;2.21E-11
1054;43.91666667;43.91666667;8.404245998;2.21E-11
1055;43.95833333;43.95833333;8.39494745;2.22E-11
1056;44;44;8.385648902;2.22E-11
1057;44.04166667;44.04166667;8.364395518;2.22E-11
1058;44.08333333;44.08333333;8.343142134;2.22E-11
1059;44.125;44.125;8.32188875;2.22E-11
1060;44.16666667;44.16666667;8.300635366;2.22E-11
1061;44.20833333;44.20833333;8.279381982;2.22E-11
1062;44.25;44.25;8.258128599;2.22E-11
1063;44.29166667;44.29166667;8.236875215;2.22E-11
1064;44.33333333;44.33333333;8.215621831;2.22E-11
1065;44.375;44.375;8.194368447;2.22E-11
1066;44.41666667;44.41666667;8.173115063;2.22E-11
1067;44.45833333;44.45833333;8.151861679;2.22E-11
1068;44.5;44.5;8.130608295;2.22E-11
1069;44.54166667;44.54166667;8.109354911;2.22E-11
1070;44.58333333;44.58333333;8.088101527;2.22E-11
1071;44.625;44.625;8.066848143;2.22E-11
1072;44.66666667;44.66666667;8.045594759;2.22E-11
1073;44.70833333;44.70833333;8.024341375;2.22E-11
1074;44.75;44.75;8.003087992;2.22E-11
1075;44.79166667;44.79166667;7.981834608;2.22E-11
1076;44.83333333;44.83333333;7.960581224;2.22E-11
1077;44.875;44.875;7.93932784;2.22E-11
1078;44.91666667;44.91666667;7.918074456;2.22E-11
1079;44.95833333;44.95833333;7.896821072;2.22E-11
1080;45;45;7.875567688;2.22E-11
1081;45.04166667;45.04166667;7.861271015;2.23E-11
1082;45.08333333;45.08333333;7.846974343;2.23E-11
1083;45.125;45.125;7.83267767;2.24E-11
1084;45.16666667;45.16666667;7.818380998;2.24E-11
1085;45.20833333;45.20833333;7.804084325;2.25E-11
1086;45.25;45.25;7.789787653;2.26E-11
1087;45.29166667;45.29166667;7.77549098;2.26E-11
1088;45.33333333;45.33333333;7.761194308;2.27E-11
1089;45.375;45.375;7.746897635;2.27E-11
1090;45.41666667;45.41666667;7.732600963;2.28E-11
1091;45.45833333;45.45833333;7.71830429;2.28E-11
1092;45.5;45.5;7.704007618;2.29E-11
1093;45.54166667;45.54166667;7.689710945;2.30E-11
1094;45.58333333;45.58333333;7.675414272;2.30E-11
1095;45.625;45.625;7.6611176;2.31E-11
1096;45.66666667;45.66666667;7.646820927;2.31E-11
1097;45.70833333;45.70833333;7.632524255;2.32E-11
1098;45.75;45.75;7.618227582;2.33E-11
1099;45.79166667;45.79166667;7.60393091;2.33E-11
1100;45.83333333;45.83333333;7.589634237;2.34E-11
1101;45.875;45.875;7.575337565;2.34E-11
1102;45.91666667;45.91666667;7.561040892;2.35E-11
1103;45.95833333;45.95833333;7.54674422;2.35E-11
1104;46;46;7.532447547;2.36E-11
1105;46.04166667;46.04166667;7.558861118;2.38E-11
1106;46.08333333;46.08333333;7.585274689;2.41E-11
1107;46.125;46.125;7.61168826;2.43E-11
1108;46.16666667;46.16666667;7.638101831;2.46E-11
1109;46.20833333;46.20833333;7.664515402;2.48E-11
1110;46.25;46.25;7.690928973;2.51E-11
1111;46.29166667;46.29166667;7.717342543;2.53E-11
1112;46.33333333;46.33333333;7.743756114;2.56E-11
1113;46.375;46.375;7.770169685;2.58E-11
1114;46.41666667;46.41666667;7.796583256;2.61E-11
1115;46.45833333;46.45833333;7.822996827;2.63E-11
1116;46.5;46.5;7.849410398;2.66E-11
1117;46.54166667;46.54166667;7.875823969;2.68E-11
1118;46.58333333;46.58333333;7.90223754;2.70E-11
1119;46.625;46.625;7.928651111;2.73E-11
1120;46.66666667;46.66666667;7.955064682;2.75E-11
1121;46.70833333;46.70833333;7.981478253;2.78E-11
1122;46.75;46.75;8.007891824;2.80E-11
1123;46.79166667;46.79166667;8.034305394;2.83E-11
1124;46.83333333;46.83333333;8.060718965;2.85E-11
1125;46.875;46.875;8.087132536;2.88E-11
1126;46.91666667;46.91666667;8.113546107;2.90E-11
1127;46.95833333;46.95833333;8.139959678;2.93E-11
1128;47;47;8.166373249;2.95E-11
1129;47.04166667;47.04166667;8.186841681;2.98E-11
1130;47.08333333;47.08333333;8.207310113;3.00E-11
1131;47.125;47.125;8.227778545;3.03E-11
1132;47.16666667;47.16666667;8.248246978;3.06E-11
1133;47.20833333;47.20833333;8.26871541;3.08E-11
1134;47.25;47.25;8.289183842;3.11E-11
1135;47.29166667;47.29166667;8.309652274;3.14E-11
1136;47.33333333;47.33333333;8.330120706;3.16E-11
1137;47.375;47.375;8.350589138;3.19E-11
1138;47.41666667;47.41666667;8.37105757;3.22E-11
1139;47.45833333;47.45833333;8.391526002;3.24E-11
1140;47.5;47.5;8.411994434;3.27E-11
1141;47.54166667;47.54166667;8.432462867;3.30E-11
1142;47.58333333;47.58333333;8.452931299;3.32E-11
1143;47.625;47.625;8.473399731;3.35E-11
1144;47.66666667;47.66666667;8.493868163;3.38E-11
1145;47.70833333;47.70833333;8.514336595;3.40E-11
1146;47.75;47.75;8.534805027;3.43E-11
1147;47.79166667;47.79166667;8.555273459;3.46E-11
1148;47.83333333;47.83333333;8.575741892;3.48E-11
1149;47.875;47.875;8.596210324;3.51E-11
1150;47.91666667;47.91666667;8.616678756;3.54E-11
1151;47.95833333;47.95833333;8.637147188;3.56E-11
1152;48;48;8.65761562;3.59E-11
1153;48.04166667;48.04166667;8.719309096;3.64E-11
1154;48.08333333;48.08333333;8.781002572;3.69E-11
1155;48.125;48.125;8.842696047;3.73E-11
1156;48.16666667;48.16666667;8.904389523;3.78E-11
1157;48.20833333;48.20833333;8.966082999;3.83E-11
1158;48.25;48.25;9.027776475;3.88E-11
1159;48.29166667;48.29166667;9.089469951;3.92E-11
1160;48.33333333;48.33333333;9.151163427;3.97E-11
1161;48.375;48.375;9.212856903;4.02E-11
1162;48.41666667;48.41666667;9.274550378;4.06E-11
1163;48.45833333;48.45833333;9.336243854;4.11E-11
1164;48.5;48.5;9.39793733;4.16E-11
1165;48.54166667;48.54166667;9.459630806;4.21E-11
1166;48.58333333;48.58333333;9.521324282;4.26E-11
1167;48.625;48.625;9.583017757;4.30E-11
1168;48.66666667;48.66666667;9.644711233;4.35E-11
1169;48.70833333;48.70833333;9.706404709;4.40E-11
1170;48.75;48.75;9.768098185;4.45E-11
1171;48.79166667;48.79166667;9.829791661;4.49E-11
1172;48.83333333;48.83333333;9.891485137;4.54E-11
1173;48.875;48.875;9.953178613;4.59E-11
1174;48.91666667;48.91666667;10.01487209;4.64E-11
1175;48.95833333;48.95833333;10.07656556;4.68E-11
1176;49;49;10.13825904;4.73E-11
1177;49.04166667;49.04166667;10.15434283;4.77E-11
1178;49.08333333;49.08333333;10.17042661;4.80E-11
1179;49.125;49.125;10.1865104;4.84E-11
1180;49.16666667;49.16666667;10.20259418;4.87E-11
1181;49.20833333;49.20833333;10.21867797;4.91E-11
1182;49.25;49.25;10.23476176;4.95E-11
1183;49.29166667;49.29166667;10.25084554;4.98E-11
1184;49.33333333;49.33333333;10.26692933;5.02E-11
1185;49.375;49.375;10.28301311;5.05E-11
1186;49.41666667;49.41666667;10.2990969;5.09E-11
1187;49.45833333;49.45833333;10.31518068;5.12E-11
1188;49.5;49.5;10.33126447;5.16E-11
1189;49.54166667;49.54166667;10.34734826;5.20E-11
1190;49.58333333;49.58333333;10.36343204;5.23E-11
1191;49.625;49.625;10.37951583;5.27E-11
1192;49.66666667;49.66666667;10.39559961;5.30E-11
1193;49.70833333;49.70833333;10.4116834;5.34E-11
1194;49.75;49.75;10.42776719;5.38E-11
1195;49.79166667;49.79166667;10.44385097;5.41E-11
1196;49.83333333;49.83333333;10.45993476;5.45E-11
1197;49.875;49.875;10.47601854;5.48E-11
1198;49.91666667;49.91666667;10.49210233;5.52E-11
1199;49.95833333;49.95833333;10.50818611;5.55E-11
1200;50;50;10.5242699;5.59E-11
1201;50.04166667;50.04166667;10.54035369;5.63E-11
1202;50.08333333;50.08333333;10.55643747;5.67E-11
1203;50.125;50.125;10.57252126;5.72E-11
1204;50.16666667;50.16666667;10.58860504;5.76E-11
1205;50.20833333;50.20833333;10.60468883;5.80E-11
1206;50.25;50.25;10.62077262;5.84E-11
1207;50.29166667;50.29166667;10.6368564;5.88E-11
1208;50.33333333;50.33333333;10.65294019;5.93E-11
1209;50.375;50.375;10.66902397;5.97E-11
1210;50.41666667;50.41666667;10.68510776;6.01E-11
1211;50.45833333;50.45833333;10.70119154;6.05E-11
1212;50.5;50.5;10.71727533;6.10E-11
1213;50.54166667;50.54166667;10.73335912;6.14E-11
1214;50.58333333;50.58333333;10.7494429;6.18E-11
1215;50.625;50.625;10.76552669;6.22E-11
1216;50.66666667;50.66666667;10.78161047;6.26E-11
1217;50.70833333;50.70833333;10.79769426;6.31E-11
1218;50.75;50.75;10.81377805;6.35E-11
1219;50.79166667;50.79166667;10.82986183;6.39E-11
1220;50.83333333;50.83333333;10.84594562;6.43E-11
1221;50.875;50.875;10.8620294;6.47E-11
1222;50.91666667;50.91666667;10.87811319;6.52E-11
1223;50.95833333;50.95833333;10.89419697;6.56E-11
1224;51;51;10.91028076;6.60E-11
1225;51.04166667;51.04166667;10.92636455;6.65E-11
1226;51.08333333;51.08333333;10.94244833;6.70E-11
1227;51.125;51.125;10.95853212;6.75E-11
1228;51.16666667;51.16666667;10.9746159;6.80E-11
1229;51.20833333;51.20833333;10.99069969;6.85E-11
1230;51.25;51.25;11.00678347;6.90E-11
1231;51.29166667;51.29166667;11.02286726;6.95E-11
1232;51.33333333;51.33333333;11.03895104;7.00E-11
1233;51.375;51.375;11.05503483;7.05E-11
1234;51.41666667;51.41666667;11.07111861;7.10E-11
1235;51.45833333;51.45833333;11.0872024;7.15E-11
1236;51.5;51.5;11.10328619;7.20E-11
1237;51.54166667;51.54166667;11.11936997;7.25E-11
1238;51.58333333;51.58333333;11.13545376;7.30E-11
1239;51.625;51.625;11.15153754;7.35E-11
1240;51.66666667;51.66666667;11.16762133;7.40E-11
1241;51.70833333;51.70833333;11.18370511;7.45E-11
1242;51.75;51.75;11.1997889;7.50E-11
1243;51.79166667;51.79166667;11.21587268;7.55E-11
1244;51.83333333;51.83333333;11.23195647;7.60E-11
1245;51.875;51.875;11.24804025;7.65E-11
1246;51.91666667;51.91666667;11.26412404;7.70E-11
1247;51.95833333;51.95833333;11.28020782;7.75E-11
1248;52;52;11.29629161;7.80E-11
1249;52.04166667;52.04166667;11.30511831;7.84E-11
1250;52.08333333;52.08333333;11.313945;7.88E-11
1251;52.125;52.125;11.3227717;7.91E-11
1252;52.16666667;52.16666667;11.33159839;7.95E-11
1253;52.20833333;52.20833333;11.34042509;7.99E-11
1254;52.25;52.25;11.34925179;8.03E-11
1255;52.29166667;52.29166667;11.35807848;8.07E-11
1256;52.33333333;52.33333333;11.36690518;8.10E-11
1257;52.375;52.375;11.37573187;8.14E-11
1258;52.41666667;52.41666667;11.38455857;8.18E-11
1259;52.45833333;52.45833333;11.39338526;8.22E-11
1260;52.5;52.5;11.40221196;8.26E-11
1261;52.54166667;52.54166667;11.41103866;8.29E-11
1262;52.58333333;52.58333333;11.41986535;8.33E-11
1263;52.625;52.625;11.42869205;8.37E-11
1264;52.66666667;52.66666667;11.43751874;8.41E-11
1265;52.70833333;52.70833333;11.44634544;8.44E-11
1266;52.75;52.75;11.45517214;8.48E-11
1267;52.79166667;52.79166667;11.46399883;8.52E-11
1268;52.83333333;52.83333333;11.47282553;8.56E-11
1269;52.875;52.875;11.48165222;8.60E-11
1270;52.91666667;52.91666667;11.49047892;8.63E-11
1271;52.95833333;52.95833333;11.49930561;8.67E-11
1272;53;53;11.50813231;8.71E-11
1273;53.04166667;53.04166667;11.50340141;8.67E-11
1274;53.08333333;53.08333333;11.49867051;8.63E-11
1275;53.125;53.125;11.49393962;8.59E-11
1276;53.16666667;53.16666667;11.48920872;8.54E-11
1277;53.20833333;53.20833333;11.48447782;8.50E-11
1278;53.25;53.25;11.47974692;8.46E-11
1279;53.29166667;53.29166667;11.47501602;8.42E-11
1280;53.33333333;53.33333333;11.47028513;8.38E-11
1281;53.375;53.375;11.46555423;8.34E-11
1282;53.41666667;53.41666667;11.46082333;8.29E-11
1283;53.45833333;53.45833333;11.45609243;8.25E-11
1284;53.5;53.5;11.45136154;8.21E-11
1285;53.54166667;53.54166667;11.44663064;8.17E-11
1286;53.58333333;53.58333333;11.44189974;8.13E-11
1287;53.625;53.625;11.43716884;8.09E-11
1288;53.66666667;53.66666667;11.43243794;8.04E-11
1289;53.70833333;53.70833333;11.42770705;8.00E-11
1290;53.75;53.75;11.42297615;7.96E-11
1291;53.79166667;53.79166667;11.41824525;7.92E-11
1292;53.83333333;53.83333333;11.41351435;7.88E-11
1293;53.875;53.875;11.40878345;7.83E-11
1294;53.91666667;53.91666667;11.40405256;7.79E-11
1295;53.95833333;53.95833333;11.39932166;7.75E-11
1296;54;54;11.39459076;7.71E-11
1297;54.04166667;54.04166667;11.34816706;7.78E-11
1298;54.08333333;54.08333333;11.30174337;7.86E-11
1299;54.125;54.125;11.25531967;7.93E-11
1300;54.16666667;54.16666667;11.20889598;8.00E-11
1301;54.20833333;54.20833333;11.16247228;8.07E-11
1302;54.25;54.25;11.11604859;8.15E-11
1303;54.29166667;54.29166667;11.06962489;8.22E-11
1304;54.33333333;54.33333333;11.02320119;8.29E-11
1305;54.375;54.375;10.9767775;8.37E-11
1306;54.41666667;54.41666667;10.9303538;8.44E-11
1307;54.45833333;54.45833333;10.88393011;8.51E-11
1308;54.5;54.5;10.83750641;8.58E-11
1309;54.54166667;54.54166667;10.79108271;8.66E-11
1310;54.58333333;54.58333333;10.74465902;8.73E-11
1311;54.625;54.625;10.69823532;8.80E-11
1312;54.66666667;54.66666667;10.65181163;8.88E-11
1313;54.70833333;54.70833333;10.60538793;8.95E-11
1314;54.75;54.75;10.55896424;9.02E-11
1315;54.79166667;54.79166667;10.51254054;9.10E-11
1316;54.83333333;54.83333333;10.46611684;9.17E-11
1317;54.875;54.875;10.41969315;9.24E-11
1318;54.91666667;54.91666667;10.37326945;9.31E-11
1319;54.95833333;54.95833333;10.32684576;9.39E-11
1320;55;55;10.28042206;9.46E-11
1321;55.04166667;55.04166667;10.29473744;9.55E-11
1322;55.08333333;55.08333333;10.30905283;9.63E-11
1323;55.125;55.125;10.32336821;9.72E-11
1324;55.16666667;55.16666667;10.33768359;9.80E-11
1325;55.20833333;55.20833333;10.35199897;9.89E-11
1326;55.25;55.25;10.36631436;9.97E-11
1327;55.29166667;55.29166667;10.38062974;1.01E-10
1328;55.33333333;55.33333333;10.39494512;1.01E-10
1329;55.375;55.375;10.40926051;1.02E-10
1330;55.41666667;55.41666667;10.42357589;1.03E-10
1331;55.45833333;55.45833333;10.43789127;1.04E-10
1332;55.5;55.5;10.45220666;1.05E-10
1333;55.54166667;55.54166667;10.46652204;1.06E-10
1334;55.58333333;55.58333333;10.48083742;1.07E-10
1335;55.625;55.625;10.4951528;1.07E-10
1336;55.66666667;55.66666667;10.50946819;1.08E-10
1337;55.70833333;55.70833333;10.52378357;1.09E-10
1338;55.75;55.75;10.53809895;1.10E-10
1339;55.79166667;55.79166667;10.55241434;1.11E-10
1340;55.83333333;55.83333333;10.56672972;1.12E-10
1341;55.875;55.875;10.5810451;1.12E-10
1342;55.91666667;55.91666667;10.59536048;1.13E-10
1343;55.95833333;55.95833333;10.60967587;1.14E-10
1344;56;56;10.62399125;1.15E-10
1345;56.04166667;56.04166667;10.67394944;1.16E-10
1346;56.08333333;56.08333333;10.72390763;1.17E-10
1347;56.125;56.125;10.77386583;1.18E-10
1348;56.16666667;56.16666667;10.82382402;1.19E-10
1349;56.20833333;56.20833333;10.87378221;1.20E-10
1350;56.25;56.25;10.9237404;1.21E-10
1351;56.29166667;56.29166667;10.97369859;1.22E-10
1352;56.33333333;56.33333333;11.02365679;1.23E-10
1353;56.375;56.375;11.07361498;1.24E-10
1354;56.41666667;56.41666667;11.12357317;1.25E-10
1355;56.45833333;56.45833333;11.17353136;1.26E-10
1356;56.5;56.5;11.22348956;1.27E-10
1357;56.54166667;56.54166667;11.27344775;1.27E-10
1358;56.58333333;56.58333333;11.32340594;1.28E-10
1359;56.625;56.625;11.37336413;1.29E-10
1360;56.66666667;56.66666667;11.42332232;1.30E-10
1361;56.70833333;56.70833333;11.47328052;1.31E-10
1362;56.75;56.75;11.52323871;1.32E-10
1363;56.79166667;56.79166667;11.5731969;1.33E-10
1364;56.83333333;56.83333333;11.62315509;1.34E-10
1365;56.875;56.875;11.67311328;1.35E-10
1366;56.91666667;56.91666667;11.72307148;1.36E-10
1367;56.95833333;56.95833333;11.77302967;1.37E-10
1368;57;57;11.82298786;1.38E-10
1369;57.04166667;57.04166667;11.84247062;1.39E-10
1370;57.08333333;57.08333333;11.86195338;1.40E-10
1371;57.125;57.125;11.88143614;1.41E-10
1372;57.16666667;57.16666667;11.90091891;1.42E-10
1373;57.20833333;57.20833333;11.92040167;1.43E-10
1374;57.25;57.25;11.93988443;1.45E-10
1375;57.29166667;57.29166667;11.95936719;1.46E-10
1376;57.33333333;57.33333333;11.97884995;1.47E-10
1377;57.375;57.375;11.99833271;1.48E-10
1378;57.41666667;57.41666667;12.01781547;1.49E-10
1379;57.45833333;57.45833333;12.03729823;1.50E-10
1380;57.5;57.5;12.056781;1.51E-10
1381;57.54166667;57.54166667;12.07626376;1.52E-10
1382;57.58333333;57.58333333;12.09574652;1.53E-10
1383;57.625;57.625;12.11522928;1.54E-10
1384;57.66666667;57.66666667;12.13471204;1.55E-10
1385;57.70833333;57.70833333;12.1541948;1.56E-10
1386;57.75;57.75;12.17367756;1.58E-10
1387;57.79166667;57.79166667;12.19316032;1.59E-10
1388;57.83333333;57.83333333;12.21264309;1.60E-10
1389;57.875;57.875;12.23212585;1.61E-10
1390;57.91666667;57.91666667;12.25160861;1.62E-10
1391;57.95833333;57.95833333;12.27109137;1.63E-10
1392;58;58;12.29057413;1.64E-10
1393;58.04166667;58.04166667;12.40026822;1.65E-10
1394;58.08333333;58.08333333;12.50996231;1.66E-10
1395;58.125;58.125;12.6196564;1.68E-10
1396;58.16666667;58.16666667;12.72935048;1.69E-10
1397;58.20833333;58.20833333;12.83904457;1.70E-10
1398;58.25;58.25;12.94873866;1.71E-10
1399;58.29166667;58.29166667;13.05843275;1.72E-10
1400;58.33333333;58.33333333;13.16812684;1.74E-10
1401;58.375;58.375;13.27782093;1.75E-10
1402;58.41666667;58.41666667;13.38751501;1.76E-10
1403;58.45833333;58.45833333;13.4972091;1.77E-10
1404;58.5;58.5;13.60690319;1.79E-10
1405;58.54166667;58.54166667;13.71659728;1.80E-10
1406;58.58333333;58.58333333;13.82629137;1.81E-10
1407;58.625;58.625;13.93598545;1.82E-10
1408;58.66666667;58.66666667;14.04567954;1.83E-10
1409;58.70833333;58.70833333;14.15537363;1.85E-10
1410;58.75;58.75;14.26506772;1.86E-10
1411;58.79166667;58.79166667;14.37476181;1.87E-10
1412;58.83333333;58.83333333;14.4844559;1.88E-10
1413;58.875;58.875;14.59414999;1.89E-10
1414;58.91666667;58.91666667;14.70384407;1.91E-10
1415;58.95833333;58.95833333;14.81353816;1.92E-10
1416;59;59;14.92323225;1.93E-10
1417;59.04166667;59.04166667;14.93914514;1.94E-10
1418;59.08333333;59.08333333;14.95505802;1.96E-10
1419;59.125;59.125;14.97097091;1.97E-10
1420;59.16666667;59.16666667;14.9868838;1.99E-10
1421;59.20833333;59.20833333;15.00279668;2.00E-10
1422;59.25;59.25;15.01870957;2.01E-10
1423;59.29166667;59.29166667;15.03462246;2.03E-10
1424;59.33333333;59.33333333;15.05053534;2.04E-10
1425;59.375;59.375;15.06644823;2.05E-10
1426;59.41666667;59.41666667;15.08236112;2.07E-10
1427;59.45833333;59.45833333;15.098274;2.08E-10
1428;59.5;59.5;15.11418689;2.10E-10
1429;59.54166667;59.54166667;15.13009978;2.11E-10
1430;59.58333333;59.58333333;15.14601266;2.12E-10
1431;59.625;59.625;15.16192555;2.14E-10
1432;59.66666667;59.66666667;15.17783844;2.15E-10
1433;59.70833333;59.70833333;15.19375132;2.16E-10
1434;59.75;59.75;15.20966421;2.18E-10
1435;59.79166667;59.79166667;15.2255771;2.19E-10
1436;59.83333333;59.83333333;15.24148998;2.21E-10
1437;59.875;59.875;15.25740287;2.22E-10
1438;59.91666667;59.91666667;15.27331576;2.23E-10
1439;59.95833333;59.95833333;15.28922864;2.25E-10
1440;60;60;15.30514153;2.26E-10
1441;60.04166667;60.04166667;15.32105442;2.28E-10
1442;60.08333333;60.08333333;15.3369673;2.29E-10
1443;60.125;60.125;15.35288019;2.31E-10
1444;60.16666667;60.16666667;15.36879308;2.32E-10
1445;60.20833333;60.20833333;15.38470596;2.34E-10
1446;60.25;60.25;15.40061885;2.35E-10
1447;60.29166667;60.29166667;15.41653173;2.37E-10
1448;60.33333333;60.33333333;15.43244462;2.38E-10
1449;60.375;60.375;15.44835751;2.40E-10
1450;60.41666667;60.41666667;15.46427039;2.41E-10
1451;60.45833333;60.45833333;15.48018328;2.43E-10
1452;60.5;60.5;15.49609617;2.44E-10
1453;60.54166667;60.54166667;15.51200905;2.46E-10
1454;60.58333333;60.58333333;15.52792194;2.47E-10
1455;60.625;60.625;15.54383482;2.49E-10
1456;60.66666667;60.66666667;15.55974771;2.50E-10
1457;60.70833333;60.70833333;15.5756606;2.52E-10
1458;60.75;60.75;15.59157348;2.53E-10
1459;60.79166667;60.79166667;15.60748637;2.55E-10
1460;60.83333333;60.83333333;15.62339925;2.56E-10
1461;60.875;60.875;15.63931214;2.58E-10
1462;60.91666667;60.91666667;15.65522503;2.59E-10
1463;60.95833333;60.95833333;15.67113791;2.61E-10
1464;61;61;15.6870508;2.62E-10
1465;61.04166667;61.04166667;15.72213628;2.64E-10
1466;61.08333333;61.08333333;15.75722176;2.65E-10
1467;61.125;61.125;15.79230724;2.67E-10
1468;61.16666667;61.16666667;15.82739272;2.69E-10
1469;61.20833333;61.20833333;15.8624782;2.70E-10
1470;61.25;61.25;15.89756368;2.72E-10
1471;61.29166667;61.29166667;15.93264915;2.73E-10
1472;61.33333333;61.33333333;15.96773463;2.75E-10
1473;61.375;61.375;16.00282011;2.77E-10
1474;61.41666667;61.41666667;16.03790559;2.78E-10
1475;61.45833333;61.45833333;16.07299107;2.80E-10
1476;61.5;61.5;16.10807655;2.82E-10
1477;61.54166667;61.54166667;16.14316203;2.83E-10
1478;61.58333333;61.58333333;16.17824751;2.85E-10
1479;61.625;61.625;16.21333299;2.86E-10
1480;61.66666667;61.66666667;16.24841847;2.88E-10
1481;61.70833333;61.70833333;16.28350395;2.90E-10
1482;61.75;61.75;16.31858943;2.91E-10
1483;61.79166667;61.79166667;16.3536749;2.93E-10
1484;61.83333333;61.83333333;16.38876038;2.95E-10
1485;61.875;61.875;16.42384586;2.96E-10
1486;61.91666667;61.91666667;16.45893134;2.98E-10
1487;61.95833333;61.95833333;16.49401682;2.99E-10
1488;62;62;16.5291023;3.01E-10
1489;62.04166667;62.04166667;16.48565347;3.03E-10
1490;62.08333333;62.08333333;16.44220463;3.05E-10
1491;62.125;62.125;16.3987558;3.06E-10
1492;62.16666667;62.16666667;16.35530697;3.08E-10
1493;62.20833333;62.20833333;16.31185814;3.10E-10
1494;62.25;62.25;16.2684093;3.12E-10
1495;62.29166667;62.29166667;16.22496047;3.13E-10
1496;62.33333333;62.33333333;16.18151164;3.15E-10
1497;62.375;62.375;16.1380628;3.17E-10
1498;62.41666667;62.41666667;16.09461397;3.19E-10
1499;62.45833333;62.45833333;16.05116514;3.20E-10
1500;62.5;62.5;16.00771631;3.22E-10
1501;62.54166667;62.54166667;15.96426747;3.24E-10
1502;62.58333333;62.58333333;15.92081864;3.26E-10
1503;62.625;62.625;15.87736981;3.27E-10
1504;62.66666667;62.66666667;15.83392097;3.29E-10
1505;62.70833333;62.70833333;15.79047214;3.31E-10
1506;62.75;62.75;15.74702331;3.33E-10
1507;62.79166667;62.79166667;15.70357447;3.34E-10
1508;62.83333333;62.83333333;15.66012564;3.36E-10
1509;62.875;62.875;15.61667681;3.38E-10
1510;62.91666667;62.91666667;15.57322798;3.40E-10
1511;62.95833333;62.95833333;15.52977914;3.41E-10
1512;63;63;15.48633031;3.43E-10
1513;63.04166667;63.04166667;15.4889967;3.45E-10
1514;63.08333333;63.08333333;15.4916631;3.47E-10
1515;63.125;63.125;15.49432949;3.49E-10
1516;63.16666667;63.16666667;15.49699588;3.51E-10
1517;63.20833333;63.20833333;15.49966227;3.52E-10
1518;63.25;63.25;15.50232867;3.54E-10
1519;63.29166667;63.29166667;15.50499506;3.56E-10
1520;63.33333333;63.33333333;15.50766145;3.58E-10
1521;63.375;63.375;15.51032784;3.60E-10
1522;63.41666667;63.41666667;15.51299424;3.62E-10
1523;63.45833333;63.45833333;15.51566063;3.64E-10
1524;63.5;63.5;15.51832702;3.66E-10
1525;63.54166667;63.54166667;15.52099341;3.67E-10
1526;63.58333333;63.58333333;15.52365981;3.69E-10
1527;63.625;63.625;15.5263262;3.71E-10
1528;63.66666667;63.66666667;15.52899259;3.73E-10
1529;63.70833333;63.70833333;15.53165898;3.75E-10
1530;63.75;63.75;15.53432538;3.77E-10
1531;63.79166667;63.79166667;15.53699177;3.79E-10
1532;63.83333333;63.83333333;15.53965816;3.81E-10
1533;63.875;63.875;15.54232455;3.82E-10
1534;63.91666667;63.91666667;15.54499095;3.84E-10
1535;63.95833333;63.95833333;15.54765734;3.86E-10
1536;64;64;15.55032373;3.88E-10
1537;64.04166667;64.04166667;15.61071602;3.90E-10
1538;64.08333333;64.08333333;15.67110831;3.92E-10
1539;64.125;64.125;15.7315006;3.94E-10
1540;64.16666667;64.16666667;15.79189288;3.96E-10
1541;64.20833333;64.20833333;15.85228517;3.98E-10
1542;64.25;64.25;15.91267746;4.00E-10
1543;64.29166667;64.29166667;15.97306975;4.02E-10
1544;64.33333333;64.33333333;16.03346204;4.04E-10
1545;64.375;64.375;16.09385433;4.06E-10
1546;64.41666667;64.41666667;16.15424661;4.08E-10
1547;64.45833333;64.45833333;16.2146389;4.10E-10
1548;64.5;64.5;16.27503119;4.12E-10
1549;64.54166667;64.54166667;16.33542348;4.14E-10
1550;64.58333333;64.58333333;16.39581577;4.16E-10
1551;64.625;64.625;16.45620806;4.18E-10
1552;64.66666667;64.66666667;16.51660034;4.20E-10
1553;64.70833333;64.70833333;16.57699263;4.22E-10
1554;64.75;64.75;16.63738492;4.24E-10
1555;64.79166667;64.79166667;16.69777721;4.26E-10
1556;64.83333333;64.83333333;16.7581695;4.28E-10
1557;64.875;64.875;16.81856179;4.30E-10
1558;64.91666667;64.91666667;16.87895407;4.32E-10
1559;64.95833333;64.95833333;16.93934636;4.34E-10
1560;65;65;16.99973865;4.36E-10
1561;65.04166667;65.04166667;16.99528082;4.38E-10
1562;65.08333333;65.08333333;16.99082298;4.40E-10
1563;65.125;65.125;16.98636515;4.42E-10
1564;65.16666667;65.16666667;16.98190731;4.44E-10
1565;65.20833333;65.20833333;16.97744948;4.46E-10
1566;65.25;65.25;16.97299164;4.49E-10
1567;65.29166667;65.29166667;16.96853381;4.51E-10
1568;65.33333333;65.33333333;16.96407597;4.53E-10
1569;65.375;65.375;16.95961814;4.55E-10
1570;65.41666667;65.41666667;16.9551603;4.57E-10
1571;65.45833333;65.45833333;16.95070247;4.59E-10
1572;65.5;65.5;16.94624464;4.61E-10
1573;65.54166667;65.54166667;16.9417868;4.63E-10
1574;65.58333333;65.58333333;16.93732897;4.65E-10
1575;65.625;65.625;16.93287113;4.67E-10
1576;65.66666667;65.66666667;16.9284133;4.69E-10
1577;65.70833333;65.70833333;16.92395546;4.71E-10
1578;65.75;65.75;16.91949763;4.74E-10
1579;65.79166667;65.79166667;16.91503979;4.76E-10
1580;65.83333333;65.83333333;16.91058196;4.78E-10
1581;65.875;65.875;16.90612412;4.80E-10
1582;65.91666667;65.91666667;16.90166629;4.82E-10
1583;65.95833333;65.95833333;16.89720845;4.84E-10
1584;66;66;16.89275062;4.86E-10
1585;66.04166667;66.04166667;16.88086909;4.88E-10
1586;66.08333333;66.08333333;16.86898755;4.90E-10
1587;66.125;66.125;16.85710602;4.93E-10
1588;66.16666667;66.16666667;16.84522449;4.95E-10
1589;66.20833333;66.20833333;16.83334296;4.97E-10
1590;66.25;66.25;16.82146142;4.99E-10
1591;66.29166667;66.29166667;16.80957989;5.01E-10
1592;66.33333333;66.33333333;16.79769836;5.03E-10
1593;66.375;66.375;16.78581682;5.06E-10
1594;66.41666667;66.41666667;16.77393529;5.08E-10
1595;66.45833333;66.45833333;16.76205376;5.10E-10
1596;66.5;66.5;16.75017223;5.12E-10
1597;66.54166667;66.54166667;16.73829069;5.14E-10
1598;66.58333333;66.58333333;16.72640916;5.16E-10
1599;66.625;66.625;16.71452763;5.19E-10
1600;66.66666667;66.66666667;16.70264609;5.21E-10
1601;66.70833333;66.70833333;16.69076456;5.23E-10
1602;66.75;66.75;16.67888303;5.25E-10
1603;66.79166667;66.79166667;16.66700149;5.27E-10
1604;66.83333333;66.83333333;16.65511996;5.29E-10
1605;66.875;66.875;16.64323843;5.32E-10
1606;66.91666667;66.91666667;16.6313569;5.34E-10
1607;66.95833333;66.95833333;16.61947536;5.36E-10
1608;67;67;16.60759383;5.38E-10
1609;67.04166667;67.04166667;16.56112951;5.40E-10
1610;67.08333333;67.08333333;16.51466518;5.43E-10
1611;67.125;67.125;16.46820086;5.45E-10
1612;67.16666667;67.16666667;16.42173654;5.47E-10
1613;67.20833333;67.20833333;16.37527222;5.49E-10
1614;67.25;67.25;16.32880789;5.52E-10
1615;67.29166667;67.29166667;16.28234357;5.54E-10
1616;67.33333333;67.33333333;16.23587925;5.56E-10
1617;67.375;67.375;16.18941492;5.58E-10
1618;67.41666667;67.41666667;16.1429506;5.61E-10
1619;67.45833333;67.45833333;16.09648628;5.63E-10
1620;67.5;67.5;16.05002196;5.65E-10
1621;67.54166667;67.54166667;16.00355763;5.67E-10
1622;67.58333333;67.58333333;15.95709331;5.70E-10
1623;67.625;67.625;15.91062899;5.72E-10
1624;67.66666667;67.66666667;15.86416466;5.74E-10
1625;67.70833333;67.70833333;15.81770034;5.76E-10
1626;67.75;67.75;15.77123602;5.79E-10
1627;67.79166667;67.79166667;15.72477169;5.81E-10
1628;67.83333333;67.83333333;15.67830737;5.83E-10
1629;67.875;67.875;15.63184305;5.85E-10
1630;67.91666667;67.91666667;15.58537873;5.88E-10
1631;67.95833333;67.95833333;15.5389144;5.90E-10
1632;68;68;15.49245008;5.92E-10
1633;68.04166667;68.04166667;15.43382114;5.94E-10
1634;68.08333333;68.08333333;15.3751922;5.97E-10
1635;68.125;68.125;15.31656326;5.99E-10
1636;68.16666667;68.16666667;15.25793431;6.01E-10
1637;68.20833333;68.20833333;15.19930537;6.04E-10
1638;68.25;68.25;15.14067643;6.06E-10
1639;68.29166667;68.29166667;15.08204749;6.08E-10
1640;68.33333333;68.33333333;15.02341855;6.11E-10
1641;68.375;68.375;14.96478961;6.13E-10
1642;68.41666667;68.41666667;14.90616066;6.15E-10
1643;68.45833333;68.45833333;14.84753172;6.18E-10
1644;68.5;68.5;14.78890278;6.20E-10
1645;68.54166667;68.54166667;14.73027384;6.22E-10
1646;68.58333333;68.58333333;14.6716449;6.25E-10
1647;68.625;68.625;14.61301596;6.27E-10
1648;68.66666667;68.66666667;14.55438701;6.29E-10
1649;68.70833333;68.70833333;14.49575807;6.32E-10
1650;68.75;68.75;14.43712913;6.34E-10
1651;68.79166667;68.79166667;14.37850019;6.36E-10
1652;68.83333333;68.83333333;14.31987125;6.39E-10
1653;68.875;68.875;14.26124231;6.41E-10
1654;68.91666667;68.91666667;14.20261336;6.43E-10
1655;68.95833333;68.95833333;14.14398442;6.46E-10
1656;69;69;14.08535548;6.48E-10
1657;69.04166667;69.04166667;14.05094142;6.50E-10
1658;69.08333333;69.08333333;14.01652736;6.53E-10
1659;69.125;69.125;13.98211331;6.55E-10
1660;69.16666667;69.16666667;13.94769925;6.57E-10
1661;69.20833333;69.20833333;13.91328519;6.60E-10
1662;69.25;69.25;13.87887113;6.62E-10
1663;69.29166667;69.29166667;13.84445707;6.64E-10
1664;69.33333333;69.33333333;13.81004301;6.67E-10
1665;69.375;69.375;13.77562896;6.69E-10
1666;69.41666667;69.41666667;13.7412149;6.71E-10
1667;69.45833333;69.45833333;13.70680084;6.74E-10
1668;69.5;69.5;13.67238678;6.76E-10
1669;69.54166667;69.54166667;13.63797272;6.78E-10
1670;69.58333333;69.58333333;13.60355866;6.81E-10
1671;69.625;69.625;13.56914461;6.83E-10
1672;69.66666667;69.66666667;13.53473055;6.85E-10
1673;69.70833333;69.70833333;13.50031649;6.88E-10
1674;69.75;69.75;13.46590243;6.90E-10
1675;69.79166667;69.79166667;13.43148837;6.92E-10
1676;69.83333333;69.83333333;13.39707431;6.95E-10
1677;69.875;69.875;13.36266026;6.97E-10
1678;69.91666667;69.91666667;13.3282462;6.99E-10
1679;69.95833333;69.95833333;13.29383214;7.02E-10
1680;70;70;13.25941808;7.04E-10
1681;70.04166667;70.04166667;13.26047535;7.06E-10
1682;70.08333333;70.08333333;13.26153261;7.09E-10
1683;70.125;70.125;13.26258988;7.11E-10
1684;70.16666667;70.16666667;13.26364715;7.14E-10
1685;70.20833333;70.20833333;13.26470442;7.16E-10
1686;70.25;70.25;13.26576168;7.18E-10
1687;70.29166667;70.29166667;13.26681895;7.21E-10
1688;70.33333333;70.33333333;13.26787622;7.23E-10
1689;70.375;70.375;13.26893348;7.25E-10
1690;70.41666667;70.41666667;13.26999075;7.28E-10
1691;70.45833333;70.45833333;13.27104802;7.30E-10
1692;70.5;70.5;13.27210528;7.33E-10
1693;70.54166667;70.54166667;13.27316255;7.35E-10
1694;70.58333333;70.58333333;13.27421982;7.37E-10
1695;70.625;70.625;13.27527709;7.40E-10
1696;70.66666667;70.66666667;13.27633435;7.42E-10
1697;70.70833333;70.70833333;13.27739162;7.44E-10
1698;70.75;70.75;13.27844889;7.47E-10
1699;70.79166667;70.79166667;13.27950615;7.49E-10
1700;70.83333333;70.83333333;13.28056342;7.51E-10
1701;70.875;70.875;13.28162069;7.54E-10
1702;70.91666667;70.91666667;13.28267796;7.56E-10
1703;70.95833333;70.95833333;13.28373522;7.59E-10
1704;71;71;13.28479249;7.61E-10
1705;71.04166667;71.04166667;13.29221833;7.63E-10
1706;71.08333333;71.08333333;13.29964417;7.66E-10
1707;71.125;71.125;13.30707001;7.68E-10
1708;71.16666667;71.16666667;13.31449585;7.71E-10
1709;71.20833333;71.20833333;13.32192169;7.73E-10
1710;71.25;71.25;13.32934753;7.75E-10
1711;71.29166667;71.29166667;13.33677337;7.78E-10
1712;71.33333333;71.33333333;13.34419921;7.80E-10
1713;71.375;71.375;13.35162505;7.82E-10
1714;71.41666667;71.41666667;13.35905089;7.85E-10
1715;71.45833333;71.45833333;13.36647673;7.87E-10
1716;71.5;71.5;13.37390257;7.90E-10
1717;71.54166667;71.54166667;13.3813284;7.92E-10
1718;71.58333333;71.58333333;13.38875424;7.94E-10
1719;71.625;71.625;13.39618008;7.97E-10
1720;71.66666667;71.66666667;13.40360592;7.99E-10
1721;71.70833333;71.70833333;13.41103176;8.01E-10
1722;71.75;71.75;13.4184576;8.04E-10
1723;71.79166667;71.79166667;13.42588344;8.06E-10
1724;71.83333333;71.83333333;13.43330928;8.08E-10
1725;71.875;71.875;13.44073512;8.11E-10
1726;71.91666667;71.91666667;13.44816096;8.13E-10
1727;71.95833333;71.95833333;13.4555868;8.16E-10
1728;72;72;13.46301264;8.18E-10
1729;72.04166667;72.04166667;13.47386757;8.20E-10
1730;72.08333333;72.08333333;13.4847225;8.23E-10
1731;72.125;72.125;13.49557743;8.25E-10
1732;72.16666667;72.16666667;13.50643236;8.28E-10
1733;72.20833333;72.20833333;13.51728729;8.30E-10
1734;72.25;72.25;13.52814222;8.32E-10
1735;72.29166667;72.29166667;13.53899715;8.35E-10
1736;72.33333333;72.33333333;13.54985208;8.37E-10
1737;72.375;72.375;13.56070701;8.39E-10
1738;72.41666667;72.41666667;13.57156194;8.42E-10
1739;72.45833333;72.45833333;13.58241687;8.44E-10
1740;72.5;72.5;13.5932718;8.46E-10
1741;72.54166667;72.54166667;13.60412673;8.49E-10
1742;72.58333333;72.58333333;13.61498166;8.51E-10
1743;72.625;72.625;13.62583659;8.54E-10
1744;72.66666667;72.66666667;13.63669152;8.56E-10
1745;72.70833333;72.70833333;13.64754645;8.58E-10
1746;72.75;72.75;13.65840138;8.61E-10
1747;72.79166667;72.79166667;13.66925631;8.63E-10
1748;72.83333333;72.83333333;13.68011124;8.66E-10
1749;72.875;72.875;13.69096617;8.68E-10
1750;72.91666667;72.91666667;13.7018211;8.70E-10
1751;72.95833333;72.95833333;13.71267603;8.73E-10
1752;73;73;13.72353096;8.75E-10
1753;73.04166667;73.04166667;13.73279429;8.77E-10
1754;73.08333333;73.08333333;13.74205763;8.80E-10
1755;73.125;73.125;13.75132096;8.82E-10
1756;73.16666667;73.16666667;13.76058429;8.84E-10
1757;73.20833333;73.20833333;13.76984762;8.87E-10
1758;73.25;73.25;13.77911096;8.89E-10
1759;73.29166667;73.29166667;13.78837429;8.91E-10
1760;73.33333333;73.33333333;13.79763762;8.94E-10
1761;73.375;73.375;13.80690096;8.96E-10
1762;73.41666667;73.41666667;13.81616429;8.98E-10
1763;73.45833333;73.45833333;13.82542762;9.01E-10
1764;73.5;73.5;13.83469096;9.03E-10
1765;73.54166667;73.54166667;13.84395429;9.05E-10
1766;73.58333333;73.58333333;13.85321762;9.08E-10
1767;73.625;73.625;13.86248095;9.10E-10
1768;73.66666667;73.66666667;13.87174429;9.12E-10
1769;73.70833333;73.70833333;13.88100762;9.15E-10
1770;73.75;73.75;13.89027095;9.17E-10
1771;73.79166667;73.79166667;13.89953429;9.19E-10
1772;73.83333333;73.83333333;13.90879762;9.22E-10
1773;73.875;73.875;13.91806095;9.24E-10
1774;73.91666667;73.91666667;13.92732428;9.26E-10
1775;73.95833333;73.95833333;13.93658762;9.29E-10
1776;74;74;13.94585095;9.31E-10
1777;74.04166667;74.04166667;13.96533094;9.33E-10
1778;74.08333333;74.08333333;13.98481093;9.36E-10
1779;74.125;74.125;14.00429092;9.38E-10
1780;74.16666667;74.16666667;14.0237709;9.40E-10
1781;74.20833333;74.20833333;14.04325089;9.42E-10
1782;74.25;74.25;14.06273088;9.45E-10
1783;74.29166667;74.29166667;14.08221087;9.47E-10
1784;74.33333333;74.33333333;14.10169086;9.49E-10
1785;74.375;74.375;14.12117085;9.51E-10
1786;74.41666667;74.41666667;14.14065083;9.54E-10
1787;74.45833333;74.45833333;14.16013082;9.56E-10
1788;74.5;74.5;14.17961081;9.58E-10
1789;74.54166667;74.54166667;14.1990908;9.60E-10
1790;74.58333333;74.58333333;14.21857079;9.63E-10
1791;74.625;74.625;14.23805078;9.65E-10
1792;74.66666667;74.66666667;14.25753076;9.67E-10
1793;74.70833333;74.70833333;14.27701075;9.69E-10
1794;74.75;74.75;14.29649074;9.72E-10
1795;74.79166667;74.79166667;14.31597073;9.74E-10
1796;74.83333333;74.83333333;14.33545072;9.76E-10
1797;74.875;74.875;14.35493071;9.78E-10
1798;74.91666667;74.91666667;14.37441069;9.81E-10
1799;74.95833333;74.95833333;14.39389068;9.83E-10
1800;75;75;14.41337067;9.85E-10
1801;75.04166667;75.04166667;14.40979977;9.87E-10
1802;75.08333333;75.08333333;14.40622886;9.90E-10
1803;75.125;75.125;14.40265796;9.92E-10
1804;75.16666667;75.16666667;14.39908705;9.94E-10
1805;75.20833333;75.20833333;14.39551615;9.96E-10
1806;75.25;75.25;14.39194525;9.99E-10
1807;75.29166667;75.29166667;14.38837434;1.00E-09
1808;75.33333333;75.33333333;14.38480344;1.00E-09
1809;75.375;75.375;14.38123253;1.01E-09
1810;75.41666667;75.41666667;14.37766163;1.01E-09
1811;75.45833333;75.45833333;14.37409072;1.01E-09
1812;75.5;75.5;14.37051982;1.01E-09
1813;75.54166667;75.54166667;14.36694892;1.01E-09
1814;75.58333333;75.58333333;14.36337801;1.02E-09
1815;75.625;75.625;14.35980711;1.02E-09
1816;75.66666667;75.66666667;14.3562362;1.02E-09
1817;75.70833333;75.70833333;14.3526653;1.02E-09
1818;75.75;75.75;14.3490944;1.03E-09
1819;75.79166667;75.79166667;14.34552349;1.03E-09
1820;75.83333333;75.83333333;14.34195259;1.03E-09
1821;75.875;75.875;14.33838168;1.03E-09
1822;75.91666667;75.91666667;14.33481078;1.04E-09
1823;75.95833333;75.95833333;14.33123987;1.04E-09
1824;76;76;14.32766897;1.04E-09
1825;76.04166667;76.04166667;14.36697287;1.04E-09
1826;76.08333333;76.08333333;14.40627677;1.04E-09
1827;76.125;76.125;14.44558067;1.05E-09
1828;76.16666667;76.16666667;14.48488457;1.05E-09
1829;76.20833333;76.20833333;14.52418848;1.05E-09
1830;76.25;76.25;14.56349238;1.05E-09
1831;76.29166667;76.29166667;14.60279628;1.05E-09
1832;76.33333333;76.33333333;14.64210018;1.06E-09
1833;76.375;76.375;14.68140408;1.06E-09
1834;76.41666667;76.41666667;14.72070798;1.06E-09
1835;76.45833333;76.45833333;14.76001188;1.06E-09
1836;76.5;76.5;14.79931579;1.07E-09
1837;76.54166667;76.54166667;14.83861969;1.07E-09
1838;76.58333333;76.58333333;14.87792359;1.07E-09
1839;76.625;76.625;14.91722749;1.07E-09
1840;76.66666667;76.66666667;14.95653139;1.07E-09
1841;76.70833333;76.70833333;14.99583529;1.08E-09
1842;76.75;76.75;15.03513919;1.08E-09
1843;76.79166667;76.79166667;15.07444309;1.08E-09
1844;76.83333333;76.83333333;15.113747;1.08E-09
1845;76.875;76.875;15.1530509;1.08E-09
1846;76.91666667;76.91666667;15.1923548;1.09E-09
1847;76.95833333;76.95833333;15.2316587;1.09E-09
1848;77;77;15.2709626;1.09E-09
1849;77.04166667;77.04166667;15.29981296;1.09E-09
1850;77.08333333;77.08333333;15.32866332;1.09E-09
1851;77.125;77.125;15.35751368;1.10E-09
1852;77.16666667;77.16666667;15.38636404;1.10E-09
1853;77.20833333;77.20833333;15.41521439;1.10E-09
1854;77.25;77.25;15.44406475;1.10E-09
1855;77.29166667;77.29166667;15.47291511;1.10E-09
1856;77.33333333;77.33333333;15.50176547;1.11E-09
1857;77.375;77.375;15.53061583;1.11E-09
1858;77.41666667;77.41666667;15.55946619;1.11E-09
1859;77.45833333;77.45833333;15.58831655;1.11E-09
1860;77.5;77.5;15.61716691;1.12E-09
1861;77.54166667;77.54166667;15.64601726;1.12E-09
1862;77.58333333;77.58333333;15.67486762;1.12E-09
1863;77.625;77.625;15.70371798;1.12E-09
1864;77.66666667;77.66666667;15.73256834;1.12E-09
1865;77.70833333;77.70833333;15.7614187;1.13E-09
1866;77.75;77.75;15.79026906;1.13E-09
1867;77.79166667;77.79166667;15.81911942;1.13E-09
1868;77.83333333;77.83333333;15.84796978;1.13E-09
1869;77.875;77.875;15.87682013;1.13E-09
1870;77.91666667;77.91666667;15.90567049;1.14E-09
1871;77.95833333;77.95833333;15.93452085;1.14E-09
1872;78;78;15.96337121;1.14E-09
1873;78.04166667;78.04166667;15.97968272;1.14E-09
1874;78.08333333;78.08333333;15.99599423;1.14E-09
1875;78.125;78.125;16.01230574;1.15E-09
1876;78.16666667;78.16666667;16.02861725;1.15E-09
1877;78.20833333;78.20833333;16.04492876;1.15E-09
1878;78.25;78.25;16.06124027;1.15E-09
1879;78.29166667;78.29166667;16.07755178;1.15E-09
1880;78.33333333;78.33333333;16.09386329;1.15E-09
1881;78.375;78.375;16.1101748;1.16E-09
1882;78.41666667;78.41666667;16.12648631;1.16E-09
1883;78.45833333;78.45833333;16.14279782;1.16E-09
1884;78.5;78.5;16.15910933;1.16E-09
1885;78.54166667;78.54166667;16.17542084;1.16E-09
1886;78.58333333;78.58333333;16.19173235;1.16E-09
1887;78.625;78.625;16.20804386;1.17E-09
1888;78.66666667;78.66666667;16.22435537;1.17E-09
1889;78.70833333;78.70833333;16.24066688;1.17E-09
1890;78.75;78.75;16.25697839;1.17E-09
1891;78.79166667;78.79166667;16.2732899;1.17E-09
1892;78.83333333;78.83333333;16.28960141;1.17E-09
1893;78.875;78.875;16.30591292;1.18E-09
1894;78.91666667;78.91666667;16.32222443;1.18E-09
1895;78.95833333;78.95833333;16.33853594;1.18E-09
1896;79;79;16.35484745;1.18E-09
1897;79.04166667;79.04166667;16.34105438;1.18E-09
1898;79.08333333;79.08333333;16.3272613;1.18E-09
1899;79.125;79.125;16.31346823;1.19E-09
1900;79.16666667;79.16666667;16.29967516;1.19E-09
1901;79.20833333;79.20833333;16.28588208;1.19E-09
1902;79.25;79.25;16.27208901;1.19E-09
1903;79.29166667;79.29166667;16.25829594;1.19E-09
1904;79.33333333;79.33333333;16.24450286;1.19E-09
1905;79.375;79.375;16.23070979;1.20E-09
1906;79.41666667;79.41666667;16.21691672;1.20E-09
1907;79.45833333;79.45833333;16.20312364;1.20E-09
1908;79.5;79.5;16.18933057;1.20E-09
1909;79.54166667;79.54166667;16.1755375;1.20E-09
1910;79.58333333;79.58333333;16.16174442;1.20E-09
1911;79.625;79.625;16.14795135;1.20E-09
1912;79.66666667;79.66666667;16.13415828;1.21E-09
1913;79.70833333;79.70833333;16.1203652;1.21E-09
1914;79.75;79.75;16.10657213;1.21E-09
1915;79.79166667;79.79166667;16.09277906;1.21E-09
1916;79.83333333;79.83333333;16.07898598;1.21E-09
1917;79.875;79.875;16.06519291;1.22E-09
1918;79.91666667;79.91666667;16.05139984;1.22E-09
1919;79.95833333;79.95833333;16.03760676;1.22E-09
1920;80;80;16.02381369;1.22E-09
1921;80.04166667;80.04166667;16.00227744;1.22E-09
1922;80.08333333;80.08333333;15.9807412;1.22E-09
1923;80.125;80.125;15.95920495;1.23E-09
1924;80.16666667;80.16666667;15.9376687;1.23E-09
1925;80.20833333;80.20833333;15.91613245;1.23E-09
1926;80.25;80.25;15.89459621;1.23E-09
1927;80.29166667;80.29166667;15.87305996;1.23E-09
1928;80.33333333;80.33333333;15.85152371;1.23E-09
1929;80.375;80.375;15.82998747;1.24E-09
1930;80.41666667;80.41666667;15.80845122;1.24E-09
1931;80.45833333;80.45833333;15.78691497;1.24E-09
1932;80.5;80.5;15.76537873;1.24E-09
1933;80.54166667;80.54166667;15.74384248;1.24E-09
1934;80.58333333;80.58333333;15.72230623;1.24E-09
1935;80.625;80.625;15.70076998;1.25E-09
1936;80.66666667;80.66666667;15.67923374;1.25E-09
1937;80.70833333;80.70833333;15.65769749;1.25E-09
1938;80.75;80.75;15.63616124;1.25E-09
1939;80.79166667;80.79166667;15.614625;1.25E-09
1940;80.83333333;80.83333333;15.59308875;1.25E-09
1941;80.875;80.875;15.5715525;1.26E-09
1942;80.91666667;80.91666667;15.55001625;1.26E-09
1943;80.95833333;80.95833333;15.52848001;1.26E-09
1944;81;81;15.50694376;1.26E-09
1945;81.04166667;81.04166667;15.44934256;1.26E-09
1946;81.08333333;81.08333333;15.39174137;1.26E-09
1947;81.125;81.125;15.33414017;1.27E-09
1948;81.16666667;81.16666667;15.27653897;1.27E-09
1949;81.20833333;81.20833333;15.21893777;1.27E-09
1950;81.25;81.25;15.16133658;1.27E-09
1951;81.29166667;81.29166667;15.10373538;1.27E-09
1952;81.33333333;81.33333333;15.04613418;1.27E-09
1953;81.375;81.375;14.98853298;1.28E-09
1954;81.41666667;81.41666667;14.93093179;1.28E-09
1955;81.45833333;81.45833333;14.87333059;1.28E-09
1956;81.5;81.5;14.81572939;1.28E-09
1957;81.54166667;81.54166667;14.75812819;1.28E-09
1958;81.58333333;81.58333333;14.700527;1.28E-09
1959;81.625;81.625;14.6429258;1.29E-09
1960;81.66666667;81.66666667;14.5853246;1.29E-09
1961;81.70833333;81.70833333;14.5277234;1.29E-09
1962;81.75;81.75;14.47012221;1.29E-09
1963;81.79166667;81.79166667;14.41252101;1.29E-09
1964;81.83333333;81.83333333;14.35491981;1.29E-09
1965;81.875;81.875;14.29731861;1.30E-09
1966;81.91666667;81.91666667;14.23971742;1.30E-09
1967;81.95833333;81.95833333;14.18211622;1.30E-09
1968;82;82;14.12451502;1.30E-09
1969;82.04166667;82.04166667;14.09287304;1.30E-09
1970;82.08333333;82.08333333;14.06123106;1.30E-09
1971;82.125;82.125;14.02958908;1.30E-09
1972;82.16666667;82.16666667;13.9979471;1.31E-09
1973;82.20833333;82.20833333;13.96630512;1.31E-09
1974;82.25;82.25;13.93466314;1.31E-09
1975;82.29166667;82.29166667;13.90302115;1.31E-09
1976;82.33333333;82.33333333;13.87137917;1.31E-09
1977;82.375;82.375;13.83973719;1.31E-09
1978;82.41666667;82.41666667;13.80809521;1.31E-09
1979;82.45833333;82.45833333;13.77645323;1.31E-09
1980;82.5;82.5;13.74481125;1.32E-09
1981;82.54166667;82.54166667;13.71316927;1.32E-09
1982;82.58333333;82.58333333;13.68152729;1.32E-09
1983;82.625;82.625;13.64988531;1.32E-09
1984;82.66666667;82.66666667;13.61824333;1.32E-09
1985;82.70833333;82.70833333;13.58660135;1.32E-09
1986;82.75;82.75;13.55495937;1.32E-09
1987;82.79166667;82.79166667;13.52331738;1.32E-09
1988;82.83333333;82.83333333;13.4916754;1.32E-09
1989;82.875;82.875;13.46003342;1.33E-09
1990;82.91666667;82.91666667;13.42839144;1.33E-09
1991;82.95833333;82.95833333;13.39674946;1.33E-09
1992;83;83;13.36510748;1.33E-09
1993;83.04166667;83.04166667;13.37352334;1.33E-09
1994;83.08333333;83.08333333;13.3819392;1.33E-09
1995;83.125;83.125;13.39035506;1.33E-09
1996;83.16666667;83.16666667;13.39877092;1.33E-09
1997;83.20833333;83.20833333;13.40718678;1.33E-09
1998;83.25;83.25;13.41560264;1.34E-09
1999;83.29166667;83.29166667;13.4240185;1.34E-09
2000;83.33333333;83.33333333;13.43243436;1.34E-09
2001;83.375;83.375;13.44085022;1.34E-09
2002;83.41666667;83.41666667;13.44926608;1.34E-09
2003;83.45833333;83.45833333;13.45768194;1.34E-09
2004;83.5;83.5;13.46609781;1.34E-09
2005;83.54166667;83.54166667;13.47451367;1.34E-09
2006;83.58333333;83.58333333;13.48292953;1.34E-09
2007;83.625;83.625;13.49134539;1.34E-09
2008;83.66666667;83.66666667;13.49976125;1.34E-09
2009;83.70833333;83.70833333;13.50817711;1.34E-09
2010;83.75;83.75;13.51659297;1.35E-09
2011;83.79166667;83.79166667;13.52500883;1.35E-09
2012;83.83333333;83.83333333;13.53342469;1.35E-09
2013;83.875;83.875;13.54184055;1.35E-09
2014;83.91666667;83.91666667;13.55025641;1.35E-09
2015;83.95833333;83.95833333;13.55867227;1.35E-09
2016;84;84;13.56708813;1.35E-09
2017;84.04166667;84.04166667;13.57533192;1.35E-09
2018;84.08333333;84.08333333;13.5835757;1.35E-09
2019;84.125;84.125;13.59181949;1.35E-09
2020;84.16666667;84.16666667;13.60006328;1.36E-09
2021;84.20833333;84.20833333;13.60830707;1.36E-09
2022;84.25;84.25;13.61655085;1.36E-09
2023;84.29166667;84.29166667;13.62479464;1.36E-09
2024;84.33333333;84.33333333;13.63303843;1.36E-09
2025;84.375;84.375;13.64128221;1.36E-09
2026;84.41666667;84.41666667;13.649526;1.36E-09
2027;84.45833333;84.45833333;13.65776979;1.36E-09
2028;84.5;84.5;13.66601358;1.37E-09
2029;84.54166667;84.54166667;13.67425736;1.37E-09
2030;84.58333333;84.58333333;13.68250115;1.37E-09
2031;84.625;84.625;13.69074494;1.37E-09
2032;84.66666667;84.66666667;13.69898872;1.37E-09
2033;84.70833333;84.70833333;13.70723251;1.37E-09
2034;84.75;84.75;13.7154763;1.37E-09
2035;84.79166667;84.79166667;13.72372008;1.37E-09
2036;84.83333333;84.83333333;13.73196387;1.38E-09
2037;84.875;84.875;13.74020766;1.38E-09
2038;84.91666667;84.91666667;13.74845145;1.38E-09
2039;84.95833333;84.95833333;13.75669523;1.38E-09
2040;85;85;13.76493902;1.38E-09
2041;85.04166667;85.04166667;13.77423433;1.38E-09
2042;85.08333333;85.08333333;13.78352965;1.38E-09
2043;85.125;85.125;13.79282496;1.38E-09
2044;85.16666667;85.16666667;13.80212027;1.38E-09
2045;85.20833333;85.20833333;13.81141558;1.38E-09
2046;85.25;85.25;13.8207109;1.38E-09
2047;85.29166667;85.29166667;13.83000621;1.38E-09
2048;85.33333333;85.33333333;13.83930152;1.38E-09
2049;85.375;85.375;13.84859683;1.38E-09
2050;85.41666667;85.41666667;13.85789215;1.38E-09
2051;85.45833333;85.45833333;13.86718746;1.38E-09
2052;85.5;85.5;13.87648277;1.39E-09
2053;85.54166667;85.54166667;13.88577808;1.39E-09
2054;85.58333333;85.58333333;13.8950734;1.39E-09
2055;85.625;85.625;13.90436871;1.39E-09
2056;85.66666667;85.66666667;13.91366402;1.39E-09
2057;85.70833333;85.70833333;13.92295933;1.39E-09
2058;85.75;85.75;13.93225465;1.39E-09
2059;85.79166667;85.79166667;13.94154996;1.39E-09
2060;85.83333333;85.83333333;13.95084527;1.39E-09
2061;85.875;85.875;13.96014058;1.39E-09
2062;85.91666667;85.91666667;13.9694359;1.39E-09
2063;85.95833333;85.95833333;13.97873121;1.39E-09
2064;86;86;13.98802652;1.39E-09
2065;86.04166667;86.04166667;14.02703119;1.39E-09
2066;86.08333333;86.08333333;14.06603585;1.39E-09
2067;86.125;86.125;14.10504052;1.39E-09
2068;86.16666667;86.16666667;14.14404519;1.39E-09
2069;86.20833333;86.20833333;14.18304985;1.39E-09
2070;86.25;86.25;14.22205452;1.40E-09
2071;86.29166667;86.29166667;14.26105919;1.40E-09
2072;86.33333333;86.33333333;14.30006385;1.40E-09
2073;86.375;86.375;14.33906852;1.40E-09
2074;86.41666667;86.41666667;14.37807319;1.40E-09
2075;86.45833333;86.45833333;14.41707785;1.40E-09
2076;86.5;86.5;14.45608252;1.40E-09
2077;86.54166667;86.54166667;14.49508719;1.40E-09
2078;86.58333333;86.58333333;14.53409185;1.40E-09
2079;86.625;86.625;14.57309652;1.40E-09
2080;86.66666667;86.66666667;14.61210119;1.40E-09
2081;86.70833333;86.70833333;14.65110585;1.40E-09
2082;86.75;86.75;14.69011052;1.41E-09
2083;86.79166667;86.79166667;14.72911519;1.41E-09
2084;86.83333333;86.83333333;14.76811985;1.41E-09
2085;86.875;86.875;14.80712452;1.41E-09
2086;86.91666667;86.91666667;14.84612919;1.41E-09
2087;86.95833333;86.95833333;14.88513385;1.41E-09
2088;87;87;14.92413852;1.41E-09
2089;87.04166667;87.04166667;14.9992676;1.41E-09
2090;87.08333333;87.08333333;15.07439668;1.41E-09
2091;87.125;87.125;15.14952576;1.41E-09
2092;87.16666667;87.16666667;15.22465484;1.41E-09
2093;87.20833333;87.20833333;15.29978392;1.41E-09
2094;87.25;87.25;15.37491301;1.41E-09
2095;87.29166667;87.29166667;15.45004209;1.41E-09
2096;87.33333333;87.33333333;15.52517117;1.41E-09
2097;87.375;87.375;15.60030025;1.41E-09
2098;87.41666667;87.41666667;15.67542933;1.41E-09
2099;87.45833333;87.45833333;15.75055841;1.41E-09
2100;87.5;87.5;15.82568749;1.42E-09
2101;87.54166667;87.54166667;15.90081657;1.42E-09
2102;87.58333333;87.58333333;15.97594565;1.42E-09
2103;87.625;87.625;16.05107473;1.42E-09
2104;87.66666667;87.66666667;16.12620381;1.42E-09
2105;87.70833333;87.70833333;16.20133289;1.42E-09
2106;87.75;87.75;16.27646198;1.42E-09
2107;87.79166667;87.79166667;16.35159106;1.42E-09
2108;87.83333333;87.83333333;16.42672014;1.42E-09
2109;87.875;87.875;16.50184922;1.42E-09
2110;87.91666667;87.91666667;16.5769783;1.42E-09
2111;87.95833333;87.95833333;16.65210738;1.42E-09
2112;88;88;16.72723646;1.42E-09
2113;88.04166667;88.04166667;16.75895463;1.42E-09
2114;88.08333333;88.08333333;16.79067279;1.42E-09
2115;88.125;88.125;16.82239096;1.42E-09
2116;88.16666667;88.16666667;16.85410912;1.42E-09
2117;88.20833333;88.20833333;16.88582729;1.42E-09
2118;88.25;88.25;16.91754545;1.42E-09
2119;88.29166667;88.29166667;16.94926362;1.42E-09
2120;88.33333333;88.33333333;16.98098178;1.42E-09
2121;88.375;88.375;17.01269995;1.42E-09
2122;88.41666667;88.41666667;17.04441811;1.42E-09
2123;88.45833333;88.45833333;17.07613628;1.42E-09
2124;88.5;88.5;17.10785445;1.43E-09
2125;88.54166667;88.54166667;17.13957261;1.43E-09
2126;88.58333333;88.58333333;17.17129078;1.43E-09
2127;88.625;88.625;17.20300894;1.43E-09
2128;88.66666667;88.66666667;17.23472711;1.43E-09
2129;88.70833333;88.70833333;17.26644527;1.43E-09
2130;88.75;88.75;17.29816344;1.43E-09
2131;88.79166667;88.79166667;17.3298816;1.43E-09
2132;88.83333333;88.83333333;17.36159977;1.43E-09
2133;88.875;88.875;17.39331793;1.43E-09
2134;88.91666667;88.91666667;17.4250361;1.43E-09
2135;88.95833333;88.95833333;17.45675426;1.43E-09
2136;89;89;17.48847243;1.43E-09
2137;89.04166667;89.04166667;17.48915671;1.43E-09
2138;89.08333333;89.08333333;17.48984098;1.43E-09
2139;89.125;89.125;17.49052526;1.43E-09
2140;89.16666667;89.16666667;17.49120953;1.43E-09
2141;89.20833333;89.20833333;17.49189381;1.43E-09
2142;89.25;89.25;17.49257809;1.43E-09
2143;89.29166667;89.29166667;17.49326236;1.43E-09
2144;89.33333333;89.33333333;17.49394664;1.43E-09
2145;89.375;89.375;17.49463091;1.43E-09
2146;89.41666667;89.41666667;17.49531519;1.43E-09
2147;89.45833333;89.45833333;17.49599946;1.43E-09
2148;89.5;89.5;17.49668374;1.43E-09
2149;89.54166667;89.54166667;17.49736802;1.43E-09
2150;89.58333333;89.58333333;17.49805229;1.43E-09
2151;89.625;89.625;17.49873657;1.43E-09
2152;89.66666667;89.66666667;17.49942084;1.43E-09
2153;89.70833333;89.70833333;17.50010512;1.43E-09
2154;89.75;89.75;17.50078939;1.43E-09
2155;89.79166667;89.79166667;17.50147367;1.43E-09
2156;89.83333333;89.83333333;17.50215795;1.43E-09
2157;89.875;89.875;17.50284222;1.43E-09
2158;89.91666667;89.91666667;17.5035265;1.43E-09
2159;89.95833333;89.95833333;17.50421077;1.43E-09
2160;90;90;17.50489505;1.43E-09
2161;90.04166667;90.04166667;17.43477838;1.43E-09
2162;90.08333333;90.08333333;17.36466171;1.43E-09
2163;90.125;90.125;17.29454504;1.43E-09
2164;90.16666667;90.16666667;17.22442836;1.43E-09
2165;90.20833333;90.20833333;17.15431169;1.43E-09
2166;90.25;90.25;17.08419502;1.43E-09
2167;90.29166667;90.29166667;17.01407835;1.43E-09
2168;90.33333333;90.33333333;16.94396168;1.43E-09
2169;90.375;90.375;16.87384501;1.43E-09
2170;90.41666667;90.41666667;16.80372833;1.43E-09
2171;90.45833333;90.45833333;16.73361166;1.43E-09
2172;90.5;90.5;16.66349499;1.43E-09
2173;90.54166667;90.54166667;16.59337832;1.43E-09
2174;90.58333333;90.58333333;16.52326165;1.43E-09
2175;90.625;90.625;16.45314498;1.43E-09
2176;90.66666667;90.66666667;16.3830283;1.43E-09
2177;90.70833333;90.70833333;16.31291163;1.43E-09
2178;90.75;90.75;16.24279496;1.43E-09
2179;90.79166667;90.79166667;16.17267829;1.43E-09
2180;90.83333333;90.83333333;16.10256162;1.43E-09
2181;90.875;90.875;16.03244495;1.43E-09
2182;90.91666667;90.91666667;15.96232827;1.43E-09
2183;90.95833333;90.95833333;15.8922116;1.43E-09
2184;91;91;15.82209493;1.43E-09
2185;91.04166667;91.04166667;15.77154155;1.43E-09
2186;91.08333333;91.08333333;15.72098816;1.43E-09
2187;91.125;91.125;15.67043478;1.43E-09
2188;91.16666667;91.16666667;15.6198814;1.43E-09
2189;91.20833333;91.20833333;15.56932802;1.43E-09
2190;91.25;91.25;15.51877463;1.43E-09
2191;91.29166667;91.29166667;15.46822125;1.43E-09
2192;91.33333333;91.33333333;15.41766787;1.43E-09
2193;91.375;91.375;15.36711448;1.43E-09
2194;91.41666667;91.41666667;15.3165611;1.43E-09
2195;91.45833333;91.45833333;15.26600772;1.43E-09
2196;91.5;91.5;15.21545434;1.43E-09
2197;91.54166667;91.54166667;15.16490095;1.42E-09
2198;91.58333333;91.58333333;15.11434757;1.42E-09
2199;91.625;91.625;15.06379419;1.42E-09
2200;91.66666667;91.66666667;15.0132408;1.42E-09
2201;91.70833333;91.70833333;14.96268742;1.42E-09
2202;91.75;91.75;14.91213404;1.42E-09
2203;91.79166667;91.79166667;14.86158065;1.42E-09
2204;91.83333333;91.83333333;14.81102727;1.42E-09
2205;91.875;91.875;14.76047389;1.42E-09
2206;91.91666667;91.91666667;14.70992051;1.42E-09
2207;91.95833333;91.95833333;14.65936712;1.42E-09
2208;92;92;14.60881374;1.42E-09
2209;92.04166667;92.04166667;14.61640985;1.42E-09
2210;92.08333333;92.08333333;14.62400595;1.42E-09
2211;92.125;92.125;14.63160206;1.42E-09
2212;92.16666667;92.16666667;14.63919817;1.42E-09
2213;92.20833333;92.20833333;14.64679428;1.42E-09
2214;92.25;92.25;14.65439038;1.42E-09
2215;92.29166667;92.29166667;14.66198649;1.42E-09
2216;92.33333333;92.33333333;14.6695826;1.42E-09
2217;92.375;92.375;14.6771787;1.42E-09
2218;92.41666667;92.41666667;14.68477481;1.42E-09
2219;92.45833333;92.45833333;14.69237092;1.42E-09
2220;92.5;92.5;14.69996703;1.42E-09
2221;92.54166667;92.54166667;14.70756313;1.42E-09
2222;92.58333333;92.58333333;14.71515924;1.42E-09
2223;92.625;92.625;14.72275535;1.42E-09
2224;92.66666667;92.66666667;14.73035145;1.42E-09
2225;92.70833333;92.70833333;14.73794756;1.42E-09
2226;92.75;92.75;14.74554367;1.42E-09
2227;92.79166667;92.79166667;14.75313977;1.42E-09
2228;92.83333333;92.83333333;14.76073588;1.42E-09
2229;92.875;92.875;14.76833199;1.42E-09
2230;92.91666667;92.91666667;14.7759281;1.42E-09
2231;92.95833333;92.95833333;14.7835242;1.42E-09
2232;93;93;14.79112031;1.42E-09
2233;93.04166667;93.04166667;14.80679005;1.42E-09
2234;93.08333333;93.08333333;14.8224598;1.42E-09
2235;93.125;93.125;14.83812954;1.42E-09
2236;93.16666667;93.16666667;14.85379928;1.42E-09
2237;93.20833333;93.20833333;14.86946902;1.42E-09
2238;93.25;93.25;14.88513877;1.42E-09
2239;93.29166667;93.29166667;14.90080851;1.41E-09
2240;93.33333333;93.33333333;14.91647825;1.41E-09
2241;93.375;93.375;14.93214799;1.41E-09
2242;93.41666667;93.41666667;14.94781774;1.41E-09
2243;93.45833333;93.45833333;14.96348748;1.41E-09
2244;93.5;93.5;14.97915722;1.41E-09
2245;93.54166667;93.54166667;14.99482696;1.41E-09
2246;93.58333333;93.58333333;15.01049671;1.41E-09
2247;93.625;93.625;15.02616645;1.41E-09
2248;93.66666667;93.66666667;15.04183619;1.41E-09
2249;93.70833333;93.70833333;15.05750593;1.41E-09
2250;93.75;93.75;15.07317568;1.41E-09
2251;93.79166667;93.79166667;15.08884542;1.40E-09
2252;93.83333333;93.83333333;15.10451516;1.40E-09
2253;93.875;93.875;15.1201849;1.40E-09
2254;93.91666667;93.91666667;15.13585465;1.40E-09
2255;93.95833333;93.95833333;15.15152439;1.40E-09
2256;94;94;15.16719413;1.40E-09
2257;94.04166667;94.04166667;15.22321733;1.40E-09
2258;94.08333333;94.08333333;15.27924052;1.40E-09
2259;94.125;94.125;15.33526372;1.40E-09
2260;94.16666667;94.16666667;15.39128691;1.40E-09
2261;94.20833333;94.20833333;15.44731011;1.40E-09
2262;94.25;94.25;15.5033333;1.40E-09
2263;94.29166667;94.29166667;15.5593565;1.40E-09
2264;94.33333333;94.33333333;15.61537969;1.40E-09
2265;94.375;94.375;15.67140289;1.40E-09
2266;94.41666667;94.41666667;15.72742608;1.40E-09
2267;94.45833333;94.45833333;15.78344927;1.40E-09
2268;94.5;94.5;15.83947247;1.39E-09
2269;94.54166667;94.54166667;15.89549567;1.39E-09
2270;94.58333333;94.58333333;15.95151886;1.39E-09
2271;94.625;94.625;16.00754206;1.39E-09
2272;94.66666667;94.66666667;16.06356525;1.39E-09
2273;94.70833333;94.70833333;16.11958844;1.39E-09
2274;94.75;94.75;16.17561164;1.39E-09
2275;94.79166667;94.79166667;16.23163483;1.39E-09
2276;94.83333333;94.83333333;16.28765803;1.39E-09
2277;94.875;94.875;16.34368122;1.39E-09
2278;94.91666667;94.91666667;16.39970442;1.39E-09
2279;94.95833333;94.95833333;16.45572762;1.39E-09
2280;95;95;16.51175081;1.39E-09
2281;95.04166667;95.04166667;16.49716248;1.39E-09
2282;95.08333333;95.08333333;16.48257415;1.39E-09
2283;95.125;95.125;16.46798581;1.39E-09
2284;95.16666667;95.16666667;16.45339748;1.39E-09
2285;95.20833333;95.20833333;16.43880915;1.39E-09
2286;95.25;95.25;16.42422082;1.39E-09
2287;95.29166667;95.29166667;16.40963249;1.38E-09
2288;95.33333333;95.33333333;16.39504415;1.38E-09
2289;95.375;95.375;16.38045582;1.38E-09
2290;95.41666667;95.41666667;16.36586749;1.38E-09
2291;95.45833333;95.45833333;16.35127916;1.38E-09
2292;95.5;95.5;16.33669082;1.38E-09
2293;95.54166667;95.54166667;16.32210249;1.38E-09
2294;95.58333333;95.58333333;16.30751416;1.38E-09
2295;95.625;95.625;16.29292583;1.38E-09
2296;95.66666667;95.66666667;16.2783375;1.38E-09
2297;95.70833333;95.70833333;16.26374916;1.38E-09
2298;95.75;95.75;16.24916083;1.38E-09
2299;95.79166667;95.79166667;16.2345725;1.37E-09
2300;95.83333333;95.83333333;16.21998417;1.37E-09
2301;95.875;95.875;16.20539584;1.37E-09
2302;95.91666667;95.91666667;16.1908075;1.37E-09
2303;95.95833333;95.95833333;16.17621917;1.37E-09
2304;96;96;16.16163084;1.37E-09
2305;96.04166667;96.04166667;16.21031334;1.37E-09
2306;96.08333333;96.08333333;16.25899585;1.37E-09
2307;96.125;96.125;16.30767835;1.37E-09
2308;96.16666667;96.16666667;16.35636086;1.37E-09
2309;96.20833333;96.20833333;16.40504336;1.37E-09
2310;96.25;96.25;16.45372587;1.37E-09
2311;96.29166667;96.29166667;16.50240837;1.36E-09
2312;96.33333333;96.33333333;16.55109087;1.36E-09
2313;96.375;96.375;16.59977338;1.36E-09
2314;96.41666667;96.41666667;16.64845588;1.36E-09
2315;96.45833333;96.45833333;16.69713839;1.36E-09
2316;96.5;96.5;16.74582089;1.36E-09
2317;96.54166667;96.54166667;16.79450339;1.36E-09
2318;96.58333333;96.58333333;16.8431859;1.36E-09
2319;96.625;96.625;16.8918684;1.36E-09
2320;96.66666667;96.66666667;16.94055091;1.36E-09
2321;96.70833333;96.70833333;16.98923341;1.36E-09
2322;96.75;96.75;17.03791592;1.36E-09
2323;96.79166667;96.79166667;17.08659842;1.35E-09
2324;96.83333333;96.83333333;17.13528092;1.35E-09
2325;96.875;96.875;17.18396343;1.35E-09
2326;96.91666667;96.91666667;17.23264593;1.35E-09
2327;96.95833333;96.95833333;17.28132844;1.35E-09
2328;97;97;17.33001094;1.35E-09
2329;97.04166667;97.04166667;17.30363615;1.35E-09
2330;97.08333333;97.08333333;17.27726135;1.35E-09
2331;97.125;97.125;17.25088656;1.35E-09
2332;97.16666667;97.16666667;17.22451177;1.35E-09
2333;97.20833333;97.20833333;17.19813697;1.35E-09
2334;97.25;97.25;17.17176218;1.35E-09
2335;97.29166667;97.29166667;17.14538738;1.34E-09
2336;97.33333333;97.33333333;17.11901259;1.34E-09
2337;97.375;97.375;17.0926378;1.34E-09
2338;97.41666667;97.41666667;17.066263;1.34E-09
2339;97.45833333;97.45833333;17.03988821;1.34E-09
2340;97.5;97.5;17.01351342;1.34E-09
2341;97.54166667;97.54166667;16.98713862;1.34E-09
2342;97.58333333;97.58333333;16.96076383;1.34E-09
2343;97.625;97.625;16.93438903;1.34E-09
2344;97.66666667;97.66666667;16.90801424;1.34E-09
2345;97.70833333;97.70833333;16.88163945;1.34E-09
2346;97.75;97.75;16.85526465;1.34E-09
2347;97.79166667;97.79166667;16.82888986;1.33E-09
2348;97.83333333;97.83333333;16.80251507;1.33E-09
2349;97.875;97.875;16.77614027;1.33E-09
2350;97.91666667;97.91666667;16.74976548;1.33E-09
2351;97.95833333;97.95833333;16.72339068;1.33E-09
2352;98;98;16.69701589;1.33E-09
2353;98.04166667;98.04166667;16.64442967;1.33E-09
2354;98.08333333;98.08333333;16.59184346;1.33E-09
2355;98.125;98.125;16.53925724;1.33E-09
2356;98.16666667;98.16666667;16.48667103;1.33E-09
2357;98.20833333;98.20833333;16.43408481;1.33E-09
2358;98.25;98.25;16.3814986;1.32E-09
2359;98.29166667;98.29166667;16.32891238;1.32E-09
2360;98.33333333;98.33333333;16.27632617;1.32E-09
2361;98.375;98.375;16.22373995;1.32E-09
2362;98.41666667;98.41666667;16.17115374;1.32E-09
2363;98.45833333;98.45833333;16.11856752;1.32E-09
2364;98.5;98.5;16.06598131;1.32E-09
2365;98.54166667;98.54166667;16.01339509;1.32E-09
2366;98.58333333;98.58333333;15.96080887;1.32E-09
2367;98.625;98.625;15.90822266;1.32E-09
2368;98.66666667;98.66666667;15.85563644;1.32E-09
2369;98.70833333;98.70833333;15.80305023;1.32E-09
2370;98.75;98.75;15.75046401;1.32E-09
2371;98.79166667;98.79166667;15.6978778;1.31E-09
2372;98.83333333;98.83333333;15.64529158;1.31E-09
2373;98.875;98.875;15.59270537;1.31E-09
2374;98.91666667;98.91666667;15.54011915;1.31E-09
2375;98.95833333;98.95833333;15.48753294;1.31E-09
2376;99;99;15.43494672;1.31E-09
2377;99.04166667;99.04166667;15.41630748;1.31E-09
2378;99.08333333;99.08333333;15.39766824;1.31E-09
2379;99.125;99.125;15.37902899;1.31E-09
2380;99.16666667;99.16666667;15.36038975;1.31E-09
2381;99.20833333;99.20833333;15.34175051;1.30E-09
2382;99.25;99.25;15.32311127;1.30E-09
2383;99.29166667;99.29166667;15.30447203;1.30E-09
2384;99.33333333;99.33333333;15.28583279;1.30E-09
2385;99.375;99.375;15.26719355;1.30E-09
2386;99.41666667;99.41666667;15.2485543;1.30E-09
2387;99.45833333;99.45833333;15.22991506;1.30E-09
2388;99.5;99.5;15.21127582;1.30E-09
2389;99.54166667;99.54166667;15.19263658;1.29E-09
2390;99.58333333;99.58333333;15.17399734;1.29E-09
2391;99.625;99.625;15.1553581;1.29E-09
2392;99.66666667;99.66666667;15.13671885;1.29E-09
2393;99.70833333;99.70833333;15.11807961;1.29E-09
2394;99.75;99.75;15.09944037;1.29E-09
2395;99.79166667;99.79166667;15.08080113;1.29E-09
2396;99.83333333;99.83333333;15.06216189;1.29E-09
2397;99.875;99.875;15.04352265;1.28E-09
2398;99.91666667;99.91666667;15.0248834;1.28E-09
2399;99.95833333;99.95833333;15.00624416;1.28E-09
2400;100;100;14.98760492;1.28E-09
2401;100.0416667;100.0416667;14.96896568;1.28E-09
2402;100.0833333;100.0833333;14.95032644;1.28E-09
2403;100.125;100.125;14.9316872;1.28E-09
2404;100.1666667;100.1666667;14.91304795;1.27E-09
2405;100.2083333;100.2083333;14.89440871;1.27E-09
2406;100.25;100.25;14.87576947;1.27E-09
2407;100.2916667;100.2916667;14.85713023;1.27E-09
2408;100.3333333;100.3333333;14.83849099;1.27E-09
2409;100.375;100.375;14.81985175;1.27E-09
2410;100.4166667;100.4166667;14.8012125;1.27E-09
2411;100.4583333;100.4583333;14.78257326;1.27E-09
2412;100.5;100.5;14.76393402;1.27E-09
2413;100.5416667;100.5416667;14.74529478;1.26E-09
2414;100.5833333;100.5833333;14.72665554;1.26E-09
2415;100.625;100.625;14.7080163;1.26E-09
2416;100.6666667;100.6666667;14.68937705;1.26E-09
2417;100.7083333;100.7083333;14.67073781;1.26E-09
2418;100.75;100.75;14.65209857;1.26E-09
2419;100.7916667;100.7916667;14.63345933;1.26E-09
2420;100.8333333;100.8333333;14.61482009;1.26E-09
2421;100.875;100.875;14.59618085;1.25E-09
2422;100.9166667;100.9166667;14.5775416;1.25E-09
2423;100.9583333;100.9583333;14.55890236;1.25E-09
2424;101;101;14.54026312;1.25E-09
2425;101.0416667;101.0416667;14.58937074;1.25E-09
2426;101.0833333;101.0833333;14.63847835;1.25E-09
2427;101.125;101.125;14.68758597;1.25E-09
2428;101.1666667;101.1666667;14.73669358;1.25E-09
2429;101.2083333;101.2083333;14.7858012;1.24E-09
2430;101.25;101.25;14.83490881;1.24E-09
2431;101.2916667;101.2916667;14.88401643;1.24E-09
2432;101.3333333;101.3333333;14.93312404;1.24E-09
2433;101.375;101.375;14.98223166;1.24E-09
2434;101.4166667;101.4166667;15.03133927;1.24E-09
2435;101.4583333;101.4583333;15.08044689;1.24E-09
2436;101.5;101.5;15.12955451;1.24E-09
2437;101.5416667;101.5416667;15.17866212;1.23E-09
2438;101.5833333;101.5833333;15.22776974;1.23E-09
2439;101.625;101.625;15.27687735;1.23E-09
2440;101.6666667;101.6666667;15.32598497;1.23E-09
2441;101.7083333;101.7083333;15.37509258;1.23E-09
2442;101.75;101.75;15.4242002;1.23E-09
2443;101.7916667;101.7916667;15.47330781;1.23E-09
2444;101.8333333;101.8333333;15.52241543;1.23E-09
2445;101.875;101.875;15.57152304;1.22E-09
2446;101.9166667;101.9166667;15.62063066;1.22E-09
2447;101.9583333;101.9583333;15.66973827;1.22E-09
2448;102;102;15.71884589;1.22E-09
2449;102.0416667;102.0416667;15.72843869;1.22E-09
2450;102.0833333;102.0833333;15.73803149;1.22E-09
2451;102.125;102.125;15.74762429;1.22E-09
2452;102.1666667;102.1666667;15.75721709;1.22E-09
2453;102.2083333;102.2083333;15.76680989;1.21E-09
2454;102.25;102.25;15.77640269;1.21E-09
2455;102.2916667;102.2916667;15.78599549;1.21E-09
2456;102.3333333;102.3333333;15.79558829;1.21E-09
2457;102.375;102.375;15.80518109;1.21E-09
2458;102.4166667;102.4166667;15.81477389;1.21E-09
2459;102.4583333;102.4583333;15.82436669;1.21E-09
2460;102.5;102.5;15.83395949;1.20E-09
2461;102.5416667;102.5416667;15.84355229;1.20E-09
2462;102.5833333;102.5833333;15.85314509;1.20E-09
2463;102.625;102.625;15.86273789;1.20E-09
2464;102.6666667;102.6666667;15.87233069;1.20E-09
2465;102.7083333;102.7083333;15.88192349;1.20E-09
2466;102.75;102.75;15.89151629;1.20E-09
2467;102.7916667;102.7916667;15.90110909;1.20E-09
2468;102.8333333;102.8333333;15.91070189;1.20E-09
2469;102.875;102.875;15.92029469;1.19E-09
2470;102.9166667;102.9166667;15.92988749;1.19E-09
2471;102.9583333;102.9583333;15.93948029;1.19E-09
2472;103;103;15.94907309;1.19E-09
2473;103.0416667;103.0416667;15.94848165;1.19E-09
2474;103.0833333;103.0833333;15.9478902;1.19E-09
2475;103.125;103.125;15.94729876;1.19E-09
2476;103.1666667;103.1666667;15.94670732;1.19E-09
2477;103.2083333;103.2083333;15.94611587;1.18E-09
2478;103.25;103.25;15.94552443;1.18E-09
2479;103.2916667;103.2916667;15.94493298;1.18E-09
2480;103.3333333;103.3333333;15.94434154;1.18E-09
2481;103.375;103.375;15.9437501;1.18E-09
2482;103.4166667;103.4166667;15.94315865;1.18E-09
2483;103.4583333;103.4583333;15.94256721;1.18E-09
2484;103.5;103.5;15.94197577;1.18E-09
2485;103.5416667;103.5416667;15.94138432;1.17E-09
2486;103.5833333;103.5833333;15.94079288;1.17E-09
2487;103.625;103.625;15.94020143;1.17E-09
2488;103.6666667;103.6666667;15.93960999;1.17E-09
2489;103.7083333;103.7083333;15.93901855;1.17E-09
2490;103.75;103.75;15.9384271;1.17E-09
2491;103.7916667;103.7916667;15.93783566;1.17E-09
2492;103.8333333;103.8333333;15.93724422;1.17E-09
2493;103.875;103.875;15.93665277;1.16E-09
2494;103.9166667;103.9166667;15.93606133;1.16E-09
2495;103.9583333;103.9583333;15.93546988;1.16E-09
2496;104;104;15.93487844;1.16E-09
2497;104.0416667;104.0416667;15.98947215;1.16E-09
2498;104.0833333;104.0833333;16.04406586;1.16E-09
2499;104.125;104.125;16.09865957;1.16E-09
2500;104.1666667;104.1666667;16.15325328;1.15E-09
2501;104.2083333;104.2083333;16.20784699;1.15E-09
2502;104.25;104.25;16.2624407;1.15E-09
2503;104.2916667;104.2916667;16.31703441;1.15E-09
2504;104.3333333;104.3333333;16.37162812;1.15E-09
2505;104.375;104.375;16.42622183;1.15E-09
2506;104.4166667;104.4166667;16.48081554;1.15E-09
2507;104.4583333;104.4583333;16.53540925;1.15E-09
2508;104.5;104.5;16.59000297;1.15E-09
2509;104.5416667;104.5416667;16.64459668;1.14E-09
2510;104.5833333;104.5833333;16.69919039;1.14E-09
2511;104.625;104.625;16.7537841;1.14E-09
2512;104.6666667;104.6666667;16.80837781;1.14E-09
2513;104.7083333;104.7083333;16.86297152;1.14E-09
2514;104.75;104.75;16.91756523;1.14E-09
2515;104.7916667;104.7916667;16.97215894;1.14E-09
2516;104.8333333;104.8333333;17.02675265;1.14E-09
2517;104.875;104.875;17.08134636;1.13E-09
2518;104.9166667;104.9166667;17.13594007;1.13E-09
2519;104.9583333;104.9583333;17.19053378;1.13E-09
2520;105;105;17.24512749;1.13E-09
2521;105.0416667;105.0416667;17.26461025;1.13E-09
2522;105.0833333;105.0833333;17.28409301;1.13E-09
2523;105.125;105.125;17.30357578;1.13E-09
2524;105.1666667;105.1666667;17.32305854;1.12E-09
2525;105.2083333;105.2083333;17.3425413;1.12E-09
2526;105.25;105.25;17.36202406;1.12E-09
2527;105.2916667;105.2916667;17.38150682;1.12E-09
2528;105.3333333;105.3333333;17.40098958;1.12E-09
2529;105.375;105.375;17.42047235;1.12E-09
2530;105.4166667;105.4166667;17.43995511;1.11E-09
2531;105.4583333;105.4583333;17.45943787;1.11E-09
2532;105.5;105.5;17.47892063;1.11E-09
2533;105.5416667;105.5416667;17.49840339;1.11E-09
2534;105.5833333;105.5833333;17.51788615;1.11E-09
2535;105.625;105.625;17.53736892;1.11E-09
2536;105.6666667;105.6666667;17.55685168;1.10E-09
2537;105.7083333;105.7083333;17.57633444;1.10E-09
2538;105.75;105.75;17.5958172;1.10E-09
2539;105.7916667;105.7916667;17.61529996;1.10E-09
2540;105.8333333;105.8333333;17.63478272;1.10E-09
2541;105.875;105.875;17.65426549;1.10E-09
2542;105.9166667;105.9166667;17.67374825;1.09E-09
2543;105.9583333;105.9583333;17.69323101;1.09E-09
2544;106;106;17.71271377;1.09E-09
2545;106.0416667;106.0416667;17.7455184;1.09E-09
2546;106.0833333;106.0833333;17.77832303;1.09E-09
2547;106.125;106.125;17.81112766;1.09E-09
2548;106.1666667;106.1666667;17.84393229;1.08E-09
2549;106.2083333;106.2083333;17.87673691;1.08E-09
2550;106.25;106.25;17.90954154;1.08E-09
2551;106.2916667;106.2916667;17.94234617;1.08E-09
2552;106.3333333;106.3333333;17.9751508;1.08E-09
2553;106.375;106.375;18.00795543;1.08E-09
2554;106.4166667;106.4166667;18.04076006;1.08E-09
2555;106.4583333;106.4583333;18.07356469;1.08E-09
2556;106.5;106.5;18.10636932;1.08E-09
2557;106.5416667;106.5416667;18.13917394;1.07E-09
2558;106.5833333;106.5833333;18.17197857;1.07E-09
2559;106.625;106.625;18.2047832;1.07E-09
2560;106.6666667;106.6666667;18.23758783;1.07E-09
2561;106.7083333;106.7083333;18.27039246;1.07E-09
2562;106.75;106.75;18.30319709;1.07E-09
2563;106.7916667;106.7916667;18.33600172;1.07E-09
2564;106.8333333;106.8333333;18.36880635;1.07E-09
2565;106.875;106.875;18.40161097;1.06E-09
2566;106.9166667;106.9166667;18.4344156;1.06E-09
2567;106.9583333;106.9583333;18.46722023;1.06E-09
2568;107;107;18.50002486;1.06E-09
2569;107.0416667;107.0416667;18.51305578;1.06E-09
2570;107.0833333;107.0833333;18.5260867;1.06E-09
2571;107.125;107.125;18.53911762;1.06E-09
2572;107.1666667;107.1666667;18.55214854;1.06E-09
2573;107.2083333;107.2083333;18.56517946;1.05E-09
2574;107.25;107.25;18.57821038;1.05E-09
2575;107.2916667;107.2916667;18.5912413;1.05E-09
2576;107.3333333;107.3333333;18.60427222;1.05E-09
2577;107.375;107.375;18.61730314;1.05E-09
2578;107.4166667;107.4166667;18.63033406;1.05E-09
2579;107.4583333;107.4583333;18.64336498;1.05E-09
2580;107.5;107.5;18.65639591;1.05E-09
2581;107.5416667;107.5416667;18.66942683;1.04E-09
2582;107.5833333;107.5833333;18.68245775;1.04E-09
2583;107.625;107.625;18.69548867;1.04E-09
2584;107.6666667;107.6666667;18.70851959;1.04E-09
2585;107.7083333;107.7083333;18.72155051;1.04E-09
2586;107.75;107.75;18.73458143;1.04E-09
2587;107.7916667;107.7916667;18.74761235;1.04E-09
2588;107.8333333;107.8333333;18.76064327;1.04E-09
2589;107.875;107.875;18.77367419;1.03E-09
2590;107.9166667;107.9166667;18.78670511;1.03E-09
2591;107.9583333;107.9583333;18.79973603;1.03E-09
2592;108;108;18.81276695;1.03E-09
2593;108.0416667;108.0416667;18.6313065;1.03E-09
2594;108.0833333;108.0833333;18.44984605;1.03E-09
2595;108.125;108.125;18.2683856;1.03E-09
2596;108.1666667;108.1666667;18.08692516;1.02E-09
2597;108.2083333;108.2083333;17.90546471;1.02E-09
2598;108.25;108.25;17.72400426;1.02E-09
2599;108.2916667;108.2916667;17.54254381;1.02E-09
2600;108.3333333;108.3333333;17.36108336;1.02E-09
2601;108.375;108.375;17.17962291;1.02E-09
2602;108.4166667;108.4166667;16.99816246;1.01E-09
2603;108.4583333;108.4583333;16.81670201;1.01E-09
2604;108.5;108.5;16.63524157;1.01E-09
2605;108.5416667;108.5416667;16.45378112;1.01E-09
2606;108.5833333;108.5833333;16.27232067;1.01E-09
2607;108.625;108.625;16.09086022;1.01E-09
2608;108.6666667;108.6666667;15.90939977;1.00E-09
2609;108.7083333;108.7083333;15.72793932;1.00E-09
2610;108.75;108.75;15.54647887;1.00E-09
2611;108.7916667;108.7916667;15.36501842;1.00E-09
2612;108.8333333;108.8333333;15.18355798;9.98E-10
2613;108.875;108.875;15.00209753;9.97E-10
2614;108.9166667;108.9166667;14.82063708;9.95E-10
2615;108.9583333;108.9583333;14.63917663;9.94E-10
2616;109;109;14.45771618;9.92E-10
2617;109.0416667;109.0416667;14.60251814;9.91E-10
2618;109.0833333;109.0833333;14.74732011;9.89E-10
2619;109.125;109.125;14.89212207;9.88E-10
2620;109.1666667;109.1666667;15.03692404;9.86E-10
2621;109.2083333;109.2083333;15.181726;9.85E-10
2622;109.25;109.25;15.32652796;9.84E-10
2623;109.2916667;109.2916667;15.47132993;9.82E-10
2624;109.3333333;109.3333333;15.61613189;9.81E-10
2625;109.375;109.375;15.76093385;9.79E-10
2626;109.4166667;109.4166667;15.90573582;9.78E-10
2627;109.4583333;109.4583333;16.05053778;9.76E-10
2628;109.5;109.5;16.19533975;9.75E-10
2629;109.5416667;109.5416667;16.34014171;9.74E-10
2630;109.5833333;109.5833333;16.48494367;9.72E-10
2631;109.625;109.625;16.62974564;9.71E-10
2632;109.6666667;109.6666667;16.7745476;9.69E-10
2633;109.7083333;109.7083333;16.91934956;9.68E-10
2634;109.75;109.75;17.06415153;9.67E-10
2635;109.7916667;109.7916667;17.20895349;9.65E-10
2636;109.8333333;109.8333333;17.35375546;9.64E-10
2637;109.875;109.875;17.49855742;9.62E-10
2638;109.9166667;109.9166667;17.64335938;9.61E-10
2639;109.9583333;109.9583333;17.78816135;9.59E-10
2640;110;110;17.93296331;9.58E-10
2641;110.0416667;110.0416667;17.91142608;9.57E-10
2642;110.0833333;110.0833333;17.88988885;9.55E-10
2643;110.125;110.125;17.86835162;9.54E-10
2644;110.1666667;110.1666667;17.84681439;9.52E-10
2645;110.2083333;110.2083333;17.82527715;9.51E-10
2646;110.25;110.25;17.80373992;9.49E-10
2647;110.2916667;110.2916667;17.78220269;9.48E-10
2648;110.3333333;110.3333333;17.76066546;9.46E-10
2649;110.375;110.375;17.73912823;9.45E-10
2650;110.4166667;110.4166667;17.717591;9.43E-10
2651;110.4583333;110.4583333;17.69605377;9.42E-10
2652;110.5;110.5;17.67451654;9.41E-10
2653;110.5416667;110.5416667;17.6529793;9.39E-10
2654;110.5833333;110.5833333;17.63144207;9.38E-10
2655;110.625;110.625;17.60990484;9.36E-10
2656;110.6666667;110.6666667;17.58836761;9.35E-10
2657;110.7083333;110.7083333;17.56683038;9.33E-10
2658;110.75;110.75;17.54529315;9.32E-10
2659;110.7916667;110.7916667;17.52375592;9.30E-10
2660;110.8333333;110.8333333;17.50221869;9.29E-10
2661;110.875;110.875;17.48068145;9.27E-10
2662;110.9166667;110.9166667;17.45914422;9.26E-10
2663;110.9583333;110.9583333;17.43760699;9.24E-10
2664;111;111;17.41606976;9.23E-10
2665;111.0416667;111.0416667;17.3953708;9.22E-10
2666;111.0833333;111.0833333;17.37467184;9.20E-10
2667;111.125;111.125;17.35397289;9.19E-10
2668;111.1666667;111.1666667;17.33327393;9.17E-10
2669;111.2083333;111.2083333;17.31257497;9.16E-10
2670;111.25;111.25;17.29187602;9.15E-10
2671;111.2916667;111.2916667;17.27117706;9.13E-10
2672;111.3333333;111.3333333;17.2504781;9.12E-10
2673;111.375;111.375;17.22977914;9.10E-10
2674;111.4166667;111.4166667;17.20908019;9.09E-10
2675;111.4583333;111.4583333;17.18838123;9.07E-10
2676;111.5;111.5;17.16768227;9.06E-10
2677;111.5416667;111.5416667;17.14698331;9.05E-10
2678;111.5833333;111.5833333;17.12628436;9.03E-10
2679;111.625;111.625;17.1055854;9.02E-10
2680;111.6666667;111.6666667;17.08488644;9.00E-10
2681;111.7083333;111.7083333;17.06418748;8.99E-10
2682;111.75;111.75;17.04348853;8.98E-10
2683;111.7916667;111.7916667;17.02278957;8.96E-10
2684;111.8333333;111.8333333;17.00209061;8.95E-10
2685;111.875;111.875;16.98139165;8.93E-10
2686;111.9166667;111.9166667;16.9606927;8.92E-10
2687;111.9583333;111.9583333;16.93999374;8.90E-10
2688;112;112;16.91929478;8.89E-10
2689;112.0416667;112.0416667;16.9407997;8.88E-10
2690;112.0833333;112.0833333;16.96230462;8.86E-10
2691;112.125;112.125;16.98380954;8.85E-10
2692;112.1666667;112.1666667;17.00531445;8.83E-10
2693;112.2083333;112.2083333;17.02681937;8.82E-10
2694;112.25;112.25;17.04832429;8.81E-10
2695;112.2916667;112.2916667;17.06982921;8.79E-10
2696;112.3333333;112.3333333;17.09133413;8.78E-10
2697;112.375;112.375;17.11283905;8.76E-10
2698;112.4166667;112.4166667;17.13434396;8.75E-10
2699;112.4583333;112.4583333;17.15584888;8.73E-10
2700;112.5;112.5;17.1773538;8.72E-10
2701;112.5416667;112.5416667;17.19885872;8.71E-10
2702;112.5833333;112.5833333;17.22036364;8.69E-10
2703;112.625;112.625;17.24186856;8.68E-10
2704;112.6666667;112.6666667;17.26337347;8.66E-10
2705;112.7083333;112.7083333;17.28487839;8.65E-10
2706;112.75;112.75;17.30638331;8.64E-10
2707;112.7916667;112.7916667;17.32788823;8.62E-10
2708;112.8333333;112.8333333;17.34939315;8.61E-10
2709;112.875;112.875;17.37089807;8.59E-10
2710;112.9166667;112.9166667;17.39240298;8.58E-10
2711;112.9583333;112.9583333;17.4139079;8.56E-10
2712;113;113;17.43541282;8.55E-10
2713;113.0416667;113.0416667;17.46282231;8.54E-10
2714;113.0833333;113.0833333;17.4902318;8.52E-10
2715;113.125;113.125;17.51764129;8.51E-10
2716;113.1666667;113.1666667;17.54505078;8.50E-10
2717;113.2083333;113.2083333;17.57246027;8.48E-10
2718;113.25;113.25;17.59986976;8.47E-10
2719;113.2916667;113.2916667;17.62727925;8.45E-10
2720;113.3333333;113.3333333;17.65468874;8.44E-10
2721;113.375;113.375;17.68209823;8.43E-10
2722;113.4166667;113.4166667;17.70950772;8.41E-10
2723;113.4583333;113.4583333;17.73691721;8.40E-10
2724;113.5;113.5;17.7643267;8.38E-10
2725;113.5416667;113.5416667;17.79173619;8.37E-10
2726;113.5833333;113.5833333;17.81914568;8.36E-10
2727;113.625;113.625;17.84655517;8.34E-10
2728;113.6666667;113.6666667;17.87396466;8.33E-10
2729;113.7083333;113.7083333;17.90137415;8.32E-10
2730;113.75;113.75;17.92878364;8.30E-10
2731;113.7916667;113.7916667;17.95619313;8.29E-10
2732;113.8333333;113.8333333;17.98360262;8.28E-10
2733;113.875;113.875;18.01101211;8.26E-10
2734;113.9166667;113.9166667;18.0384216;8.25E-10
2735;113.9583333;113.9583333;18.06583109;8.23E-10
2736;114;114;18.09324058;8.22E-10
2737;114.0416667;114.0416667;18.11620819;8.21E-10
2738;114.0833333;114.0833333;18.13917581;8.19E-10
2739;114.125;114.125;18.16214342;8.18E-10
2740;114.1666667;114.1666667;18.18511103;8.16E-10
2741;114.2083333;114.2083333;18.20807865;8.15E-10
2742;114.25;114.25;18.23104626;8.14E-10
2743;114.2916667;114.2916667;18.25401387;8.12E-10
2744;114.3333333;114.3333333;18.27698149;8.11E-10
2745;114.375;114.375;18.2999491;8.10E-10
2746;114.4166667;114.4166667;18.32291671;8.08E-10
2747;114.4583333;114.4583333;18.34588433;8.07E-10
2748;114.5;114.5;18.36885194;8.06E-10
2749;114.5416667;114.5416667;18.39181955;8.04E-10
2750;114.5833333;114.5833333;18.41478717;8.03E-10
2751;114.625;114.625;18.43775478;8.01E-10
2752;114.6666667;114.6666667;18.46072239;8.00E-10
2753;114.7083333;114.7083333;18.48369001;7.99E-10
2754;114.75;114.75;18.50665762;7.97E-10
2755;114.7916667;114.7916667;18.52962523;7.96E-10
2756;114.8333333;114.8333333;18.55259285;7.95E-10
2757;114.875;114.875;18.57556046;7.93E-10
2758;114.9166667;114.9166667;18.59852807;7.92E-10
2759;114.9583333;114.9583333;18.62149569;7.90E-10
2760;115;115;18.6444633;7.89E-10
2761;115.0416667;115.0416667;18.66583381;7.88E-10
2762;115.0833333;115.0833333;18.68720431;7.86E-10
2763;115.125;115.125;18.70857482;7.85E-10
2764;115.1666667;115.1666667;18.72994533;7.84E-10
2765;115.2083333;115.2083333;18.75131583;7.82E-10
2766;115.25;115.25;18.77268634;7.81E-10
2767;115.2916667;115.2916667;18.79405684;7.80E-10
2768;115.3333333;115.3333333;18.81542735;7.78E-10
2769;115.375;115.375;18.83679786;7.77E-10
2770;115.4166667;115.4166667;18.85816836;7.76E-10
2771;115.4583333;115.4583333;18.87953887;7.74E-10
2772;115.5;115.5;18.90090938;7.73E-10
2773;115.5416667;115.5416667;18.92227988;7.72E-10
2774;115.5833333;115.5833333;18.94365039;7.70E-10
2775;115.625;115.625;18.96502089;7.69E-10
2776;115.6666667;115.6666667;18.9863914;7.68E-10
2777;115.7083333;115.7083333;19.00776191;7.66E-10
2778;115.75;115.75;19.02913241;7.65E-10
2779;115.7916667;115.7916667;19.05050292;7.64E-10
2780;115.8333333;115.8333333;19.07187343;7.62E-10
2781;115.875;115.875;19.09324393;7.61E-10
2782;115.9166667;115.9166667;19.11461444;7.60E-10
2783;115.9583333;115.9583333;19.13598494;7.58E-10
2784;116;116;19.15735545;7.57E-10
2785;116.0416667;116.0416667;19.17510473;7.56E-10
2786;116.0833333;116.0833333;19.19285401;7.54E-10
2787;116.125;116.125;19.21060329;7.53E-10
2788;116.1666667;116.1666667;19.22835257;7.52E-10
2789;116.2083333;116.2083333;19.24610184;7.50E-10
2790;116.25;116.25;19.26385112;7.49E-10
2791;116.2916667;116.2916667;19.2816004;7.48E-10
2792;116.3333333;116.3333333;19.29934968;7.46E-10
2793;116.375;116.375;19.31709896;7.45E-10
2794;116.4166667;116.4166667;19.33484824;7.44E-10
2795;116.4583333;116.4583333;19.35259752;7.42E-10
2796;116.5;116.5;19.3703468;7.41E-10
2797;116.5416667;116.5416667;19.38809607;7.40E-10
2798;116.5833333;116.5833333;19.40584535;7.38E-10
2799;116.625;116.625;19.42359463;7.37E-10
2800;116.6666667;116.6666667;19.44134391;7.36E-10
2801;116.7083333;116.7083333;19.45909319;7.34E-10
2802;116.75;116.75;19.47684247;7.33E-10
2803;116.7916667;116.7916667;19.49459175;7.32E-10
2804;116.8333333;116.8333333;19.51234102;7.30E-10
2805;116.875;116.875;19.5300903;7.29E-10
2806;116.9166667;116.9166667;19.54783958;7.28E-10
2807;116.9583333;116.9583333;19.56558886;7.26E-10
2808;117;117;19.58333814;7.25E-10
2809;117.0416667;117.0416667;19.58053101;7.24E-10
2810;117.0833333;117.0833333;19.57772388;7.22E-10
2811;117.125;117.125;19.57491674;7.21E-10
2812;117.1666667;117.1666667;19.57210961;7.20E-10
2813;117.2083333;117.2083333;19.56930248;7.19E-10
2814;117.25;117.25;19.56649535;7.17E-10
2815;117.2916667;117.2916667;19.56368822;7.16E-10
2816;117.3333333;117.3333333;19.56088108;7.15E-10
2817;117.375;117.375;19.55807395;7.13E-10
2818;117.4166667;117.4166667;19.55526682;7.12E-10
2819;117.4583333;117.4583333;19.55245969;7.11E-10
2820;117.5;117.5;19.54965256;7.10E-10
2821;117.5416667;117.5416667;19.54684542;7.08E-10
2822;117.5833333;117.5833333;19.54403829;7.07E-10
2823;117.625;117.625;19.54123116;7.06E-10
2824;117.6666667;117.6666667;19.53842403;7.04E-10
2825;117.7083333;117.7083333;19.53561689;7.03E-10
2826;117.75;117.75;19.53280976;7.02E-10
2827;117.7916667;117.7916667;19.53000263;7.00E-10
2828;117.8333333;117.8333333;19.5271955;6.99E-10
2829;117.875;117.875;19.52438837;6.98E-10
2830;117.9166667;117.9166667;19.52158123;6.97E-10
2831;117.9583333;117.9583333;19.5187741;6.95E-10
2832;118;118;19.51596697;6.94E-10
2833;118.0416667;118.0416667;19.50197638;6.93E-10
2834;118.0833333;118.0833333;19.48798579;6.91E-10
2835;118.125;118.125;19.4739952;6.90E-10
2836;118.1666667;118.1666667;19.46000461;6.89E-10
2837;118.2083333;118.2083333;19.44601401;6.88E-10
2838;118.25;118.25;19.43202342;6.87E-10
2839;118.2916667;118.2916667;19.41803283;6.85E-10
2840;118.3333333;118.3333333;19.40404224;6.84E-10
2841;118.375;118.375;19.39005165;6.83E-10
2842;118.4166667;118.4166667;19.37606106;6.82E-10
2843;118.4583333;118.4583333;19.36207047;6.80E-10
2844;118.5;118.5;19.34807988;6.79E-10
2845;118.5416667;118.5416667;19.33408928;6.78E-10
2846;118.5833333;118.5833333;19.32009869;6.77E-10
2847;118.625;118.625;19.3061081;6.75E-10
2848;118.6666667;118.6666667;19.29211751;6.74E-10
2849;118.7083333;118.7083333;19.27812692;6.73E-10
2850;118.75;118.75;19.26413633;6.72E-10
2851;118.7916667;118.7916667;19.25014574;6.70E-10
2852;118.8333333;118.8333333;19.23615514;6.69E-10
2853;118.875;118.875;19.22216455;6.68E-10
2854;118.9166667;118.9166667;19.20817396;6.67E-10
2855;118.9583333;118.9583333;19.19418337;6.65E-10
2856;119;119;19.18019278;6.64E-10
2857;119.0416667;119.0416667;19.12861486;6.63E-10
2858;119.0833333;119.0833333;19.07703694;6.62E-10
2859;119.125;119.125;19.02545902;6.60E-10
2860;119.1666667;119.1666667;18.9738811;6.59E-10
2861;119.2083333;119.2083333;18.92230318;6.58E-10
2862;119.25;119.25;18.87072526;6.57E-10
2863;119.2916667;119.2916667;18.81914734;6.56E-10
2864;119.3333333;119.3333333;18.76756942;6.54E-10
2865;119.375;119.375;18.7159915;6.53E-10
2866;119.4166667;119.4166667;18.66441358;6.52E-10
2867;119.4583333;119.4583333;18.61283566;6.51E-10
2868;119.5;119.5;18.56125775;6.50E-10
2869;119.5416667;119.5416667;18.50967983;6.48E-10
2870;119.5833333;119.5833333;18.45810191;6.47E-10
2871;119.625;119.625;18.40652399;6.46E-10
2872;119.6666667;119.6666667;18.35494607;6.45E-10
2873;119.7083333;119.7083333;18.30336815;6.43E-10
2874;119.75;119.75;18.25179023;6.42E-10
2875;119.7916667;119.7916667;18.20021231;6.41E-10
2876;119.8333333;119.8333333;18.14863439;6.40E-10
2877;119.875;119.875;18.09705647;6.39E-10
2878;119.9166667;119.9166667;18.04547855;6.37E-10
2879;119.9583333;119.9583333;17.99390063;6.36E-10
2880;120;120;17.94232271;6.35E-10
2881;120.0416667;120.0416667;17.91486315;6.34E-10
2882;120.0833333;120.0833333;17.88740358;6.33E-10
2883;120.125;120.125;17.85994402;6.31E-10
2884;120.1666667;120.1666667;17.83248446;6.30E-10
2885;120.2083333;120.2083333;17.8050249;6.29E-10
2886;120.25;120.25;17.77756533;6.28E-10
2887;120.2916667;120.2916667;17.75010577;6.27E-10
2888;120.3333333;120.3333333;17.72264621;6.25E-10
2889;120.375;120.375;17.69518664;6.24E-10
2890;120.4166667;120.4166667;17.66772708;6.23E-10
2891;120.4583333;120.4583333;17.64026752;6.22E-10
2892;120.5;120.5;17.61280796;6.21E-10
2893;120.5416667;120.5416667;17.58534839;6.19E-10
2894;120.5833333;120.5833333;17.55788883;6.18E-10
2895;120.625;120.625;17.53042927;6.17E-10
2896;120.6666667;120.6666667;17.5029697;6.16E-10
2897;120.7083333;120.7083333;17.47551014;6.14E-10
2898;120.75;120.75;17.44805058;6.13E-10
2899;120.7916667;120.7916667;17.42059101;6.12E-10
2900;120.8333333;120.8333333;17.39313145;6.11E-10
2901;120.875;120.875;17.36567189;6.10E-10
2902;120.9166667;120.9166667;17.33821233;6.08E-10
2903;120.9583333;120.9583333;17.31075276;6.07E-10
2904;121;121;17.2832932;6.06E-10
2905;121.0416667;121.0416667;17.25983582;6.05E-10
2906;121.0833333;121.0833333;17.23637843;6.04E-10
2907;121.125;121.125;17.21292105;6.02E-10
2908;121.1666667;121.1666667;17.18946367;6.01E-10
2909;121.2083333;121.2083333;17.16600628;6.00E-10
2910;121.25;121.25;17.1425489;5.99E-10
2911;121.2916667;121.2916667;17.11909152;5.98E-10
2912;121.3333333;121.3333333;17.09563413;5.97E-10
2913;121.375;121.375;17.07217675;5.96E-10
2914;121.4166667;121.4166667;17.04871937;5.94E-10
2915;121.4583333;121.4583333;17.02526198;5.93E-10
2916;121.5;121.5;17.0018046;5.92E-10
2917;121.5416667;121.5416667;16.97834722;5.91E-10
2918;121.5833333;121.5833333;16.95488983;5.90E-10
2919;121.625;121.625;16.93143245;5.89E-10
2920;121.6666667;121.6666667;16.90797507;5.87E-10
2921;121.7083333;121.7083333;16.88451768;5.86E-10
2922;121.75;121.75;16.8610603;5.85E-10
2923;121.7916667;121.7916667;16.83760292;5.84E-10
2924;121.8333333;121.8333333;16.81414553;5.83E-10
2925;121.875;121.875;16.79068815;5.82E-10
2926;121.9166667;121.9166667;16.76723077;5.80E-10
2927;121.9583333;121.9583333;16.74377338;5.79E-10
2928;122;122;16.720316;5.78E-10
2929;122.0416667;122.0416667;16.75731802;5.77E-10
2930;122.0833333;122.0833333;16.79432004;5.76E-10
2931;122.125;122.125;16.83132206;5.75E-10
2932;122.1666667;122.1666667;16.86832408;5.74E-10
2933;122.2083333;122.2083333;16.9053261;5.73E-10
2934;122.25;122.25;16.94232812;5.71E-10
2935;122.2916667;122.2916667;16.97933014;5.70E-10
2936;122.3333333;122.3333333;17.01633216;5.69E-10
2937;122.375;122.375;17.05333418;5.68E-10
2938;122.4166667;122.4166667;17.0903362;5.67E-10
2939;122.4583333;122.4583333;17.12733822;5.66E-10
2940;122.5;122.5;17.16434024;5.65E-10
2941;122.5416667;122.5416667;17.20134226;5.64E-10
2942;122.5833333;122.5833333;17.23834428;5.63E-10
2943;122.625;122.625;17.2753463;5.62E-10
2944;122.6666667;122.6666667;17.31234832;5.61E-10
2945;122.7083333;122.7083333;17.34935034;5.60E-10
2946;122.75;122.75;17.38635236;5.59E-10
2947;122.7916667;122.7916667;17.42335438;5.57E-10
2948;122.8333333;122.8333333;17.4603564;5.56E-10
2949;122.875;122.875;17.49735842;5.55E-10
2950;122.9166667;122.9166667;17.53436044;5.54E-10
2951;122.9583333;122.9583333;17.57136246;5.53E-10
2952;123;123;17.60836448;5.52E-10
2953;123.0416667;123.0416667;17.56479725;5.51E-10
2954;123.0833333;123.0833333;17.52123002;5.50E-10
2955;123.125;123.125;17.47766279;5.49E-10
2956;123.1666667;123.1666667;17.43409555;5.48E-10
2957;123.2083333;123.2083333;17.39052832;5.47E-10
2958;123.25;123.25;17.34696109;5.46E-10
2959;123.2916667;123.2916667;17.30339386;5.44E-10
2960;123.3333333;123.3333333;17.25982663;5.43E-10
2961;123.375;123.375;17.21625939;5.42E-10
2962;123.4166667;123.4166667;17.17269216;5.41E-10
2963;123.4583333;123.4583333;17.12912493;5.40E-10
2964;123.5;123.5;17.0855577;5.39E-10
2965;123.5416667;123.5416667;17.04199047;5.38E-10
2966;123.5833333;123.5833333;16.99842324;5.37E-10
2967;123.625;123.625;16.95485601;5.36E-10
2968;123.6666667;123.6666667;16.91128877;5.35E-10
2969;123.7083333;123.7083333;16.86772154;5.34E-10
2970;123.75;123.75;16.82415431;5.33E-10
2971;123.7916667;123.7916667;16.78058708;5.31E-10
2972;123.8333333;123.8333333;16.73701985;5.30E-10
2973;123.875;123.875;16.69345261;5.29E-10
2974;123.9166667;123.9166667;16.64988538;5.28E-10
2975;123.9583333;123.9583333;16.60631815;5.27E-10
2976;124;124;16.56275092;5.26E-10
2977;124.0416667;124.0416667;16.52272529;5.25E-10
2978;124.0833333;124.0833333;16.48269966;5.24E-10
2979;124.125;124.125;16.44267403;5.23E-10
2980;124.1666667;124.1666667;16.4026484;5.22E-10
2981;124.2083333;124.2083333;16.36262277;5.21E-10
2982;124.25;124.25;16.32259714;5.20E-10
2983;124.2916667;124.2916667;16.28257151;5.18E-10
2984;124.3333333;124.3333333;16.24254588;5.17E-10
2985;124.375;124.375;16.20252025;5.16E-10
2986;124.4166667;124.4166667;16.16249462;5.15E-10
2987;124.4583333;124.4583333;16.12246899;5.14E-10
2988;124.5;124.5;16.08244336;5.13E-10
2989;124.5416667;124.5416667;16.04241772;5.12E-10
2990;124.5833333;124.5833333;16.00239209;5.11E-10
2991;124.625;124.625;15.96236646;5.10E-10
2992;124.6666667;124.6666667;15.92234083;5.09E-10
2993;124.7083333;124.7083333;15.8823152;5.08E-10
2994;124.75;124.75;15.84228957;5.07E-10
2995;124.7916667;124.7916667;15.80226394;5.05E-10
2996;124.8333333;124.8333333;15.76223831;5.04E-10
2997;124.875;124.875;15.72221268;5.03E-10
2998;124.9166667;124.9166667;15.68218705;5.02E-10
2999;124.9583333;124.9583333;15.64216142;5.01E-10
3000;125;125;15.60213579;5.00E-10
3001;125.0416667;125.0416667;15.5688777;4.99E-10
3002;125.0833333;125.0833333;15.53561961;4.98E-10
3003;125.125;125.125;15.50236151;4.97E-10
3004;125.1666667;125.1666667;15.46910342;4.96E-10
3005;125.2083333;125.2083333;15.43584533;4.95E-10
3006;125.25;125.25;15.40258724;4.94E-10
3007;125.2916667;125.2916667;15.36932914;4.93E-10
3008;125.3333333;125.3333333;15.33607105;4.92E-10
3009;125.375;125.375;15.30281296;4.91E-10
3010;125.4166667;125.4166667;15.26955487;4.90E-10
3011;125.4583333;125.4583333;15.23629677;4.89E-10
3012;125.5;125.5;15.20303868;4.88E-10
3013;125.5416667;125.5416667;15.16978059;4.87E-10
3014;125.5833333;125.5833333;15.1365225;4.86E-10
3015;125.625;125.625;15.1032644;4.85E-10
3016;125.6666667;125.6666667;15.07000631;4.84E-10
3017;125.7083333;125.7083333;15.03674822;4.83E-10
3018;125.75;125.75;15.00349012;4.82E-10
3019;125.7916667;125.7916667;14.97023203;4.81E-10
3020;125.8333333;125.8333333;14.93697394;4.80E-10
3021;125.875;125.875;14.90371585;4.79E-10
3022;125.9166667;125.9166667;14.87045775;4.78E-10
3023;125.9583333;125.9583333;14.83719966;4.77E-10
3024;126;126;14.80394157;4.76E-10
3025;126.0416667;126.0416667;14.79069239;4.75E-10
3026;126.0833333;126.0833333;14.7774432;4.74E-10
3027;126.125;126.125;14.76419402;4.73E-10
3028;126.1666667;126.1666667;14.75094483;4.72E-10
3029;126.2083333;126.2083333;14.73769564;4.71E-10
3030;126.25;126.25;14.72444646;4.70E-10
3031;126.2916667;126.2916667;14.71119728;4.69E-10
3032;126.3333333;126.3333333;14.69794809;4.68E-10
3033;126.375;126.375;14.68469891;4.67E-10
3034;126.4166667;126.4166667;14.67144972;4.66E-10
3035;126.4583333;126.4583333;14.65820053;4.65E-10
3036;126.5;126.5;14.64495135;4.65E-10
3037;126.5416667;126.5416667;14.63170217;4.64E-10
3038;126.5833333;126.5833333;14.61845298;4.63E-10
3039;126.625;126.625;14.6052038;4.62E-10
3040;126.6666667;126.6666667;14.59195461;4.61E-10
3041;126.7083333;126.7083333;14.57870542;4.60E-10
3042;126.75;126.75;14.56545624;4.59E-10
3043;126.7916667;126.7916667;14.55220706;4.58E-10
3044;126.8333333;126.8333333;14.53895787;4.57E-10
3045;126.875;126.875;14.52570869;4.56E-10
3046;126.9166667;126.9166667;14.5124595;4.55E-10
3047;126.9583333;126.9583333;14.49921032;4.54E-10
3048;127;127;14.48596113;4.53E-10
3049;127.0416667;127.0416667;14.56066144;4.52E-10
3050;127.0833333;127.0833333;14.63536175;4.51E-10
3051;127.125;127.125;14.71006206;4.50E-10
3052;127.1666667;127.1666667;14.78476238;4.49E-10
3053;127.2083333;127.2083333;14.85946269;4.48E-10
3054;127.25;127.25;14.934163;4.47E-10
3055;127.2916667;127.2916667;15.00886331;4.46E-10
3056;127.3333333;127.3333333;15.08356362;4.45E-10
3057;127.375;127.375;15.15826393;4.44E-10
3058;127.4166667;127.4166667;15.23296424;4.43E-10
3059;127.4583333;127.4583333;15.30766455;4.42E-10
3060;127.5;127.5;15.38236487;4.42E-10
3061;127.5416667;127.5416667;15.45706518;4.41E-10
3062;127.5833333;127.5833333;15.53176549;4.40E-10
3063;127.625;127.625;15.6064658;4.39E-10
3064;127.6666667;127.6666667;15.68116611;4.38E-10
3065;127.7083333;127.7083333;15.75586642;4.37E-10
3066;127.75;127.75;15.83056673;4.36E-10
3067;127.7916667;127.7916667;15.90526704;4.35E-10
3068;127.8333333;127.8333333;15.97996736;4.34E-10
3069;127.875;127.875;16.05466767;4.33E-10
3070;127.9166667;127.9166667;16.12936798;4.32E-10
3071;127.9583333;127.9583333;16.20406829;4.31E-10
3072;128;128;16.2787686;4.30E-10
3073;128.0416667;128.0416667;16.32997139;4.29E-10
3074;128.0833333;128.0833333;16.38117418;4.28E-10
3075;128.125;128.125;16.43237697;4.27E-10
3076;128.1666667;128.1666667;16.48357976;4.27E-10
3077;128.2083333;128.2083333;16.53478255;4.26E-10
3078;128.25;128.25;16.58598534;4.25E-10
3079;128.2916667;128.2916667;16.63718814;4.24E-10
3080;128.3333333;128.3333333;16.68839093;4.23E-10
3081;128.375;128.375;16.73959372;4.22E-10
3082;128.4166667;128.4166667;16.79079651;4.21E-10
3083;128.4583333;128.4583333;16.8419993;4.20E-10
3084;128.5;128.5;16.89320209;4.20E-10
3085;128.5416667;128.5416667;16.94440488;4.19E-10
3086;128.5833333;128.5833333;16.99560767;4.18E-10
3087;128.625;128.625;17.04681046;4.17E-10
3088;128.6666667;128.6666667;17.09801325;4.16E-10
3089;128.7083333;128.7083333;17.14921604;4.15E-10
3090;128.75;128.75;17.20041884;4.14E-10
3091;128.7916667;128.7916667;17.25162163;4.13E-10
3092;128.8333333;128.8333333;17.30282442;4.12E-10
3093;128.875;128.875;17.35402721;4.12E-10
3094;128.9166667;128.9166667;17.40523;4.11E-10
3095;128.9583333;128.9583333;17.45643279;4.10E-10
3096;129;129;17.50763558;4.09E-10
3097;129.0416667;129.0416667;17.54767393;4.08E-10
3098;129.0833333;129.0833333;17.58771227;4.07E-10
3099;129.125;129.125;17.62775062;4.06E-10
3100;129.1666667;129.1666667;17.66778896;4.06E-10
3101;129.2083333;129.2083333;17.70782731;4.05E-10
3102;129.25;129.25;17.74786565;4.04E-10
3103;129.2916667;129.2916667;17.787904;4.03E-10
3104;129.3333333;129.3333333;17.82794234;4.02E-10
3105;129.375;129.375;17.86798069;4.01E-10
3106;129.4166667;129.4166667;17.90801903;4.00E-10
3107;129.4583333;129.4583333;17.94805738;3.99E-10
3108;129.5;129.5;17.98809573;3.99E-10
3109;129.5416667;129.5416667;18.02813407;3.98E-10
3110;129.5833333;129.5833333;18.06817242;3.97E-10
3111;129.625;129.625;18.10821076;3.96E-10
3112;129.6666667;129.6666667;18.14824911;3.95E-10
3113;129.7083333;129.7083333;18.18828745;3.94E-10
3114;129.75;129.75;18.2283258;3.93E-10
3115;129.7916667;129.7916667;18.26836414;3.92E-10
3116;129.8333333;129.8333333;18.30840249;3.92E-10
3117;129.875;129.875;18.34844083;3.91E-10
3118;129.9166667;129.9166667;18.38847918;3.90E-10
3119;129.9583333;129.9583333;18.42851752;3.89E-10
3120;130;130;18.46855587;3.88E-10
3121;130.0416667;130.0416667;18.4962159;3.87E-10
3122;130.0833333;130.0833333;18.52387592;3.86E-10
3123;130.125;130.125;18.55153595;3.86E-10
3124;130.1666667;130.1666667;18.57919598;3.85E-10
3125;130.2083333;130.2083333;18.606856;3.84E-10
3126;130.25;130.25;18.63451603;3.83E-10
3127;130.2916667;130.2916667;18.66217606;3.82E-10
3128;130.3333333;130.3333333;18.68983608;3.81E-10
3129;130.375;130.375;18.71749611;3.81E-10
3130;130.4166667;130.4166667;18.74515614;3.80E-10
3131;130.4583333;130.4583333;18.77281616;3.79E-10
3132;130.5;130.5;18.80047619;3.78E-10
3133;130.5416667;130.5416667;18.82813622;3.77E-10
3134;130.5833333;130.5833333;18.85579624;3.76E-10
3135;130.625;130.625;18.88345627;3.76E-10
3136;130.6666667;130.6666667;18.9111163;3.75E-10
3137;130.7083333;130.7083333;18.93877632;3.74E-10
3138;130.75;130.75;18.96643635;3.73E-10
3139;130.7916667;130.7916667;18.99409638;3.72E-10
3140;130.8333333;130.8333333;19.0217564;3.71E-10
3141;130.875;130.875;19.04941643;3.71E-10
3142;130.9166667;130.9166667;19.07707646;3.70E-10
3143;130.9583333;130.9583333;19.10473648;3.69E-10
3144;131;131;19.13239651;3.68E-10
3145;131.0416667;131.0416667;19.10504894;3.67E-10
3146;131.0833333;131.0833333;19.07770136;3.66E-10
3147;131.125;131.125;19.05035379;3.66E-10
3148;131.1666667;131.1666667;19.02300622;3.65E-10
3149;131.2083333;131.2083333;18.99565864;3.64E-10
3150;131.25;131.25;18.96831107;3.63E-10
3151;131.2916667;131.2916667;18.94096349;3.62E-10
3152;131.3333333;131.3333333;18.91361592;3.62E-10
3153;131.375;131.375;18.88626835;3.61E-10
3154;131.4166667;131.4166667;18.85892077;3.60E-10
3155;131.4583333;131.4583333;18.8315732;3.59E-10
3156;131.5;131.5;18.80422563;3.59E-10
3157;131.5416667;131.5416667;18.77687805;3.58E-10
3158;131.5833333;131.5833333;18.74953048;3.57E-10
3159;131.625;131.625;18.7221829;3.56E-10
3160;131.6666667;131.6666667;18.69483533;3.55E-10
3161;131.7083333;131.7083333;18.66748776;3.55E-10
3162;131.75;131.75;18.64014018;3.54E-10
3163;131.7916667;131.7916667;18.61279261;3.53E-10
3164;131.8333333;131.8333333;18.58544504;3.52E-10
3165;131.875;131.875;18.55809746;3.51E-10
3166;131.9166667;131.9166667;18.53074989;3.51E-10
3167;131.9583333;131.9583333;18.50340231;3.50E-10
3168;132;132;18.47605474;3.49E-10
3169;132.0416667;132.0416667;18.49555166;3.48E-10
3170;132.0833333;132.0833333;18.51504859;3.48E-10
3171;132.125;132.125;18.53454551;3.47E-10
3172;132.1666667;132.1666667;18.55404244;3.46E-10
3173;132.2083333;132.2083333;18.57353936;3.45E-10
3174;132.25;132.25;18.59303629;3.45E-10
3175;132.2916667;132.2916667;18.61253321;3.44E-10
3176;132.3333333;132.3333333;18.63203013;3.43E-10
3177;132.375;132.375;18.65152706;3.42E-10
3178;132.4166667;132.4166667;18.67102398;3.42E-10
3179;132.4583333;132.4583333;18.69052091;3.41E-10
3180;132.5;132.5;18.71001783;3.40E-10
3181;132.5416667;132.5416667;18.72951475;3.39E-10
3182;132.5833333;132.5833333;18.74901168;3.38E-10
3183;132.625;132.625;18.7685086;3.38E-10
3184;132.6666667;132.6666667;18.78800553;3.37E-10
3185;132.7083333;132.7083333;18.80750245;3.36E-10
3186;132.75;132.75;18.82699938;3.36E-10
3187;132.7916667;132.7916667;18.8464963;3.35E-10
3188;132.8333333;132.8333333;18.86599322;3.34E-10
3189;132.875;132.875;18.88549015;3.33E-10
3190;132.9166667;132.9166667;18.90498707;3.33E-10
3191;132.9583333;132.9583333;18.924484;3.32E-10
3192;133;133;18.94398092;3.31E-10
3193;133.0416667;133.0416667;19.00237592;3.30E-10
3194;133.0833333;133.0833333;19.06077093;3.30E-10
3195;133.125;133.125;19.11916593;3.29E-10
3196;133.1666667;133.1666667;19.17756094;3.28E-10
3197;133.2083333;133.2083333;19.23595594;3.27E-10
3198;133.25;133.25;19.29435094;3.27E-10
3199;133.2916667;133.2916667;19.35274595;3.26E-10
3200;133.3333333;133.3333333;19.41114095;3.25E-10
3201;133.375;133.375;19.46953595;3.24E-10
3202;133.4166667;133.4166667;19.52793096;3.24E-10
3203;133.4583333;133.4583333;19.58632596;3.23E-10
3204;133.5;133.5;19.64472097;3.22E-10
3205;133.5416667;133.5416667;19.70311597;3.21E-10
3206;133.5833333;133.5833333;19.76151097;3.21E-10
3207;133.625;133.625;19.81990598;3.20E-10
3208;133.6666667;133.6666667;19.87830098;3.19E-10
3209;133.7083333;133.7083333;19.93669598;3.18E-10
3210;133.75;133.75;19.99509099;3.18E-10
3211;133.7916667;133.7916667;20.05348599;3.17E-10
3212;133.8333333;133.8333333;20.111881;3.16E-10
3213;133.875;133.875;20.170276;3.15E-10
3214;133.9166667;133.9166667;20.228671;3.15E-10
3215;133.9583333;133.9583333;20.28706601;3.14E-10
3216;134;134;20.34546101;3.13E-10
3217;134.0416667;134.0416667;20.29241609;3.12E-10
3218;134.0833333;134.0833333;20.23937117;3.12E-10
3219;134.125;134.125;20.18632624;3.11E-10
3220;134.1666667;134.1666667;20.13328132;3.10E-10
3221;134.2083333;134.2083333;20.0802364;3.10E-10
3222;134.25;134.25;20.02719148;3.09E-10
3223;134.2916667;134.2916667;19.97414656;3.08E-10
3224;134.3333333;134.3333333;19.92110163;3.08E-10
3225;134.375;134.375;19.86805671;3.07E-10
3226;134.4166667;134.4166667;19.81501179;3.06E-10
3227;134.4583333;134.4583333;19.76196687;3.06E-10
3228;134.5;134.5;19.70892195;3.05E-10
3229;134.5416667;134.5416667;19.65587702;3.04E-10
3230;134.5833333;134.5833333;19.6028321;3.04E-10
3231;134.625;134.625;19.54978718;3.03E-10
3232;134.6666667;134.6666667;19.49674226;3.02E-10
3233;134.7083333;134.7083333;19.44369733;3.02E-10
3234;134.75;134.75;19.39065241;3.01E-10
3235;134.7916667;134.7916667;19.33760749;3.00E-10
3236;134.8333333;134.8333333;19.28456257;3.00E-10
3237;134.875;134.875;19.23151765;2.99E-10
3238;134.9166667;134.9166667;19.17847272;2.98E-10
3239;134.9583333;134.9583333;19.1254278;2.98E-10
3240;135;135;19.07238288;2.97E-10
3241;135.0416667;135.0416667;19.04041112;2.96E-10
3242;135.0833333;135.0833333;19.00843936;2.96E-10
3243;135.125;135.125;18.97646761;2.95E-10
3244;135.1666667;135.1666667;18.94449585;2.94E-10
3245;135.2083333;135.2083333;18.91252409;2.94E-10
3246;135.25;135.25;18.88055233;2.93E-10
3247;135.2916667;135.2916667;18.84858057;2.92E-10
3248;135.3333333;135.3333333;18.81660881;2.92E-10
3249;135.375;135.375;18.78463706;2.91E-10
3250;135.4166667;135.4166667;18.7526653;2.90E-10
3251;135.4583333;135.4583333;18.72069354;2.90E-10
3252;135.5;135.5;18.68872178;2.89E-10
3253;135.5416667;135.5416667;18.65675002;2.88E-10
3254;135.5833333;135.5833333;18.62477826;2.88E-10
3255;135.625;135.625;18.59280651;2.87E-10
3256;135.6666667;135.6666667;18.56083475;2.86E-10
3257;135.7083333;135.7083333;18.52886299;2.86E-10
3258;135.75;135.75;18.49689123;2.85E-10
3259;135.7916667;135.7916667;18.46491947;2.84E-10
3260;135.8333333;135.8333333;18.43294771;2.84E-10
3261;135.875;135.875;18.40097596;2.83E-10
3262;135.9166667;135.9166667;18.3690042;2.82E-10
3263;135.9583333;135.9583333;18.33703244;2.82E-10
3264;136;136;18.30506068;2.81E-10
3265;136.0416667;136.0416667;18.26446888;2.80E-10
3266;136.0833333;136.0833333;18.22387709;2.80E-10
3267;136.125;136.125;18.18328529;2.79E-10
3268;136.1666667;136.1666667;18.1426935;2.79E-10
3269;136.2083333;136.2083333;18.1021017;2.78E-10
3270;136.25;136.25;18.0615099;2.77E-10
3271;136.2916667;136.2916667;18.02091811;2.77E-10
3272;136.3333333;136.3333333;17.98032631;2.76E-10
3273;136.375;136.375;17.93973451;2.75E-10
3274;136.4166667;136.4166667;17.89914272;2.75E-10
3275;136.4583333;136.4583333;17.85855092;2.74E-10
3276;136.5;136.5;17.81795913;2.74E-10
3277;136.5416667;136.5416667;17.77736733;2.73E-10
3278;136.5833333;136.5833333;17.73677553;2.72E-10
3279;136.625;136.625;17.69618374;2.72E-10
3280;136.6666667;136.6666667;17.65559194;2.71E-10
3281;136.7083333;136.7083333;17.61500014;2.70E-10
3282;136.75;136.75;17.57440835;2.70E-10
3283;136.7916667;136.7916667;17.53381655;2.69E-10
3284;136.8333333;136.8333333;17.49322476;2.69E-10
3285;136.875;136.875;17.45263296;2.68E-10
3286;136.9166667;136.9166667;17.41204116;2.67E-10
3287;136.9583333;136.9583333;17.37144937;2.67E-10
3288;137;137;17.33085757;2.66E-10
3289;137.0416667;137.0416667;17.37510316;2.65E-10
3290;137.0833333;137.0833333;17.41934874;2.65E-10
3291;137.125;137.125;17.46359433;2.64E-10
3292;137.1666667;137.1666667;17.50783991;2.64E-10
3293;137.2083333;137.2083333;17.5520855;2.63E-10
3294;137.25;137.25;17.59633109;2.62E-10
3295;137.2916667;137.2916667;17.64057667;2.62E-10
3296;137.3333333;137.3333333;17.68482226;2.61E-10
3297;137.375;137.375;17.72906785;2.60E-10
3298;137.4166667;137.4166667;17.77331343;2.60E-10
3299;137.4583333;137.4583333;17.81755902;2.59E-10
3300;137.5;137.5;17.86180461;2.59E-10
3301;137.5416667;137.5416667;17.90605019;2.58E-10
3302;137.5833333;137.5833333;17.95029578;2.57E-10
3303;137.625;137.625;17.99454136;2.57E-10
3304;137.6666667;137.6666667;18.03878695;2.56E-10
3305;137.7083333;137.7083333;18.08303254;2.55E-10
3306;137.75;137.75;18.12727812;2.55E-10
3307;137.7916667;137.7916667;18.17152371;2.54E-10
3308;137.8333333;137.8333333;18.2157693;2.54E-10
3309;137.875;137.875;18.26001488;2.53E-10
3310;137.9166667;137.9166667;18.30426047;2.52E-10
3311;137.9583333;137.9583333;18.34850605;2.52E-10
3312;138;138;18.39275164;2.51E-10
3313;138.0416667;138.0416667;18.43832064;2.50E-10
3314;138.0833333;138.0833333;18.48388965;2.50E-10
3315;138.125;138.125;18.52945865;2.49E-10
3316;138.1666667;138.1666667;18.57502765;2.49E-10
3317;138.2083333;138.2083333;18.62059665;2.48E-10
3318;138.25;138.25;18.66616566;2.48E-10
3319;138.2916667;138.2916667;18.71173466;2.47E-10
3320;138.3333333;138.3333333;18.75730366;2.47E-10
3321;138.375;138.375;18.80287267;2.46E-10
3322;138.4166667;138.4166667;18.84844167;2.46E-10
3323;138.4583333;138.4583333;18.89401067;2.45E-10
3324;138.5;138.5;18.93957968;2.45E-10
3325;138.5416667;138.5416667;18.98514868;2.44E-10
3326;138.5833333;138.5833333;19.03071768;2.43E-10
3327;138.625;138.625;19.07628668;2.43E-10
3328;138.6666667;138.6666667;19.12185569;2.42E-10
3329;138.7083333;138.7083333;19.16742469;2.42E-10
3330;138.75;138.75;19.21299369;2.41E-10
3331;138.7916667;138.7916667;19.2585627;2.41E-10
3332;138.8333333;138.8333333;19.3041317;2.40E-10
3333;138.875;138.875;19.3497007;2.40E-10
3334;138.9166667;138.9166667;19.3952697;2.39E-10
3335;138.9583333;138.9583333;19.44083871;2.39E-10
3336;139;139;19.48640771;2.38E-10
3337;139.0416667;139.0416667;19.48992249;2.37E-10
3338;139.0833333;139.0833333;19.49343727;2.37E-10
3339;139.125;139.125;19.49695204;2.36E-10
3340;139.1666667;139.1666667;19.50046682;2.36E-10
3341;139.2083333;139.2083333;19.5039816;2.35E-10
3342;139.25;139.25;19.50749638;2.35E-10
3343;139.2916667;139.2916667;19.51101115;2.34E-10
3344;139.3333333;139.3333333;19.51452593;2.34E-10
3345;139.375;139.375;19.51804071;2.33E-10
3346;139.4166667;139.4166667;19.52155549;2.33E-10
3347;139.4583333;139.4583333;19.52507026;2.32E-10
3348;139.5;139.5;19.52858504;2.32E-10
3349;139.5416667;139.5416667;19.53209982;2.31E-10
3350;139.5833333;139.5833333;19.5356146;2.30E-10
3351;139.625;139.625;19.53912937;2.30E-10
3352;139.6666667;139.6666667;19.54264415;2.29E-10
3353;139.7083333;139.7083333;19.54615893;2.29E-10
3354;139.75;139.75;19.54967371;2.28E-10
3355;139.7916667;139.7916667;19.55318848;2.28E-10
3356;139.8333333;139.8333333;19.55670326;2.27E-10
3357;139.875;139.875;19.56021804;2.27E-10
3358;139.9166667;139.9166667;19.56373282;2.26E-10
3359;139.9583333;139.9583333;19.56724759;2.26E-10
3360;140;140;19.57076237;2.25E-10
3361;140.0416667;140.0416667;19.52069441;2.24E-10
3362;140.0833333;140.0833333;19.47062645;2.24E-10
3363;140.125;140.125;19.42055848;2.23E-10
3364;140.1666667;140.1666667;19.37049052;2.23E-10
3365;140.2083333;140.2083333;19.32042256;2.22E-10
3366;140.25;140.25;19.2703546;2.22E-10
3367;140.2916667;140.2916667;19.22028663;2.21E-10
3368;140.3333333;140.3333333;19.17021867;2.21E-10
3369;140.375;140.375;19.12015071;2.20E-10
3370;140.4166667;140.4166667;19.07008275;2.20E-10
3371;140.4583333;140.4583333;19.02001478;2.19E-10
3372;140.5;140.5;18.96994682;2.19E-10
3373;140.5416667;140.5416667;18.91987886;2.18E-10
3374;140.5833333;140.5833333;18.8698109;2.17E-10
3375;140.625;140.625;18.81974293;2.17E-10
3376;140.6666667;140.6666667;18.76967497;2.16E-10
3377;140.7083333;140.7083333;18.71960701;2.16E-10
3378;140.75;140.75;18.66953905;2.15E-10
3379;140.7916667;140.7916667;18.61947108;2.15E-10
3380;140.8333333;140.8333333;18.56940312;2.14E-10
3381;140.875;140.875;18.51933516;2.14E-10
3382;140.9166667;140.9166667;18.4692672;2.13E-10
3383;140.9583333;140.9583333;18.41919923;2.13E-10
3384;141;141;18.36913127;2.12E-10
3385;141.0416667;141.0416667;18.33785037;2.12E-10
3386;141.0833333;141.0833333;18.30656948;2.11E-10
3387;141.125;141.125;18.27528858;2.11E-10
3388;141.1666667;141.1666667;18.24400768;2.10E-10
3389;141.2083333;141.2083333;18.21272678;2.10E-10
3390;141.25;141.25;18.18144589;2.09E-10
3391;141.2916667;141.2916667;18.15016499;2.09E-10
3392;141.3333333;141.3333333;18.11888409;2.08E-10
3393;141.375;141.375;18.08760319;2.08E-10
3394;141.4166667;141.4166667;18.0563223;2.07E-10
3395;141.4583333;141.4583333;18.0250414;2.07E-10
3396;141.5;141.5;17.9937605;2.06E-10
3397;141.5416667;141.5416667;17.9624796;2.06E-10
3398;141.5833333;141.5833333;17.93119871;2.05E-10
3399;141.625;141.625;17.89991781;2.05E-10
3400;141.6666667;141.6666667;17.86863691;2.04E-10
3401;141.7083333;141.7083333;17.83735601;2.04E-10
3402;141.75;141.75;17.80607512;2.03E-10
3403;141.7916667;141.7916667;17.77479422;2.03E-10
3404;141.8333333;141.8333333;17.74351332;2.02E-10
3405;141.875;141.875;17.71223242;2.02E-10
3406;141.9166667;141.9166667;17.68095153;2.01E-10
3407;141.9583333;141.9583333;17.64967063;2.01E-10
3408;142;142;17.61838973;2.00E-10
3409;142.0416667;142.0416667;17.57955771;2.00E-10
3410;142.0833333;142.0833333;17.5407257;1.99E-10
3411;142.125;142.125;17.50189368;1.99E-10
3412;142.1666667;142.1666667;17.46306167;1.98E-10
3413;142.2083333;142.2083333;17.42422965;1.98E-10
3414;142.25;142.25;17.38539764;1.97E-10
3415;142.2916667;142.2916667;17.34656562;1.97E-10
3416;142.3333333;142.3333333;17.3077336;1.96E-10
3417;142.375;142.375;17.26890159;1.96E-10
3418;142.4166667;142.4166667;17.23006957;1.95E-10
3419;142.4583333;142.4583333;17.19123756;1.95E-10
3420;142.5;142.5;17.15240554;1.95E-10
3421;142.5416667;142.5416667;17.11357352;1.94E-10
3422;142.5833333;142.5833333;17.07474151;1.94E-10
3423;142.625;142.625;17.03590949;1.93E-10
3424;142.6666667;142.6666667;16.99707748;1.93E-10
3425;142.7083333;142.7083333;16.95824546;1.92E-10
3426;142.75;142.75;16.91941345;1.92E-10
3427;142.7916667;142.7916667;16.88058143;1.91E-10
3428;142.8333333;142.8333333;16.84174941;1.91E-10
3429;142.875;142.875;16.8029174;1.90E-10
3430;142.9166667;142.9166667;16.76408538;1.90E-10
3431;142.9583333;142.9583333;16.72525337;1.89E-10
3432;143;143;16.68642135;1.89E-10
3433;143.0416667;143.0416667;16.72256222;1.89E-10
3434;143.0833333;143.0833333;16.7587031;1.88E-10
3435;143.125;143.125;16.79484397;1.88E-10
3436;143.1666667;143.1666667;16.83098485;1.87E-10
3437;143.2083333;143.2083333;16.86712572;1.87E-10
3438;143.25;143.25;16.9032666;1.86E-10
3439;143.2916667;143.2916667;16.93940747;1.86E-10
3440;143.3333333;143.3333333;16.97554835;1.85E-10
3441;143.375;143.375;17.01168922;1.85E-10
3442;143.4166667;143.4166667;17.0478301;1.84E-10
3443;143.4583333;143.4583333;17.08397097;1.84E-10
3444;143.5;143.5;17.12011185;1.83E-10
3445;143.5416667;143.5416667;17.15625272;1.83E-10
3446;143.5833333;143.5833333;17.19239359;1.83E-10
3447;143.625;143.625;17.22853447;1.82E-10
3448;143.6666667;143.6666667;17.26467534;1.82E-10
3449;143.7083333;143.7083333;17.30081622;1.81E-10
3450;143.75;143.75;17.33695709;1.81E-10
3451;143.7916667;143.7916667;17.37309797;1.80E-10
3452;143.8333333;143.8333333;17.40923884;1.80E-10
3453;143.875;143.875;17.44537972;1.79E-10
3454;143.9166667;143.9166667;17.48152059;1.79E-10
3455;143.9583333;143.9583333;17.51766147;1.78E-10
3456;144;144;17.55380234;1.78E-10
3457;144.0416667;144.0416667;17.59463529;1.78E-10
3458;144.0833333;144.0833333;17.63546823;1.77E-10
3459;144.125;144.125;17.67630118;1.77E-10
3460;144.1666667;144.1666667;17.71713413;1.76E-10
3461;144.2083333;144.2083333;17.75796708;1.76E-10
3462;144.25;144.25;17.79880002;1.76E-10
3463;144.2916667;144.2916667;17.83963297;1.75E-10
3464;144.3333333;144.3333333;17.88046592;1.75E-10
3465;144.375;144.375;17.92129886;1.74E-10
3466;144.4166667;144.4166667;17.96213181;1.74E-10
3467;144.4583333;144.4583333;18.00296476;1.73E-10
3468;144.5;144.5;18.04379771;1.73E-10
3469;144.5416667;144.5416667;18.08463065;1.73E-10
3470;144.5833333;144.5833333;18.1254636;1.72E-10
3471;144.625;144.625;18.16629655;1.72E-10
3472;144.6666667;144.6666667;18.20712949;1.71E-10
3473;144.7083333;144.7083333;18.24796244;1.71E-10
3474;144.75;144.75;18.28879539;1.70E-10
3475;144.7916667;144.7916667;18.32962833;1.70E-10
3476;144.8333333;144.8333333;18.37046128;1.70E-10
3477;144.875;144.875;18.41129423;1.69E-10
3478;144.9166667;144.9166667;18.45212718;1.69E-10
3479;144.9583333;144.9583333;18.49296012;1.68E-10
3480;145;145;18.53379307;1.68E-10
3481;145.0416667;145.0416667;18.57462602;1.68E-10
3482;145.0833333;145.0833333;18.61545897;1.67E-10
3483;145.125;145.125;18.65629191;1.67E-10
3484;145.1666667;145.1666667;18.69712486;1.67E-10
3485;145.2083333;145.2083333;18.73795781;1.66E-10
3486;145.25;145.25;18.77879076;1.66E-10
3487;145.2916667;145.2916667;18.8196237;1.65E-10
3488;145.3333333;145.3333333;18.86045665;1.65E-10
3489;145.375;145.375;18.9012896;1.65E-10
3490;145.4166667;145.4166667;18.94212255;1.64E-10
3491;145.4583333;145.4583333;18.98295549;1.64E-10
3492;145.5;145.5;19.02378844;1.64E-10
3493;145.5416667;145.5416667;19.06462139;1.63E-10
3494;145.5833333;145.5833333;19.10545434;1.63E-10
3495;145.625;145.625;19.14628728;1.62E-10
3496;145.6666667;145.6666667;19.18712023;1.62E-10
3497;145.7083333;145.7083333;19.22795318;1.62E-10
3498;145.75;145.75;19.26878613;1.61E-10
3499;145.7916667;145.7916667;19.30961907;1.61E-10
3500;145.8333333;145.8333333;19.35045202;1.61E-10
3501;145.875;145.875;19.39128497;1.60E-10
3502;145.9166667;145.9166667;19.43211792;1.60E-10
3503;145.9583333;145.9583333;19.47295086;1.59E-10
3504;146;146;19.51378381;1.59E-10
3505;146.0416667;146.0416667;19.51904025;1.59E-10
3506;146.0833333;146.0833333;19.52429668;1.58E-10
3507;146.125;146.125;19.52955312;1.58E-10
3508;146.1666667;146.1666667;19.53480955;1.58E-10
3509;146.2083333;146.2083333;19.54006599;1.57E-10
3510;146.25;146.25;19.54532243;1.57E-10
3511;146.2916667;146.2916667;19.55057886;1.56E-10
3512;146.3333333;146.3333333;19.5558353;1.56E-10
3513;146.375;146.375;19.56109173;1.56E-10
3514;146.4166667;146.4166667;19.56634817;1.55E-10
3515;146.4583333;146.4583333;19.5716046;1.55E-10
3516;146.5;146.5;19.57686104;1.54E-10
3517;146.5416667;146.5416667;19.58211748;1.54E-10
3518;146.5833333;146.5833333;19.58737391;1.54E-10
3519;146.625;146.625;19.59263035;1.53E-10
3520;146.6666667;146.6666667;19.59788678;1.53E-10
3521;146.7083333;146.7083333;19.60314322;1.53E-10
3522;146.75;146.75;19.60839966;1.52E-10
3523;146.7916667;146.7916667;19.61365609;1.52E-10
3524;146.8333333;146.8333333;19.61891253;1.52E-10
3525;146.875;146.875;19.62416896;1.51E-10
3526;146.9166667;146.9166667;19.6294254;1.51E-10
3527;146.9583333;146.9583333;19.63468183;1.50E-10
3528;147;147;19.63993827;1.50E-10
3529;147.0416667;147.0416667;19.66411955;1.50E-10
3530;147.0833333;147.0833333;19.68830083;1.49E-10
3531;147.125;147.125;19.71248211;1.49E-10
3532;147.1666667;147.1666667;19.73666339;1.49E-10
3533;147.2083333;147.2083333;19.76084467;1.48E-10
3534;147.25;147.25;19.78502596;1.48E-10
3535;147.2916667;147.2916667;19.80920724;1.47E-10
3536;147.3333333;147.3333333;19.83338852;1.47E-10
3537;147.375;147.375;19.8575698;1.47E-10
3538;147.4166667;147.4166667;19.88175108;1.46E-10
3539;147.4583333;147.4583333;19.90593236;1.46E-10
3540;147.5;147.5;19.93011364;1.46E-10
3541;147.5416667;147.5416667;19.95429492;1.45E-10
3542;147.5833333;147.5833333;19.9784762;1.45E-10
3543;147.625;147.625;20.00265748;1.44E-10
3544;147.6666667;147.6666667;20.02683876;1.44E-10
3545;147.7083333;147.7083333;20.05102004;1.44E-10
3546;147.75;147.75;20.07520133;1.43E-10
3547;147.7916667;147.7916667;20.09938261;1.43E-10
3548;147.8333333;147.8333333;20.12356389;1.43E-10
3549;147.875;147.875;20.14774517;1.42E-10
3550;147.9166667;147.9166667;20.17192645;1.42E-10
3551;147.9583333;147.9583333;20.19610773;1.41E-10
3552;148;148;20.22028901;1.41E-10
3553;148.0416667;148.0416667;20.24447029;1.41E-10
3554;148.0833333;148.0833333;20.26865157;1.40E-10
3555;148.125;148.125;20.29283285;1.40E-10
3556;148.1666667;148.1666667;20.31701413;1.40E-10
3557;148.2083333;148.2083333;20.34119542;1.39E-10
3558;148.25;148.25;20.3653767;1.39E-10
3559;148.2916667;148.2916667;20.38955798;1.39E-10
3560;148.3333333;148.3333333;20.41373926;1.38E-10
3561;148.375;148.375;20.43792054;1.38E-10
3562;148.4166667;148.4166667;20.46210182;1.38E-10
3563;148.4583333;148.4583333;20.4862831;1.37E-10
3564;148.5;148.5;20.51046439;1.37E-10
3565;148.5416667;148.5416667;20.53464567;1.37E-10
3566;148.5833333;148.5833333;20.55882695;1.36E-10
3567;148.625;148.625;20.58300823;1.36E-10
3568;148.6666667;148.6666667;20.60718951;1.36E-10
3569;148.7083333;148.7083333;20.63137079;1.35E-10
3570;148.75;148.75;20.65555207;1.35E-10
3571;148.7916667;148.7916667;20.67973335;1.35E-10
3572;148.8333333;148.8333333;20.70391464;1.34E-10
3573;148.875;148.875;20.72809592;1.34E-10
3574;148.9166667;148.9166667;20.7522772;1.34E-10
3575;148.9583333;148.9583333;20.77645848;1.33E-10
3576;149;149;20.80063976;1.33E-10
3577;149.0416667;149.0416667;20.79403718;1.33E-10
3578;149.0833333;149.0833333;20.78743459;1.32E-10
3579;149.125;149.125;20.78083201;1.32E-10
3580;149.1666667;149.1666667;20.77422942;1.32E-10
3581;149.2083333;149.2083333;20.76762684;1.31E-10
3582;149.25;149.25;20.76102426;1.31E-10
3583;149.2916667;149.2916667;20.75442167;1.31E-10
3584;149.3333333;149.3333333;20.74781909;1.30E-10
3585;149.375;149.375;20.74121651;1.30E-10
3586;149.4166667;149.4166667;20.73461392;1.30E-10
3587;149.4583333;149.4583333;20.72801134;1.29E-10
3588;149.5;149.5;20.72140876;1.29E-10
3589;149.5416667;149.5416667;20.71480617;1.29E-10
3590;149.5833333;149.5833333;20.70820359;1.28E-10
3591;149.625;149.625;20.701601;1.28E-10
3592;149.6666667;149.6666667;20.69499842;1.28E-10
3593;149.7083333;149.7083333;20.68839584;1.27E-10
3594;149.75;149.75;20.68179325;1.27E-10
3595;149.7916667;149.7916667;20.67519067;1.27E-10
3596;149.8333333;149.8333333;20.66858809;1.26E-10
3597;149.875;149.875;20.6619855;1.26E-10
3598;149.9166667;149.9166667;20.65538292;1.26E-10
3599;149.9583333;149.9583333;20.64878033;1.25E-10
3600;150;150;20.64217775;1.25E-10
3601;150.0416667;150.0416667;20.64326355;1.25E-10
3602;150.0833333;150.0833333;20.64434936;1.24E-10
3603;150.125;150.125;20.64543516;1.24E-10
3604;150.1666667;150.1666667;20.64652097;1.24E-10
3605;150.2083333;150.2083333;20.64760677;1.24E-10
3606;150.25;150.25;20.64869257;1.23E-10
3607;150.2916667;150.2916667;20.64977838;1.23E-10
3608;150.3333333;150.3333333;20.65086418;1.23E-10
3609;150.375;150.375;20.65194998;1.22E-10
3610;150.4166667;150.4166667;20.65303579;1.22E-10
3611;150.4583333;150.4583333;20.65412159;1.22E-10
3612;150.5;150.5;20.65520739;1.22E-10
3613;150.5416667;150.5416667;20.6562932;1.21E-10
3614;150.5833333;150.5833333;20.657379;1.21E-10
3615;150.625;150.625;20.65846481;1.21E-10
3616;150.6666667;150.6666667;20.65955061;1.20E-10
3617;150.7083333;150.7083333;20.66063641;1.20E-10
3618;150.75;150.75;20.66172222;1.20E-10
3619;150.7916667;150.7916667;20.66280802;1.19E-10
3620;150.8333333;150.8333333;20.66389383;1.19E-10
3621;150.875;150.875;20.66497963;1.19E-10
3622;150.9166667;150.9166667;20.66606543;1.19E-10
3623;150.9583333;150.9583333;20.66715124;1.18E-10
3624;151;151;20.66823704;1.18E-10
3625;151.0416667;151.0416667;20.70815066;1.18E-10
3626;151.0833333;151.0833333;20.74806427;1.17E-10
3627;151.125;151.125;20.78797789;1.17E-10
3628;151.1666667;151.1666667;20.8278915;1.17E-10
3629;151.2083333;151.2083333;20.86780512;1.17E-10
3630;151.25;151.25;20.90771874;1.16E-10
3631;151.2916667;151.2916667;20.94763235;1.16E-10
3632;151.3333333;151.3333333;20.98754597;1.16E-10
3633;151.375;151.375;21.02745958;1.15E-10
3634;151.4166667;151.4166667;21.0673732;1.15E-10
3635;151.4583333;151.4583333;21.10728681;1.15E-10
3636;151.5;151.5;21.14720043;1.15E-10
3637;151.5416667;151.5416667;21.18711405;1.14E-10
3638;151.5833333;151.5833333;21.22702766;1.14E-10
3639;151.625;151.625;21.26694128;1.14E-10
3640;151.6666667;151.6666667;21.30685489;1.13E-10
3641;151.7083333;151.7083333;21.34676851;1.13E-10
3642;151.75;151.75;21.38668213;1.13E-10
3643;151.7916667;151.7916667;21.42659574;1.12E-10
3644;151.8333333;151.8333333;21.46650936;1.12E-10
3645;151.875;151.875;21.50642297;1.12E-10
3646;151.9166667;151.9166667;21.54633659;1.12E-10
3647;151.9583333;151.9583333;21.5862502;1.11E-10
3648;152;152;21.62616382;1.11E-10
3649;152.0416667;152.0416667;21.62110848;1.11E-10
3650;152.0833333;152.0833333;21.61605314;1.11E-10
3651;152.125;152.125;21.6109978;1.10E-10
3652;152.1666667;152.1666667;21.60594246;1.10E-10
3653;152.2083333;152.2083333;21.60088712;1.10E-10
3654;152.25;152.25;21.59583178;1.10E-10
3655;152.2916667;152.2916667;21.59077643;1.09E-10
3656;152.3333333;152.3333333;21.58572109;1.09E-10
3657;152.375;152.375;21.58066575;1.09E-10
3658;152.4166667;152.4166667;21.57561041;1.09E-10
3659;152.4583333;152.4583333;21.57055507;1.08E-10
3660;152.5;152.5;21.56549973;1.08E-10
3661;152.5416667;152.5416667;21.56044439;1.08E-10
3662;152.5833333;152.5833333;21.55538905;1.08E-10
3663;152.625;152.625;21.55033371;1.07E-10
3664;152.6666667;152.6666667;21.54527837;1.07E-10
3665;152.7083333;152.7083333;21.54022303;1.07E-10
3666;152.75;152.75;21.53516768;1.07E-10
3667;152.7916667;152.7916667;21.53011234;1.06E-10
3668;152.8333333;152.8333333;21.525057;1.06E-10
3669;152.875;152.875;21.52000166;1.06E-10
3670;152.9166667;152.9166667;21.51494632;1.06E-10
3671;152.9583333;152.9583333;21.50989098;1.05E-10
3672;153;153;21.50483564;1.05E-10
3673;153.0416667;153.0416667;21.48381051;1.05E-10
3674;153.0833333;153.0833333;21.46278538;1.04E-10
3675;153.125;153.125;21.44176024;1.04E-10
3676;153.1666667;153.1666667;21.42073511;1.04E-10
3677;153.2083333;153.2083333;21.39970998;1.04E-10
3678;153.25;153.25;21.37868485;1.03E-10
3679;153.2916667;153.2916667;21.35765971;1.03E-10
3680;153.3333333;153.3333333;21.33663458;1.03E-10
3681;153.375;153.375;21.31560945;1.03E-10
3682;153.4166667;153.4166667;21.29458431;1.02E-10
3683;153.4583333;153.4583333;21.27355918;1.02E-10
3684;153.5;153.5;21.25253405;1.02E-10
3685;153.5416667;153.5416667;21.23150892;1.01E-10
3686;153.5833333;153.5833333;21.21048379;1.01E-10
3687;153.625;153.625;21.18945865;1.01E-10
3688;153.6666667;153.6666667;21.16843352;1.01E-10
3689;153.7083333;153.7083333;21.14740839;1.00E-10
3690;153.75;153.75;21.12638326;1.00E-10
3691;153.7916667;153.7916667;21.10535812;9.99E-11
3692;153.8333333;153.8333333;21.08433299;9.96E-11
3693;153.875;153.875;21.06330786;9.93E-11
3694;153.9166667;153.9166667;21.04228273;9.90E-11
3695;153.9583333;153.9583333;21.02125759;9.88E-11
3696;154;154;21.00023246;9.85E-11
3697;154.0416667;154.0416667;20.93782591;9.83E-11
3698;154.0833333;154.0833333;20.87541935;9.80E-11
3699;154.125;154.125;20.8130128;9.78E-11
3700;154.1666667;154.1666667;20.75060625;9.75E-11
3701;154.2083333;154.2083333;20.68819969;9.73E-11
3702;154.25;154.25;20.62579314;9.70E-11
3703;154.2916667;154.2916667;20.56338659;9.68E-11
3704;154.3333333;154.3333333;20.50098003;9.66E-11
3705;154.375;154.375;20.43857348;9.63E-11
3706;154.4166667;154.4166667;20.37616693;9.61E-11
3707;154.4583333;154.4583333;20.31376037;9.58E-11
3708;154.5;154.5;20.25135382;9.56E-11
3709;154.5416667;154.5416667;20.18894727;9.54E-11
3710;154.5833333;154.5833333;20.12654071;9.51E-11
3711;154.625;154.625;20.06413416;9.49E-11
3712;154.6666667;154.6666667;20.00172761;9.46E-11
3713;154.7083333;154.7083333;19.93932105;9.44E-11
3714;154.75;154.75;19.8769145;9.42E-11
3715;154.7916667;154.7916667;19.81450795;9.39E-11
3716;154.8333333;154.8333333;19.75210139;9.37E-11
3717;154.875;154.875;19.68969484;9.34E-11
3718;154.9166667;154.9166667;19.62728829;9.32E-11
3719;154.9583333;154.9583333;19.56488173;9.29E-11
3720;155;155;19.50247518;9.27E-11
3721;155.0416667;155.0416667;19.44908604;9.25E-11
3722;155.0833333;155.0833333;19.39569691;9.22E-11
3723;155.125;155.125;19.34230777;9.20E-11
3724;155.1666667;155.1666667;19.28891863;9.18E-11
3725;155.2083333;155.2083333;19.23552949;9.16E-11
3726;155.25;155.25;19.18214036;9.13E-11
3727;155.2916667;155.2916667;19.12875122;9.11E-11
3728;155.3333333;155.3333333;19.07536208;9.09E-11
3729;155.375;155.375;19.02197294;9.06E-11
3730;155.4166667;155.4166667;18.96858381;9.04E-11
3731;155.4583333;155.4583333;18.91519467;9.02E-11
3732;155.5;155.5;18.86180553;9.00E-11
3733;155.5416667;155.5416667;18.80841639;8.97E-11
3734;155.5833333;155.5833333;18.75502725;8.95E-11
3735;155.625;155.625;18.70163812;8.93E-11
3736;155.6666667;155.6666667;18.64824898;8.90E-11
3737;155.7083333;155.7083333;18.59485984;8.88E-11
3738;155.75;155.75;18.54147071;8.86E-11
3739;155.7916667;155.7916667;18.48808157;8.83E-11
3740;155.8333333;155.8333333;18.43469243;8.81E-11
3741;155.875;155.875;18.38130329;8.79E-11
3742;155.9166667;155.9166667;18.32791416;8.77E-11
3743;155.9583333;155.9583333;18.27452502;8.74E-11
3744;156;156;18.22113588;8.72E-11
3745;156.0416667;156.0416667;18.19399725;8.70E-11
3746;156.0833333;156.0833333;18.16685862;8.68E-11
3747;156.125;156.125;18.13972;8.66E-11
3748;156.1666667;156.1666667;18.11258137;8.63E-11
3749;156.2083333;156.2083333;18.08544274;8.61E-11
3750;156.25;156.25;18.05830411;8.59E-11
3751;156.2916667;156.2916667;18.03116548;8.57E-11
3752;156.3333333;156.3333333;18.00402686;8.55E-11
3753;156.375;156.375;17.97688823;8.53E-11
3754;156.4166667;156.4166667;17.9497496;8.51E-11
3755;156.4583333;156.4583333;17.92261097;8.49E-11
3756;156.5;156.5;17.89547235;8.47E-11
3757;156.5416667;156.5416667;17.86833372;8.44E-11
3758;156.5833333;156.5833333;17.84119509;8.42E-11
3759;156.625;156.625;17.81405646;8.40E-11
3760;156.6666667;156.6666667;17.78691783;8.38E-11
3761;156.7083333;156.7083333;17.75977921;8.36E-11
3762;156.75;156.75;17.73264058;8.34E-11
3763;156.7916667;156.7916667;17.70550195;8.32E-11
3764;156.8333333;156.8333333;17.67836332;8.30E-11
3765;156.875;156.875;17.65122469;8.27E-11
3766;156.9166667;156.9166667;17.62408607;8.25E-11
3767;156.9583333;156.9583333;17.59694744;8.23E-11
3768;157;157;17.56980881;8.21E-11
3769;157.0416667;157.0416667;17.53539475;8.19E-11
3770;157.0833333;157.0833333;17.50098069;8.17E-11
3771;157.125;157.125;17.46656664;8.15E-11
3772;157.1666667;157.1666667;17.43215258;8.13E-11
3773;157.2083333;157.2083333;17.39773852;8.11E-11
3774;157.25;157.25;17.36332446;8.09E-11
3775;157.2916667;157.2916667;17.3289104;8.07E-11
3776;157.3333333;157.3333333;17.29449634;8.05E-11
3777;157.375;157.375;17.26008229;8.03E-11
3778;157.4166667;157.4166667;17.22566823;8.01E-11
3779;157.4583333;157.4583333;17.19125417;7.99E-11
3780;157.5;157.5;17.15684011;7.97E-11
3781;157.5416667;157.5416667;17.12242605;7.94E-11
3782;157.5833333;157.5833333;17.08801199;7.92E-11
3783;157.625;157.625;17.05359794;7.90E-11
3784;157.6666667;157.6666667;17.01918388;7.88E-11
3785;157.7083333;157.7083333;16.98476982;7.86E-11
3786;157.75;157.75;16.95035576;7.84E-11
3787;157.7916667;157.7916667;16.9159417;7.82E-11
3788;157.8333333;157.8333333;16.88152764;7.80E-11
3789;157.875;157.875;16.84711359;7.78E-11
3790;157.9166667;157.9166667;16.81269953;7.76E-11
3791;157.9583333;157.9583333;16.77828547;7.74E-11
3792;158;158;16.74387141;7.72E-11
3793;158.0416667;158.0416667;16.70945735;7.70E-11
3794;158.0833333;158.0833333;16.67504329;7.68E-11
3795;158.125;158.125;16.64062924;7.66E-11
3796;158.1666667;158.1666667;16.60621518;7.64E-11
3797;158.2083333;158.2083333;16.57180112;7.62E-11
3798;158.25;158.25;16.53738706;7.61E-11
3799;158.2916667;158.2916667;16.502973;7.59E-11
3800;158.3333333;158.3333333;16.46855894;7.57E-11
3801;158.375;158.375;16.43414489;7.55E-11
3802;158.4166667;158.4166667;16.39973083;7.53E-11
3803;158.4583333;158.4583333;16.36531677;7.51E-11
3804;158.5;158.5;16.33090271;7.49E-11
3805;158.5416667;158.5416667;16.29648865;7.47E-11
3806;158.5833333;158.5833333;16.26207459;7.45E-11
3807;158.625;158.625;16.22766054;7.43E-11
3808;158.6666667;158.6666667;16.19324648;7.41E-11
3809;158.7083333;158.7083333;16.15883242;7.39E-11
3810;158.75;158.75;16.12441836;7.38E-11
3811;158.7916667;158.7916667;16.0900043;7.36E-11
3812;158.8333333;158.8333333;16.05559024;7.34E-11
3813;158.875;158.875;16.02117619;7.32E-11
3814;158.9166667;158.9166667;15.98676213;7.30E-11
3815;158.9583333;158.9583333;15.95234807;7.28E-11
3816;159;159;15.91793401;7.26E-11
3817;159.0416667;159.0416667;16.01401729;7.24E-11
3818;159.0833333;159.0833333;16.11010058;7.22E-11
3819;159.125;159.125;16.20618386;7.21E-11
3820;159.1666667;159.1666667;16.30226715;7.19E-11
3821;159.2083333;159.2083333;16.39835043;7.17E-11
3822;159.25;159.25;16.49443372;7.15E-11
3823;159.2916667;159.2916667;16.590517;7.13E-11
3824;159.3333333;159.3333333;16.68660028;7.12E-11
3825;159.375;159.375;16.78268357;7.10E-11
3826;159.4166667;159.4166667;16.87876685;7.08E-11
3827;159.4583333;159.4583333;16.97485014;7.06E-11
3828;159.5;159.5;17.07093342;7.05E-11
3829;159.5416667;159.5416667;17.1670167;7.03E-11
3830;159.5833333;159.5833333;17.26309999;7.01E-11
3831;159.625;159.625;17.35918327;6.99E-11
3832;159.6666667;159.6666667;17.45526656;6.97E-11
3833;159.7083333;159.7083333;17.55134984;6.96E-11
3834;159.75;159.75;17.64743313;6.94E-11
3835;159.7916667;159.7916667;17.74351641;6.92E-11
3836;159.8333333;159.8333333;17.83959969;6.90E-11
3837;159.875;159.875;17.93568298;6.88E-11
3838;159.9166667;159.9166667;18.03176626;6.87E-11
3839;159.9583333;159.9583333;18.12784955;6.85E-11
3840;160;160;18.22393283;6.83E-11
3841;160.0416667;160.0416667;18.25396515;6.81E-11
3842;160.0833333;160.0833333;18.28399747;6.80E-11
3843;160.125;160.125;18.31402979;6.78E-11
3844;160.1666667;160.1666667;18.34406211;6.76E-11
3845;160.2083333;160.2083333;18.37409443;6.74E-11
3846;160.25;160.25;18.40412675;6.73E-11
3847;160.2916667;160.2916667;18.43415907;6.71E-11
3848;160.3333333;160.3333333;18.46419139;6.69E-11
3849;160.375;160.375;18.49422371;6.68E-11
3850;160.4166667;160.4166667;18.52425603;6.66E-11
3851;160.4583333;160.4583333;18.55428835;6.64E-11
3852;160.5;160.5;18.58432067;6.63E-11
3853;160.5416667;160.5416667;18.61435298;6.61E-11
3854;160.5833333;160.5833333;18.6443853;6.59E-11
3855;160.625;160.625;18.67441762;6.57E-11
3856;160.6666667;160.6666667;18.70444994;6.56E-11
3857;160.7083333;160.7083333;18.73448226;6.54E-11
3858;160.75;160.75;18.76451458;6.52E-11
3859;160.7916667;160.7916667;18.7945469;6.51E-11
3860;160.8333333;160.8333333;18.82457922;6.49E-11
3861;160.875;160.875;18.85461154;6.47E-11
3862;160.9166667;160.9166667;18.88464386;6.45E-11
3863;160.9583333;160.9583333;18.91467618;6.44E-11
3864;161;161;18.9447085;6.42E-11
3865;161.0416667;161.0416667;18.99282447;6.40E-11
3866;161.0833333;161.0833333;19.04094044;6.39E-11
3867;161.125;161.125;19.08905641;6.37E-11
3868;161.1666667;161.1666667;19.13717238;6.36E-11
3869;161.2083333;161.2083333;19.18528835;6.34E-11
3870;161.25;161.25;19.23340432;6.32E-11
3871;161.2916667;161.2916667;19.28152029;6.31E-11
3872;161.3333333;161.3333333;19.32963626;6.29E-11
3873;161.375;161.375;19.37775223;6.27E-11
3874;161.4166667;161.4166667;19.4258682;6.26E-11
3875;161.4583333;161.4583333;19.47398417;6.24E-11
3876;161.5;161.5;19.52210014;6.22E-11
3877;161.5416667;161.5416667;19.57021611;6.21E-11
3878;161.5833333;161.5833333;19.61833208;6.19E-11
3879;161.625;161.625;19.66644805;6.18E-11
3880;161.6666667;161.6666667;19.71456402;6.16E-11
3881;161.7083333;161.7083333;19.76267999;6.14E-11
3882;161.75;161.75;19.81079596;6.13E-11
3883;161.7916667;161.7916667;19.85891193;6.11E-11
3884;161.8333333;161.8333333;19.9070279;6.10E-11
3885;161.875;161.875;19.95514387;6.08E-11
3886;161.9166667;161.9166667;20.00325984;6.06E-11
3887;161.9583333;161.9583333;20.05137581;6.05E-11
3888;162;162;20.09949178;6.03E-11
3889;162.0416667;162.0416667;20.14760775;6.02E-11
3890;162.0833333;162.0833333;20.19572372;6.00E-11
3891;162.125;162.125;20.24383969;5.99E-11
3892;162.1666667;162.1666667;20.29195566;5.97E-11
3893;162.2083333;162.2083333;20.34007163;5.96E-11
3894;162.25;162.25;20.3881876;5.94E-11
3895;162.2916667;162.2916667;20.43630357;5.93E-11
3896;162.3333333;162.3333333;20.48441954;5.91E-11
3897;162.375;162.375;20.53253551;5.90E-11
3898;162.4166667;162.4166667;20.58065148;5.88E-11
3899;162.4583333;162.4583333;20.62876745;5.87E-11
3900;162.5;162.5;20.67688342;5.85E-11
3901;162.5416667;162.5416667;20.72499938;5.84E-11
3902;162.5833333;162.5833333;20.77311535;5.82E-11
3903;162.625;162.625;20.82123132;5.81E-11
3904;162.6666667;162.6666667;20.86934729;5.79E-11
3905;162.7083333;162.7083333;20.91746326;5.78E-11
3906;162.75;162.75;20.96557923;5.76E-11
3907;162.7916667;162.7916667;21.0136952;5.75E-11
3908;162.8333333;162.8333333;21.06181117;5.73E-11
3909;162.875;162.875;21.10992714;5.72E-11
3910;162.9166667;162.9166667;21.15804311;5.70E-11
3911;162.9583333;162.9583333;21.20615908;5.69E-11
3912;163;163;21.25427505;5.67E-11
3913;163.0416667;163.0416667;21.16776052;5.66E-11
3914;163.0833333;163.0833333;21.08124599;5.64E-11
3915;163.125;163.125;20.99473145;5.63E-11
3916;163.1666667;163.1666667;20.90821692;5.61E-11
3917;163.2083333;163.2083333;20.82170239;5.60E-11
3918;163.25;163.25;20.73518786;5.59E-11
3919;163.2916667;163.2916667;20.64867332;5.57E-11
3920;163.3333333;163.3333333;20.56215879;5.56E-11
3921;163.375;163.375;20.47564426;5.54E-11
3922;163.4166667;163.4166667;20.38912973;5.53E-11
3923;163.4583333;163.4583333;20.30261519;5.51E-11
3924;163.5;163.5;20.21610066;5.50E-11
3925;163.5416667;163.5416667;20.12958613;5.49E-11
3926;163.5833333;163.5833333;20.0430716;5.47E-11
3927;163.625;163.625;19.95655706;5.46E-11
3928;163.6666667;163.6666667;19.87004253;5.44E-11
3929;163.7083333;163.7083333;19.783528;5.43E-11
3930;163.75;163.75;19.69701347;5.42E-11
3931;163.7916667;163.7916667;19.61049893;5.40E-11
3932;163.8333333;163.8333333;19.5239844;5.39E-11
3933;163.875;163.875;19.43746987;5.37E-11
3934;163.9166667;163.9166667;19.35095534;5.36E-11
3935;163.9583333;163.9583333;19.2644408;5.34E-11
3936;164;164;19.17792627;5.33E-11
3937;164.0416667;164.0416667;19.16180256;5.32E-11
3938;164.0833333;164.0833333;19.14567885;5.30E-11
3939;164.125;164.125;19.12955515;5.29E-11
3940;164.1666667;164.1666667;19.11343144;5.28E-11
3941;164.2083333;164.2083333;19.09730773;5.26E-11
3942;164.25;164.25;19.08118402;5.25E-11
3943;164.2916667;164.2916667;19.06506031;5.24E-11
3944;164.3333333;164.3333333;19.04893661;5.22E-11
3945;164.375;164.375;19.0328129;5.21E-11
3946;164.4166667;164.4166667;19.01668919;5.20E-11
3947;164.4583333;164.4583333;19.00056548;5.18E-11
3948;164.5;164.5;18.98444178;5.17E-11
3949;164.5416667;164.5416667;18.96831807;5.16E-11
3950;164.5833333;164.5833333;18.95219436;5.14E-11
3951;164.625;164.625;18.93607065;5.13E-11
3952;164.6666667;164.6666667;18.91994694;5.12E-11
3953;164.7083333;164.7083333;18.90382324;5.10E-11
3954;164.75;164.75;18.88769953;5.09E-11
3955;164.7916667;164.7916667;18.87157582;5.08E-11
3956;164.8333333;164.8333333;18.85545211;5.06E-11
3957;164.875;164.875;18.8393284;5.05E-11
3958;164.9166667;164.9166667;18.8232047;5.04E-11
3959;164.9583333;164.9583333;18.80708099;5.02E-11
3960;165;165;18.79095728;5.01E-11
3961;165.0416667;165.0416667;18.77483357;5.00E-11
3962;165.0833333;165.0833333;18.75870986;4.98E-11
3963;165.125;165.125;18.74258616;4.97E-11
3964;165.1666667;165.1666667;18.72646245;4.96E-11
3965;165.2083333;165.2083333;18.71033874;4.95E-11
3966;165.25;165.25;18.69421503;4.93E-11
3967;165.2916667;165.2916667;18.67809132;4.92E-11
3968;165.3333333;165.3333333;18.66196762;4.91E-11
3969;165.375;165.375;18.64584391;4.89E-11
3970;165.4166667;165.4166667;18.6297202;4.88E-11
3971;165.4583333;165.4583333;18.61359649;4.87E-11
3972;165.5;165.5;18.59747279;4.86E-11
3973;165.5416667;165.5416667;18.58134908;4.84E-11
3974;165.5833333;165.5833333;18.56522537;4.83E-11
3975;165.625;165.625;18.54910166;4.82E-11
3976;165.6666667;165.6666667;18.53297795;4.80E-11
3977;165.7083333;165.7083333;18.51685425;4.79E-11
3978;165.75;165.75;18.50073054;4.78E-11
3979;165.7916667;165.7916667;18.48460683;4.76E-11
3980;165.8333333;165.8333333;18.46848312;4.75E-11
3981;165.875;165.875;18.45235941;4.74E-11
3982;165.9166667;165.9166667;18.43623571;4.73E-11
3983;165.9583333;165.9583333;18.420112;4.71E-11
3984;166;166;18.40398829;4.70E-11
3985;166.0416667;166.0416667;18.36542794;4.69E-11
3986;166.0833333;166.0833333;18.32686759;4.68E-11
3987;166.125;166.125;18.28830724;4.67E-11
3988;166.1666667;166.1666667;18.24974689;4.65E-11
3989;166.2083333;166.2083333;18.21118654;4.64E-11
3990;166.25;166.25;18.17262619;4.63E-11
3991;166.2916667;166.2916667;18.13406583;4.62E-11
3992;166.3333333;166.3333333;18.09550548;4.61E-11
3993;166.375;166.375;18.05694513;4.60E-11
3994;166.4166667;166.4166667;18.01838478;4.58E-11
3995;166.4583333;166.4583333;17.97982443;4.57E-11
3996;166.5;166.5;17.94126408;4.56E-11
3997;166.5416667;166.5416667;17.90270373;4.55E-11
3998;166.5833333;166.5833333;17.86414338;4.54E-11
3999;166.625;166.625;17.82558303;4.53E-11
4000;166.6666667;166.6666667;17.78702268;4.51E-11
4001;166.7083333;166.7083333;17.74846233;4.50E-11
4002;166.75;166.75;17.70990198;4.49E-11
4003;166.7916667;166.7916667;17.67134162;4.48E-11
4004;166.8333333;166.8333333;17.63278127;4.47E-11
4005;166.875;166.875;17.59422092;4.46E-11
4006;166.9166667;166.9166667;17.55566057;4.44E-11
4007;166.9583333;166.9583333;17.51710022;4.43E-11
4008;167;167;17.47853987;4.42E-11
4009;167.0416667;167.0416667;17.44027318;4.41E-11
4010;167.0833333;167.0833333;17.40200649;4.40E-11
4011;167.125;167.125;17.3637398;4.39E-11
4012;167.1666667;167.1666667;17.32547311;4.38E-11
4013;167.2083333;167.2083333;17.28720642;4.36E-11
4014;167.25;167.25;17.24893973;4.35E-11
4015;167.2916667;167.2916667;17.21067304;4.34E-11
4016;167.3333333;167.3333333;17.17240635;4.33E-11
4017;167.375;167.375;17.13413966;4.32E-11
4018;167.4166667;167.4166667;17.09587297;4.31E-11
4019;167.4583333;167.4583333;17.05760628;4.30E-11
4020;167.5;167.5;17.01933959;4.29E-11
4021;167.5416667;167.5416667;16.9810729;4.27E-11
4022;167.5833333;167.5833333;16.94280621;4.26E-11
4023;167.625;167.625;16.90453952;4.25E-11
4024;167.6666667;167.6666667;16.86627283;4.24E-11
4025;167.7083333;167.7083333;16.82800614;4.23E-11
4026;167.75;167.75;16.78973945;4.22E-11
4027;167.7916667;167.7916667;16.75147276;4.21E-11
4028;167.8333333;167.8333333;16.71320607;4.20E-11
4029;167.875;167.875;16.67493938;4.18E-11
4030;167.9166667;167.9166667;16.63667269;4.17E-11
4031;167.9583333;167.9583333;16.598406;4.16E-11
4032;168;168;16.56013931;4.15E-11
4033;168.0416667;168.0416667;16.51954751;4.14E-11
4034;168.0833333;168.0833333;16.47895572;4.13E-11
4035;168.125;168.125;16.43836392;4.12E-11
4036;168.1666667;168.1666667;16.39777213;4.11E-11
4037;168.2083333;168.2083333;16.35718033;4.10E-11
4038;168.25;168.25;16.31658853;4.09E-11
4039;168.2916667;168.2916667;16.27599674;4.08E-11
4040;168.3333333;168.3333333;16.23540494;4.07E-11
4041;168.375;168.375;16.19481314;4.06E-11
4042;168.4166667;168.4166667;16.15422135;4.05E-11
4043;168.4583333;168.4583333;16.11362955;4.04E-11
4044;168.5;168.5;16.07303776;4.03E-11
4045;168.5416667;168.5416667;16.03244596;4.01E-11
4046;168.5833333;168.5833333;15.99185416;4.00E-11
4047;168.625;168.625;15.95126237;3.99E-11
4048;168.6666667;168.6666667;15.91067057;3.98E-11
4049;168.7083333;168.7083333;15.87007877;3.97E-11
4050;168.75;168.75;15.82948698;3.96E-11
4051;168.7916667;168.7916667;15.78889518;3.95E-11
4052;168.8333333;168.8333333;15.74830339;3.94E-11
4053;168.875;168.875;15.70771159;3.93E-11
4054;168.9166667;168.9166667;15.66711979;3.92E-11
4055;168.9583333;168.9583333;15.626528;3.91E-11
4056;169;169;15.5859362;3.90E-11
4057;169.0416667;169.0416667;15.63075797;3.89E-11
4058;169.0833333;169.0833333;15.67557974;3.88E-11
4059;169.125;169.125;15.7204015;3.87E-11
4060;169.1666667;169.1666667;15.76522327;3.86E-11
4061;169.2083333;169.2083333;15.81004504;3.85E-11
4062;169.25;169.25;15.85486681;3.84E-11
4063;169.2916667;169.2916667;15.89968858;3.83E-11
4064;169.3333333;169.3333333;15.94451034;3.82E-11
4065;169.375;169.375;15.98933211;3.81E-11
4066;169.4166667;169.4166667;16.03415388;3.80E-11
4067;169.4583333;169.4583333;16.07897565;3.79E-11
4068;169.5;169.5;16.12379742;3.78E-11
4069;169.5416667;169.5416667;16.16861918;3.77E-11
4070;169.5833333;169.5833333;16.21344095;3.76E-11
4071;169.625;169.625;16.25826272;3.75E-11
4072;169.6666667;169.6666667;16.30308449;3.74E-11
4073;169.7083333;169.7083333;16.34790625;3.73E-11
4074;169.75;169.75;16.39272802;3.72E-11
4075;169.7916667;169.7916667;16.43754979;3.71E-11
4076;169.8333333;169.8333333;16.48237156;3.70E-11
4077;169.875;169.875;16.52719333;3.69E-11
4078;169.9166667;169.9166667;16.57201509;3.68E-11
4079;169.9583333;169.9583333;16.61683686;3.67E-11
4080;170;170;16.66165863;3.66E-11
4081;170.0416667;170.0416667;16.65321285;3.65E-11
4082;170.0833333;170.0833333;16.64476707;3.64E-11
4083;170.125;170.125;16.63632129;3.63E-11
4084;170.1666667;170.1666667;16.62787551;3.62E-11
4085;170.2083333;170.2083333;16.61942973;3.61E-11
4086;170.25;170.25;16.61098395;3.60E-11
4087;170.2916667;170.2916667;16.60253817;3.59E-11
4088;170.3333333;170.3333333;16.59409239;3.58E-11
4089;170.375;170.375;16.58564661;3.57E-11
4090;170.4166667;170.4166667;16.57720083;3.56E-11
4091;170.4583333;170.4583333;16.56875505;3.55E-11
4092;170.5;170.5;16.56030927;3.55E-11
4093;170.5416667;170.5416667;16.55186348;3.54E-11
4094;170.5833333;170.5833333;16.5434177;3.53E-11
4095;170.625;170.625;16.53497192;3.52E-11
4096;170.6666667;170.6666667;16.52652614;3.51E-11
4097;170.7083333;170.7083333;16.51808036;3.50E-11
4098;170.75;170.75;16.50963458;3.49E-11
4099;170.7916667;170.7916667;16.5011888;3.48E-11
4100;170.8333333;170.8333333;16.49274302;3.47E-11
4101;170.875;170.875;16.48429724;3.46E-11
4102;170.9166667;170.9166667;16.47585146;3.45E-11
4103;170.9583333;170.9583333;16.46740568;3.44E-11
4104;171;171;16.4589599;3.43E-11
4105;171.0416667;171.0416667;16.43170736;3.42E-11
4106;171.0833333;171.0833333;16.40445481;3.41E-11
4107;171.125;171.125;16.37720227;3.40E-11
4108;171.1666667;171.1666667;16.34994972;3.40E-11
4109;171.2083333;171.2083333;16.32269718;3.39E-11
4110;171.25;171.25;16.29544463;3.38E-11
4111;171.2916667;171.2916667;16.26819209;3.37E-11
4112;171.3333333;171.3333333;16.24093954;3.36E-11
4113;171.375;171.375;16.213687;3.35E-11
4114;171.4166667;171.4166667;16.18643445;3.34E-11
4115;171.4583333;171.4583333;16.15918191;3.33E-11
4116;171.5;171.5;16.13192937;3.33E-11
4117;171.5416667;171.5416667;16.10467682;3.32E-11
4118;171.5833333;171.5833333;16.07742428;3.31E-11
4119;171.625;171.625;16.05017173;3.30E-11
4120;171.6666667;171.6666667;16.02291919;3.29E-11
4121;171.7083333;171.7083333;15.99566664;3.28E-11
4122;171.75;171.75;15.9684141;3.27E-11
4123;171.7916667;171.7916667;15.94116155;3.26E-11
4124;171.8333333;171.8333333;15.91390901;3.26E-11
4125;171.875;171.875;15.88665646;3.25E-11
4126;171.9166667;171.9166667;15.85940392;3.24E-11
4127;171.9583333;171.9583333;15.83215137;3.23E-11
4128;172;172;15.80489883;3.22E-11
4129;172.0416667;172.0416667;15.84647899;3.21E-11
4130;172.0833333;172.0833333;15.88805916;3.20E-11
4131;172.125;172.125;15.92963932;3.20E-11
4132;172.1666667;172.1666667;15.97121949;3.19E-11
4133;172.2083333;172.2083333;16.01279965;3.18E-11
4134;172.25;172.25;16.05437982;3.17E-11
4135;172.2916667;172.2916667;16.09595998;3.16E-11
4136;172.3333333;172.3333333;16.13754015;3.16E-11
4137;172.375;172.375;16.17912031;3.15E-11
4138;172.4166667;172.4166667;16.22070048;3.14E-11
4139;172.4583333;172.4583333;16.26228064;3.13E-11
4140;172.5;172.5;16.30386081;3.13E-11
4141;172.5416667;172.5416667;16.34544097;3.12E-11
4142;172.5833333;172.5833333;16.38702113;3.11E-11
4143;172.625;172.625;16.4286013;3.10E-11
4144;172.6666667;172.6666667;16.47018146;3.09E-11
4145;172.7083333;172.7083333;16.51176163;3.09E-11
4146;172.75;172.75;16.55334179;3.08E-11
4147;172.7916667;172.7916667;16.59492196;3.07E-11
4148;172.8333333;172.8333333;16.63650212;3.06E-11
4149;172.875;172.875;16.67808229;3.05E-11
4150;172.9166667;172.9166667;16.71966245;3.05E-11
4151;172.9583333;172.9583333;16.76124262;3.04E-11
4152;173;173;16.80282278;3.03E-11
4153;173.0416667;173.0416667;16.84172444;3.02E-11
4154;173.0833333;173.0833333;16.88062609;3.01E-11
4155;173.125;173.125;16.91952775;3.01E-11
4156;173.1666667;173.1666667;16.9584294;3.00E-11
4157;173.2083333;173.2083333;16.99733106;2.99E-11
4158;173.25;173.25;17.03623272;2.98E-11
4159;173.2916667;173.2916667;17.07513437;2.97E-11
4160;173.3333333;173.3333333;17.11403603;2.97E-11
4161;173.375;173.375;17.15293768;2.96E-11
4162;173.4166667;173.4166667;17.19183934;2.95E-11
4163;173.4583333;173.4583333;17.23074099;2.94E-11
4164;173.5;173.5;17.26964265;2.94E-11
4165;173.5416667;173.5416667;17.30854431;2.93E-11
4166;173.5833333;173.5833333;17.34744596;2.92E-11
4167;173.625;173.625;17.38634762;2.91E-11
4168;173.6666667;173.6666667;17.42524927;2.90E-11
4169;173.7083333;173.7083333;17.46415093;2.90E-11
4170;173.75;173.75;17.50305259;2.89E-11
4171;173.7916667;173.7916667;17.54195424;2.88E-11
4172;173.8333333;173.8333333;17.5808559;2.87E-11
4173;173.875;173.875;17.61975755;2.86E-11
4174;173.9166667;173.9166667;17.65865921;2.86E-11
4175;173.9583333;173.9583333;17.69756086;2.85E-11
4176;174;174;17.73646252;2.84E-11
4177;174.0416667;174.0416667;17.77876596;2.83E-11
4178;174.0833333;174.0833333;17.8210694;2.83E-11
4179;174.125;174.125;17.86337284;2.82E-11
4180;174.1666667;174.1666667;17.90567628;2.81E-11
4181;174.2083333;174.2083333;17.94797971;2.80E-11
4182;174.25;174.25;17.99028315;2.80E-11
4183;174.2916667;174.2916667;18.03258659;2.79E-11
4184;174.3333333;174.3333333;18.07489003;2.78E-11
4185;174.375;174.375;18.11719347;2.78E-11
4186;174.4166667;174.4166667;18.15949691;2.77E-11
4187;174.4583333;174.4583333;18.20180035;2.76E-11
4188;174.5;174.5;18.24410379;2.75E-11
4189;174.5416667;174.5416667;18.28640722;2.75E-11
4190;174.5833333;174.5833333;18.32871066;2.74E-11
4191;174.625;174.625;18.3710141;2.73E-11
4192;174.6666667;174.6666667;18.41331754;2.73E-11
4193;174.7083333;174.7083333;18.45562098;2.72E-11
4194;174.75;174.75;18.49792442;2.71E-11
4195;174.7916667;174.7916667;18.54022786;2.71E-11
4196;174.8333333;174.8333333;18.5825313;2.70E-11
4197;174.875;174.875;18.62483473;2.69E-11
4198;174.9166667;174.9166667;18.66713817;2.68E-11
4199;174.9583333;174.9583333;18.70944161;2.68E-11
4200;175;175;18.75174505;2.67E-11
4201;175.0416667;175.0416667;18.77509519;2.66E-11
4202;175.0833333;175.0833333;18.79844533;2.66E-11
4203;175.125;175.125;18.82179547;2.65E-11
4204;175.1666667;175.1666667;18.84514562;2.64E-11
4205;175.2083333;175.2083333;18.86849576;2.63E-11
4206;175.25;175.25;18.8918459;2.63E-11
4207;175.2916667;175.2916667;18.91519604;2.62E-11
4208;175.3333333;175.3333333;18.93854618;2.61E-11
4209;175.375;175.375;18.96189632;2.61E-11
4210;175.4166667;175.4166667;18.98524646;2.60E-11
4211;175.4583333;175.4583333;19.0085966;2.59E-11
4212;175.5;175.5;19.03194675;2.59E-11
4213;175.5416667;175.5416667;19.05529689;2.58E-11
4214;175.5833333;175.5833333;19.07864703;2.57E-11
4215;175.625;175.625;19.10199717;2.56E-11
4216;175.6666667;175.6666667;19.12534731;2.56E-11
4217;175.7083333;175.7083333;19.14869745;2.55E-11
4218;175.75;175.75;19.17204759;2.54E-11
4219;175.7916667;175.7916667;19.19539773;2.54E-11
4220;175.8333333;175.8333333;19.21874788;2.53E-11
4221;175.875;175.875;19.24209802;2.52E-11
4222;175.9166667;175.9166667;19.26544816;2.51E-11
4223;175.9583333;175.9583333;19.2887983;2.51E-11
4224;176;176;19.31214844;2.50E-11
4225;176.0416667;176.0416667;19.32323891;2.49E-11
4226;176.0833333;176.0833333;19.33432939;2.49E-11
4227;176.125;176.125;19.34541986;2.48E-11
4228;176.1666667;176.1666667;19.35651033;2.48E-11
4229;176.2083333;176.2083333;19.3676008;2.47E-11
4230;176.25;176.25;19.37869128;2.46E-11
4231;176.2916667;176.2916667;19.38978175;2.46E-11
4232;176.3333333;176.3333333;19.40087222;2.45E-11
4233;176.375;176.375;19.41196269;2.44E-11
4234;176.4166667;176.4166667;19.42305317;2.44E-11
4235;176.4583333;176.4583333;19.43414364;2.43E-11
4236;176.5;176.5;19.44523411;2.43E-11
4237;176.5416667;176.5416667;19.45632458;2.42E-11
4238;176.5833333;176.5833333;19.46741506;2.41E-11
4239;176.625;176.625;19.47850553;2.41E-11
4240;176.6666667;176.6666667;19.489596;2.40E-11
4241;176.7083333;176.7083333;19.50068647;2.39E-11
4242;176.75;176.75;19.51177695;2.39E-11
4243;176.7916667;176.7916667;19.52286742;2.38E-11
4244;176.8333333;176.8333333;19.53395789;2.38E-11
4245;176.875;176.875;19.54504836;2.37E-11
4246;176.9166667;176.9166667;19.55613884;2.36E-11
4247;176.9583333;176.9583333;19.56722931;2.36E-11
4248;177;177;19.57831978;2.35E-11
4249;177.0416667;177.0416667;19.60595568;2.34E-11
4250;177.0833333;177.0833333;19.63359157;2.34E-11
4251;177.125;177.125;19.66122747;2.33E-11
4252;177.1666667;177.1666667;19.68886336;2.33E-11
4253;177.2083333;177.2083333;19.71649926;2.32E-11
4254;177.25;177.25;19.74413516;2.31E-11
4255;177.2916667;177.2916667;19.77177105;2.31E-11
4256;177.3333333;177.3333333;19.79940695;2.30E-11
4257;177.375;177.375;19.82704284;2.29E-11
4258;177.4166667;177.4166667;19.85467874;2.29E-11
4259;177.4583333;177.4583333;19.88231463;2.28E-11
4260;177.5;177.5;19.90995053;2.28E-11
4261;177.5416667;177.5416667;19.93758643;2.27E-11
4262;177.5833333;177.5833333;19.96522232;2.26E-11
4263;177.625;177.625;19.99285822;2.26E-11
4264;177.6666667;177.6666667;20.02049411;2.25E-11
4265;177.7083333;177.7083333;20.04813001;2.24E-11
4266;177.75;177.75;20.0757659;2.24E-11
4267;177.7916667;177.7916667;20.1034018;2.23E-11
4268;177.8333333;177.8333333;20.1310377;2.23E-11
4269;177.875;177.875;20.15867359;2.22E-11
4270;177.9166667;177.9166667;20.18630949;2.21E-11
4271;177.9583333;177.9583333;20.21394538;2.21E-11
4272;178;178;20.24158128;2.20E-11
4273;178.0416667;178.0416667;20.26921718;2.19E-11
4274;178.0833333;178.0833333;20.29685307;2.19E-11
4275;178.125;178.125;20.32448897;2.18E-11
4276;178.1666667;178.1666667;20.35212486;2.18E-11
4277;178.2083333;178.2083333;20.37976076;2.17E-11
4278;178.25;178.25;20.40739665;2.17E-11
4279;178.2916667;178.2916667;20.43503255;2.16E-11
4280;178.3333333;178.3333333;20.46266844;2.15E-11
4281;178.375;178.375;20.49030434;2.15E-11
4282;178.4166667;178.4166667;20.51794023;2.14E-11
4283;178.4583333;178.4583333;20.54557613;2.14E-11
4284;178.5;178.5;20.57321202;2.13E-11
4285;178.5416667;178.5416667;20.60084792;2.12E-11
4286;178.5833333;178.5833333;20.62848382;2.12E-11
4287;178.625;178.625;20.65611971;2.11E-11
4288;178.6666667;178.6666667;20.68375561;2.11E-11
4289;178.7083333;178.7083333;20.7113915;2.10E-11
4290;178.75;178.75;20.7390274;2.10E-11
4291;178.7916667;178.7916667;20.76666329;2.09E-11
4292;178.8333333;178.8333333;20.79429919;2.08E-11
4293;178.875;178.875;20.82193508;2.08E-11
4294;178.9166667;178.9166667;20.84957098;2.07E-11
4295;178.9583333;178.9583333;20.87720687;2.07E-11
4296;179;179;20.90484277;2.06E-11
