t;soil_temperature;AA_input_rate_phloem;sucrose_input_rate;cytokinins_root_shoot_xylem
0;12;NA;NA;NA
1;13.23913043;NA;NA;NA
2;13.19166667;NA;NA;NA
3;13.152;NA;NA;NA
4;13.12307692;NA;NA;NA
5;13.09259259;NA;NA;NA
6;13.06071429;NA;NA;NA
7;13.03103448;NA;NA;NA
8;13.00333333;NA;NA;NA
9;12.98709677;NA;NA;NA
10;12.996875;NA;NA;NA
11;13.03030303;NA;NA;NA
12;13.05151515;NA;NA;NA
13;13.08484848;NA;NA;NA
14;13.13333333;NA;NA;NA
15;13.20606061;NA;NA;NA
16;13.30909091;NA;NA;NA
17;13.43030303;NA;NA;NA
18;13.54545455;NA;NA;NA
19;13.64545455;NA;NA;NA
20;13.74545455;NA;NA;NA
21;13.82121212;NA;NA;NA
22;13.85757576;NA;NA;NA
23;13.88787879;NA;NA;NA
24;13.90909091;NA;NA;NA
25;13.90606061;NA;NA;NA
26;13.91515152;NA;NA;NA
27;13.92121212;NA;NA;NA
28;13.94242424;NA;NA;NA
29;13.97272727;NA;NA;NA
30;14.01515152;NA;NA;NA
31;14.05757576;NA;NA;NA
32;14.10606061;NA;NA;NA
33;14.15454545;NA;NA;NA
34;14.22424242;NA;NA;NA
35;14.34848485;NA;NA;NA
36;14.42424242;NA;NA;NA
37;14.5;NA;NA;NA
38;14.56060606;NA;NA;NA
39;14.58787879;NA;NA;NA
40;14.63939394;NA;NA;NA
41;14.7;NA;NA;NA
42;14.73939394;NA;NA;NA
43;14.68484848;NA;NA;NA
44;14.59393939;NA;NA;NA
45;14.45757576;NA;NA;NA
46;14.3;NA;NA;NA
47;14.11515152;NA;NA;NA
48;13.93333333;NA;NA;NA
49;13.71515152;NA;NA;NA
50;13.47575758;NA;NA;NA
51;13.23030303;NA;NA;NA
52;12.98181818;NA;NA;NA
53;12.70909091;NA;NA;NA
54;12.45454545;NA;NA;NA
55;12.22121212;NA;NA;NA
56;11.98787879;NA;NA;NA
57;11.76060606;NA;NA;NA
58;11.58484848;NA;NA;NA
59;11.42727273;NA;NA;NA
60;11.33939394;NA;NA;NA
61;11.29393939;NA;NA;NA
62;11.29393939;NA;NA;NA
63;11.24848485;NA;NA;NA
64;11.2;NA;NA;NA
65;11.15151515;NA;NA;NA
66;11.11212121;NA;NA;NA
67;11.01515152;NA;NA;NA
68;10.77575758;NA;NA;NA
69;10.56969697;NA;NA;NA
70;10.36060606;1.12393E-08;5.41069E-07;0
71;10.15151515;1.12393E-08;5.41069E-07;0
72;9.97272727;1.13835E-08;5.34746E-07;0
73;9.78484848;4.1395E-09;1.88296E-07;0
74;9.5969697;3.25928E-09;1.42826E-07;0
75;9.43939394;2.76905E-09;1.16511E-07;0
76;9.34545455;2.39487E-09;9.63546E-08;0
77;9.25454546;2.10051E-09;8.04666E-08;0
78;9.14242424;1.88354E-09;6.86981E-08;0
79;9.02121212;1.72125E-09;5.99495E-08;0
80;8.9;1.59326E-09;5.31954E-08;0
81;8.79090909;1.49559E-09;4.80753E-08;0
82;8.74848485;1.42351E-09;4.42363E-08;0
83;8.78484848;1.37336E-09;4.14139E-08;0
84;8.87575758;1.34044E-09;3.9366E-08;0
85;9.00606061;1.32217E-09;3.7941E-08;0
86;9.22121212;1.31899E-09;3.71071E-08;0
87;9.42727273;1.32459E-09;3.6657E-08;0
88;9.61818182;1.33716E-09;3.65316E-08;0
89;9.81818182;1.35722E-09;3.67325E-08;0
90;9.96060606;1.37877E-09;3.71024E-08;0
91;10.02727273;1.39814E-09;3.75508E-08;0
92;10.00909091;1.41215E-09;3.7997E-08;0
93;9.94242424;1.42146E-09;3.84509E-08;0
94;9.8;1.42263E-09;3.88118E-08;0
95;9.6030303;1.41604E-09;3.90728E-08;0
96;9.41212121;1.40413E-09;3.92599E-08;0
97;9.23030303;1.39176E-09;3.95049E-08;0
98;9.03333333;1.37563E-09;3.97011E-08;0
99;8.85151515;1.3583E-09;3.99029E-08;0
100;8.70606061;1.3426E-09;4.01973E-08;0
101;8.66969697;1.33275E-09;4.06793E-08;0
102;8.62727273;1.32301E-09;4.11779E-08;0
103;8.56363636;1.3119E-09;4.1646E-08;0
104;8.51515151;1.30171E-09;4.21492E-08;0
105;8.48181818;1.29266E-09;4.26925E-08;0
106;8.51212121;1.28815E-09;4.3362E-08;0
107;8.57878788;1.28828E-09;4.41835E-08;0
108;8.68181818;1.29271E-09;4.51473E-08;0
109;8.82727273;1.30216E-09;4.62823E-08;0
110;8.95757576;1.31263E-09;4.74585E-08;0
111;9.17878788;1.33191E-09;4.89471E-08;0
112;9.42424242;1.3582E-09;5.07315E-08;0
113;9.66060606;1.38526E-09;5.25508E-08;0
114;9.86363636;1.4124E-09;5.43901E-08;0
115;9.96666667;1.43237E-09;5.59923E-08;0
116;9.97272727;1.4429E-09;5.72768E-08;0
117;9.93030303;1.44625E-09;5.8323E-08;0
118;9.86666667;1.44423E-09;5.91871E-08;0
119;9.72727273;1.43212E-09;5.96729E-08;0
120;9.6030303;1.41746E-09;6.00624E-08;0
121;9.49090909;1.40088E-09;6.03655E-08;0
122;9.37878788;1.38229E-09;6.05668E-08;0
123;9.32424242;1.36704E-09;6.0881E-08;0
124;9.30606061;1.35451E-09;6.12761E-08;0
125;9.31212121;1.34442E-09;6.17395E-08;0
126;9.31515152;1.33481E-09;6.21899E-08;0
127;9.35454546;1.32884E-09;6.27679E-08;0
128;9.40909091;1.32515E-09;6.3415E-08;0
129;9.4969697;1.32536E-09;6.42084E-08;0
130;9.59090909;1.3275E-09;6.50623E-08;0
131;9.72727273;1.33683E-09;6.61519E-08;0
132;9.91212121;1.35095E-09;6.7448E-08;0
133;10.12727273;1.36995E-09;6.89572E-08;0
134;10.35454545;1.39247E-09;7.06212E-08;0
135;10.63939394;1.42262E-09;7.26377E-08;0
136;10.94242424;1.4574E-09;7.48711E-08;0
137;11.25151515;1.4961E-09;7.7302E-08;0
138;11.54242424;1.53591E-09;7.98047E-08;0
139;11.74848485;1.56907E-09;8.20183E-08;0
140;11.9030303;1.59674E-09;8.4017E-08;0
141;11.9969697;1.616E-09;8.56577E-08;0
142;12.04545455;1.6274E-09;8.69679E-08;0
143;12.11818182;1.63741E-09;8.82578E-08;0
144;12.12424242;1.63676E-09;8.90512E-08;0
145;12.10909091;1.63073E-09;8.96117E-08;0
146;12.13636364;1.62565E-09;9.02297E-08;0
147;12.18484848;1.62071E-09;9.08378E-08;0
148;12.27272727;1.61921E-09;9.15963E-08;0
149;12.39090909;1.62084E-09;9.24785E-08;0
150;12.51818182;1.62416E-09;9.34116E-08;0
151;12.63030303;1.62653E-09;9.42683E-08;0
152;12.74242424;1.62923E-09;9.51267E-08;0
153;12.83333333;1.62936E-09;9.58368E-08;0
154;12.95454545;1.63253E-09;9.67035E-08;0
155;13.09393939;1.63709E-09;9.7625E-08;0
156;13.26060606;1.64501E-09;9.87155E-08;0
157;13.48787879;1.6599E-09;1.00175E-07;0
158;13.73636364;1.67837E-09;1.01812E-07;0
159;13.98181818;1.69842E-09;1.03526E-07;0
160;14.22121212;1.7191E-09;1.05261E-07;0
161;14.42727273;1.73963E-09;1.06971E-07;0
162;14.62727273;1.76029E-09;1.08543E-07;0
163;14.80606061;1.77991E-09;1.09949E-07;0
164;14.96363636;1.79656E-09;1.11102E-07;0
165;15.04848485;1.80355E-09;1.11656E-07;0
166;15.10909091;1.80604E-09;1.1193E-07;0
167;15.15151515;1.80289E-09;1.11846E-07;0
168;15.14545455;1.79186E-09;1.1129E-07;0
169;15.11818182;1.77584E-09;1.10431E-07;0
170;15.08484848;1.7565E-09;1.09354E-07;0
171;15.06666667;1.73726E-09;1.08245E-07;0
172;15.06060606;1.71807E-09;1.07093E-07;0
173;15.05151515;1.69824E-09;1.05863E-07;0
174;15.04545455;1.67854E-09;1.04606E-07;0
175;15.08181818;1.6635E-09;1.03576E-07;0
176;15.09393939;1.64549E-09;1.02338E-07;0
177;15.10606061;1.62873E-09;1.01163E-07;0
178;15.13030303;1.61239E-09;9.99901E-08;0
179;15.14848485;1.59573E-09;9.87865E-08;0
180;15.16060606;1.5783E-09;9.7531E-08;0
181;15.16060606;1.55944E-09;9.61943E-08;0
182;15.16363636;1.54066E-09;9.48615E-08;0
183;15.18484848;1.52331E-09;9.36016E-08;0
184;15.22121212;1.50737E-09;9.24065E-08;0
185;15.28484848;1.49438E-09;9.13577E-08;0
186;15.35757576;1.4828E-09;9.03698E-08;0
187;15.38181818;1.46653E-09;8.91195E-08;0
188;15.39090909;1.44921E-09;8.78316E-08;0
189;15.36666667;1.42531E-09;8.61445E-08;0
190;15.23030303;1.39312E-09;8.40658E-08;0
191;15.05454545;1.35509E-09;8.17227E-08;0
192;14.85454545;1.31388E-09;7.92508E-08;0
193;14.64242424;1.27068E-09;7.66969E-08;0
194;14.46969697;1.23061E-09;7.43252E-08;0
195;14.28181818;1.19173E-09;7.207E-08;0
196;14.1;1.15192E-09;6.97443E-08;0
197;13.89393939;1.11217E-09;6.74236E-08;0
198;13.68484848;1.0729E-09;6.51321E-08;0
199;13.47272727;1.03451E-09;6.28907E-08;0
200;13.24545455;9.96171E-10;6.06565E-08;0
201;13.03333333;9.59963E-10;5.85433E-08;0
202;12.86060606;9.27241E-10;5.66162E-08;0
203;12.71818182;8.97618E-10;5.48473E-08;0
204;12.55757576;8.68472E-10;5.3097E-08;0
205;12.40909091;8.41328E-10;5.14577E-08;0
206;12.28181818;8.16394E-10;4.9938E-08;0
207;12.16969697;7.93363E-10;4.85199E-08;0
208;12.05151515;7.71144E-10;4.71466E-08;0
209;11.98181818;7.52163E-10;4.59498E-08;0
210;11.94848485;7.35847E-10;4.48897E-08;0
211;11.94242424;7.21848E-10;4.39458E-08;0
212;11.95454545;7.0968E-10;4.30924E-08;0
213;11.93333333;6.96982E-10;4.22103E-08;0
214;11.91212121;6.84844E-10;4.13677E-08;0
215;11.9030303;6.73607E-10;4.05814E-08;0
216;11.83333333;6.60279E-10;3.9696E-08;0
217;11.76666667;6.47125E-10;3.88395E-08;0
218;11.69090909;6.33678E-10;3.7982E-08;0
219;11.6;6.19748E-10;3.7113E-08;0
220;11.52727273;6.06563E-10;3.62945E-08;0
221;11.45151515;5.93488E-10;3.54883E-08;0
222;11.38484848;5.80965E-10;3.47165E-08;0
223;11.33636364;5.69351E-10;3.39949E-08;0
224;11.3030303;5.58608E-10;3.33187E-08;0
225;11.28484848;5.48756E-10;3.26878E-08;0
226;11.31212121;5.40781E-10;3.21508E-08;0
227;11.36666667;5.34235E-10;3.16799E-08;0
228;11.47575758;5.29043E-10;3.12635E-08;0
229;11.59393939;5.23238E-10;3.07787E-08;0
230;11.62121212;5.17099E-10;3.02896E-08;0
231;11.75757576;5.14285E-10;2.99763E-08;0
232;11.88181818;5.11958E-10;2.96849E-08;0
233;11.97575758;5.09122E-10;2.9371E-08;0
234;12.06666667;5.06231E-10;2.90617E-08;0
235;12.10606061;5.017E-10;2.86799E-08;0
236;12.07878788;4.948E-10;2.81969E-08;0
237;12.06363636;4.87703E-10;2.77229E-08;0
238;12.00606061;4.79048E-10;2.71849E-08;0
239;11.93030303;4.6948E-10;2.66156E-08;0
240;11.83939394;4.59191E-10;2.60221E-08;0
241;11.71515152;4.47794E-10;2.53834E-08;0
242;11.56969697;4.35638E-10;2.47166E-08;0
243;11.3969697;4.2267E-10;2.40173E-08;0
244;11.17878788;4.08505E-10;2.32655E-08;0
245;10.92424242;3.93385E-10;2.24727E-08;0
246;10.70606061;3.79424E-10;2.17471E-08;0
247;10.48484848;3.65833E-10;2.10421E-08;0
248;10.25151515;3.71319E-10;2.22053E-08;0
249;10.06969697;3.27106E-10;1.83644E-08;0
250;9.91515151;2.91687E-10;1.53835E-08;0.00000004
251;9.78484848;2.60415E-10;1.29209E-08;0.00000004
252;9.69393939;2.36631E-10;1.10793E-08;0.00000004
253;9.64545454;2.17357E-10;9.63597E-09;0.00000004
254;9.63030303;2.01147E-10;8.47518E-09;0.00000005
255;9.57272727;1.87401E-10;7.54314E-09;0.00000004
256;9.55151515;1.79986E-10;7.01056E-09;0.0000001
257;9.60909091;2.1086E-10;8.82453E-09;0.00000122
258;9.57575758;2.19338E-10;9.47708E-09;0.00000083
259;9.48484849;2.69846E-10;1.32431E-08;0.00000311
260;9.34848485;3.34191E-10;1.91915E-08;0.00000554
261;9.17878788;4.11897E-10;2.79901E-08;0.00000849
262;8.99393939;4.50795E-10;3.45371E-08;0.00000618
263;8.92424242;4.70155E-10;3.91531E-08;0.00000494
264;8.74545454;5.21354E-10;4.81379E-08;0.00000924
265;8.58484849;4.76747E-10;4.42578E-08;0.00000131
266;8.45454545;4.23483E-10;3.76333E-08;0.0000003
267;8.32121212;5.29702E-10;3.98598E-08;0.00000016
268;8.24545454;6.09223E-10;4.09195E-08;0.00000024
269;8.22121212;2.11529E-10;6.40676E-09;0.00000021
270;8.20606061;3.27362E-10;1.01612E-08;0.0000003
271;8.21515152;4.06893E-10;1.26248E-08;0.00000038
272;8.25151515;4.6822E-10;1.43659E-08;0.00000043
273;8.3;5.20656E-10;1.57175E-08;0.00000034
274;8.38787879;5.79289E-10;1.73315E-08;0.00000038
275;8.51212121;6.22244E-10;1.82047E-08;0.0000004
276;8.64545454;6.64903E-10;1.90157E-08;0.00000047
277;8.81818182;7.08117E-10;1.97965E-08;0.00000048
278;9.03333333;7.55465E-10;2.06635E-08;0.00000043
279;9.26666667;7.97177E-10;2.13076E-08;0.00000045
280;9.51818182;8.50014E-10;2.2325E-08;0.00000072
281;9.76969697;1.0468E-09;2.9853E-08;0.00000367
282;10.0030303;1.46607E-09;5.16124E-08;0.00001028
283;10.19090909;1.78711E-09;7.38027E-08;0.00000951
284;10.36060606;2.08446E-09;9.7472E-08;0.00001063
285;10.5030303;2.4429E-09;1.30178E-07;0.00001544
286;10.5969697;2.64327E-09;1.53923E-07;0.00001292
287;10.66060606;2.85396E-09;1.81107E-07;0.00001499
288;10.75757576;2.90511E-09;1.93925E-07;0.00001164
289;10.84242424;2.72795E-09;1.77417E-07;0.00000469
290;10.86969697;2.57829E-09;1.5905E-07;0.00000238
291;11.00909091;2.44716E-09;1.4182E-07;0.00000203
292;11.16969697;2.30314E-09;1.23105E-07;0.0000019
293;11.34545455;2.17808E-09;1.08876E-07;0.00000163
294;11.53636364;2.08621E-09;9.72683E-08;0.00000146
295;11.75454545;1.99584E-09;8.66185E-08;0.00000117
296;11.99393939;1.9164E-09;7.72538E-08;0.00000109
297;12.24545455;1.8424E-09;6.88404E-08;0.00000112
298;12.4969697;1.77236E-09;6.12472E-08;0.00000106
299;12.77575758;1.70874E-09;5.44984E-08;0.00000098
300;13.07272727;1.64772E-09;4.83895E-08;0.00000078
301;13.34242424;1.58399E-09;4.27262E-08;0.0000007
302;13.61818182;1.52074E-09;3.75833E-08;0.00000049
303;13.89393939;1.45989E-09;3.29756E-08;0.00000079
304;14.16666667;1.39005E-09;2.85894E-08;0.00000082
305;14.37575758;1.45023E-09;2.90467E-08;0.00000249
306;14.56363636;1.61459E-09;3.33123E-08;0.0000056
307;14.71212121;1.97212E-09;4.59178E-08;0.00001043
308;14.81212121;2.1922E-09;5.50774E-08;0.00000886
309;14.86969697;2.4987E-09;6.91205E-08;0.00001223
310;14.86666667;3.10561E-09;1.0352E-07;0.0000223
311;14.78181818;3.29114E-09;1.19357E-07;0.00001471
312;14.66363636;3.13154E-09;1.10902E-07;0.00000444
313;14.54242424;2.94822E-09;1.00817E-07;0.00000696
314;14.43030303;2.65078E-09;8.36136E-08;0.00000417
315;14.33333333;2.29601E-09;6.39593E-08;0.00000191
316;14.25454545;2.00238E-09;5.00815E-08;0.00000066
317;14.17878788;1.76691E-09;3.95238E-08;0.00000047
318;14.09090909;1.54454E-09;3.08074E-08;0.00000028
319;14;1.34682E-09;2.38888E-08;0.00000028
320;13.90909091;1.16824E-09;1.83885E-08;0.00000028
321;13.80606061;1.00786E-09;1.4067E-08;0.00000029
322;13.69393939;8.6621E-10;1.07324E-08;0.00000043
323;13.6;7.45164E-10;8.22691E-09;0.00000045
324;13.49090909;6.44578E-10;6.38749E-09;0.00000076
325;13.41818182;5.6593E-10;5.08508E-09;0.00000193
326;13.36969697;5.08362E-10;4.19896E-09;0.0000022
327;13.30909091;5.18686E-10;4.19549E-09;0.0000025
328;13.24242424;4.80575E-10;3.64466E-09;0.00000282
329;13.11212121;7.29401E-10;6.74139E-09;0.00000434
330;12.94545455;1.39882E-09;2.01478E-08;0.00001325
331;12.75151515;2.09539E-09;4.43552E-08;0.00001931
332;12.52121212;2.87116E-09;8.73114E-08;0.00003368
333;12.26363636;3.93154E-09;1.71201E-07;0.00006308
334;12.00606061;4.17619E-09;2.1654E-07;0.00004311
335;11.72121212;4.72084E-09;3.0185E-07;0.00006891
336;11.42121212;4.38593E-09;3.12736E-07;0.00004142
337;11.13333333;3.80861E-09;2.80065E-07;0.00001861
338;10.88181818;3.3058E-09;2.38014E-07;0.00000759
339;10.63030303;2.97093E-09;2.05056E-07;0.00000513
340;10.37878788;2.69218E-09;1.75872E-07;0.00000526
341;10.14242424;2.4244E-09;1.50033E-07;0.00000463
342;9.94848485;2.1662E-09;1.26589E-07;0.00000391
343;9.8;1.93193E-09;1.06274E-07;0.00000337
344;9.71212121;1.72901E-09;8.91494E-08;0.00000394
345;9.64848485;1.5429E-09;7.43032E-08;0.00000376
346;9.56969697;1.3765E-09;6.17311E-08;0.00000299
347;9.5;1.22666E-09;5.10748E-08;0.0000026
348;9.4;1.091E-09;4.20441E-08;0.00000288
349;9.31212121;9.69532E-10;3.44634E-08;0.00000298
350;9.1969697;8.57897E-10;2.80748E-08;0.00000282
351;9.15151515;7.59627E-10;2.28187E-08;0.00000265
352;9.12121212;6.7035E-10;1.84338E-08;0.00000226
353;9.1030303;6.60707E-10;1.77567E-08;0.00000269
354;9.1030303;6.97804E-10;1.93571E-08;0.00000378
355;9.07878788;7.46048E-10;2.1857E-08;0.00000438
356;9.01818182;7.82726E-10;2.41607E-08;0.00000496
357;8.95757576;8.74064E-10;2.98076E-08;0.00000635
358;8.85454546;1.11541E-09;4.65137E-08;0.00001827
359;8.71212121;1.17741E-09;5.46039E-08;0.00001261
360;8.57575758;1.26204E-09;6.47502E-08;0.00001568
361;8.41212121;1.34488E-09;7.62508E-08;0.00001688
362;8.28787879;1.17043E-09;6.37015E-08;0.00000356
363;8.18787879;1.0511E-09;5.38689E-08;0.00000174
364;8.11515152;9.44889E-10;4.54324E-08;0.0000015
365;8.06666667;8.4787E-10;3.81371E-08;0.00000125
366;8.04242424;7.61173E-10;3.19248E-08;0.00000125
367;8.03636364;6.82178E-10;2.65903E-08;0.00000103
368;8.04545455;6.09736E-10;2.20203E-08;0.00000075
369;8.06060606;5.43104E-10;1.81081E-08;0.00000102
370;8.07272727;4.81469E-10;1.4777E-08;0.00000078
371;8.10909091;4.24217E-10;1.19465E-08;0.00000053
372;8.16060606;3.72674E-10;9.60351E-09;0.00000081
373;8.22727273;3.24817E-10;7.63881E-09;0.00000085
374;8.2969697;2.8212E-10;6.04654E-09;0.00000117
375;8.36060606;2.42731E-10;4.73919E-09;0.0000015
376;8.41515151;1.84697E-10;3.13135E-09;0.0000015
377;8.47272727;3.15604E-10;6.56849E-09;0.00000703
378;8.53030303;5.89788E-10;1.78029E-08;0.00001825
379;8.61515152;8.26227E-10;3.32663E-08;0.00002024
380;8.69090909;1.18026E-09;6.59819E-08;0.00003991
381;8.79090909;1.33978E-09;9.09091E-08;0.00002961
382;8.88181818;1.53889E-09;1.24028E-07;0.00003463
383;8.99090909;1.50586E-09;1.29567E-07;0.00001514
384;9.04848485;1.42976E-09;1.25089E-07;0.00000755
385;9.10606061;1.30507E-09;1.10967E-07;0.00000294
386;9.17272727;1.17758E-09;9.44428E-08;0.00000198
387;9.26363636;1.06946E-09;8.03904E-08;0.00000206
388;9.4;9.707E-10;6.79504E-08;0.00000253
389;9.53939394;8.74973E-10;5.66436E-08;0.00000394
390;9.63030303;7.85441E-10;4.679E-08;0.00000307
391;9.7;7.00675E-10;3.8213E-08;0.00000269
392;9.76666667;6.21926E-10;3.08761E-08;0.0000032
393;9.8030303;5.59425E-10;2.55939E-08;0.00000192
394;9.86060606;4.89083E-10;2.0204E-08;0.00000141
395;9.93333333;4.24486E-10;1.57385E-08;0.00000244
396;10.01818182;3.6614E-10;1.20929E-08;0.00000624
397;10.10909091;3.12886E-10;9.17508E-09;0.00000524
398;10.21515152;2.6473E-10;6.87048E-09;0.00000583
399;10.30606061;2.21315E-10;5.08488E-09;0.0000045
400;10.37878788;1.83798E-10;3.75525E-09;0.00000276
401;10.44848485;2.36014E-10;5.17833E-09;0.00000938
402;10.48787879;5.06517E-10;1.68043E-08;0.00003413
403;10.46363636;8.41614E-10;4.08516E-08;0.00005923
404;10.38181818;1.06899E-09;6.61461E-08;0.00006362
405;10.26666667;1.52027E-09;1.2514E-07;0.00012144
406;10.16666667;1.94474E-09;2.00063E-07;0.00015542
407;10.06666667;2.23982E-09;2.71282E-07;0.00016814
408;9.96363636;2.16087E-09;2.86676E-07;0.00011173
409;9.86060606;1.91869E-09;2.66464E-07;0.00006139
410;9.74545454;1.61197E-09;2.21054E-07;0.00001921
411;9.61212121;1.44653E-09;1.92316E-07;0.0000091
412;9.45454545;1.34984E-09;1.73457E-07;0.00000632
413;9.29393939;1.26082E-09;1.55951E-07;0.00000779
414;9.1030303;1.15951E-09;1.37514E-07;0.00000821
415;8.91515151;1.06053E-09;1.2011E-07;0.00000844
416;8.69393939;9.55348E-10;1.0293E-07;0.00000853
417;8.47575758;8.59545E-10;8.78139E-08;0.00000863
418;8.32121212;7.73073E-10;7.46934E-08;0.00000711
419;8.16666667;6.94066E-10;6.33206E-08;0.00000599
420;8.03636364;6.25761E-10;5.37819E-08;0.00000614
421;7.91212121;5.63532E-10;4.5561E-08;0.00000536
422;7.8;5.07623E-10;3.85272E-08;0.00000559
423;7.75454545;4.58634E-10;3.26276E-08;0.00000423
424;7.76363636;4.28255E-10;2.90121E-08;0.00000467
425;7.76363636;5.54517E-10;4.32466E-08;0.00004345
426;7.76969697;7.23446E-10;6.79417E-08;0.00007615
427;7.77272727;9.02443E-10;1.01309E-07;0.00010422
428;7.79393939;1.06903E-09;1.39958E-07;0.00012285
429;7.83030303;1.0247E-09;1.42094E-07;0.00006235
430;7.86969697;1.13037E-09;1.72093E-07;0.00010414
431;7.88181818;1.24182E-09;2.0834E-07;0.00014622
432;7.84545454;1.12846E-09;1.99855E-07;0.0000663
433;7.8030303;9.81199E-10;1.76435E-07;0.00002433
434;7.75757576;8.5656E-10;1.51066E-07;0.0000058
435;7.73939394;7.8511E-10;1.34207E-07;0.00000444
436;7.77878788;7.40187E-10;1.21935E-07;0.00000477
437;7.85151515;6.96055E-10;1.09804E-07;0.00000702
438;7.94545454;6.51702E-10;9.76218E-08;0.00001325
439;8.00606061;6.06844E-10;8.58577E-08;0.00001315
440;8.05454545;5.55215E-10;7.38039E-08;0.00001313
441;8.1030303;5.07767E-10;6.31335E-08;0.00001239
442;8.15757576;4.6471E-10;5.38329E-08;0.00001335
443;8.25151515;4.2228E-10;4.49462E-08;0.00001457
444;8.38484848;3.86646E-10;3.80103E-08;0.00001561
445;8.54848485;3.56564E-10;3.21984E-08;0.00001855
446;8.72424242;3.25454E-10;2.69013E-08;0.00001835
447;8.92727273;2.97525E-10;2.24108E-08;0.00001937
448;9.11515152;2.70259E-10;1.84735E-08;0.00002056
449;9.34848485;3.39884E-10;2.47193E-08;0.00006015
450;9.54242424;6.25488E-10;6.10285E-08;0.00020426
451;9.63939394;1.02609E-09;1.29253E-07;0.00037148
452;9.7;1.40811E-09;2.10275E-07;0.00046958
453;9.68787879;1.62502E-09;2.72656E-07;0.00046216
454;9.65151515;1.70334E-09;3.13052E-07;0.00047822
455;9.5969697;1.50754E-09;2.94877E-07;0.00032816
456;9.51818182;1.35007E-09;2.76534E-07;0.00029746
457;9.4030303;1.12494E-09;2.35923E-07;0.00017299
458;9.3030303;9.01834E-10;1.8691E-07;0.00005452
459;9.20606061;8.21711E-10;1.66783E-07;0.00003563
460;9.1;7.88585E-10;1.55646E-07;0.00002919
461;8.94242424;7.52542E-10;1.43866E-07;0.00002413
462;8.76060606;6.99983E-10;1.29122E-07;0.00001973
463;8.56969697;6.40511E-10;1.13558E-07;0.00001705
464;8.39393939;5.75021E-10;9.76432E-08;0.00001426
465;8.27272727;5.1398E-10;8.32391E-08;0.00001149
466;8.16666667;4.58334E-10;7.05304E-08;0.00001142
467;8.06969697;4.08413E-10;5.94602E-08;0.00001011
468;8.01818182;3.66982E-10;5.04128E-08;0.00000867
469;7.98181818;3.28204E-10;4.23454E-08;0.00000746
470;7.98181818;2.94002E-10;3.54859E-08;0.00000891
471;8.01515151;2.6501E-10;2.9886E-08;0.00000921
472;8.06060606;2.39804E-10;2.51577E-08;0.00000807
473;8.09090909;2.34941E-10;2.38178E-08;0.00001475
474;8.08484849;2.43888E-10;2.49755E-08;0.00002511
475;8.03939394;3.47653E-10;4.24281E-08;0.00012342
476;7.91212121;5.09383E-10;7.63289E-08;0.00027909
477;7.72121212;6.04525E-10;1.02214E-07;0.00030485
478;7.52121212;8.87091E-10;1.68485E-07;0.00070701
479;7.27878788;9.31226E-10;1.92174E-07;0.00051946
480;7.03030303;8.72129E-10;1.91836E-07;0.00038378
481;6.78484849;7.35713E-10;1.68213E-07;0.00021049
482;6.51515152;5.58651E-10;1.26545E-07;0.0000471
483;6.27272727;4.81304E-10;1.07343E-07;0.00002622
484;6.02121212;4.39344E-10;9.63304E-08;0.00001891
485;5.79090909;3.9875E-10;8.5779E-08;0.00001656
486;5.5969697;3.64377E-10;7.67395E-08;0.00001445
487;5.39090909;3.29844E-10;6.79237E-08;0.00001159
488;5.19090909;2.9765E-10;5.98542E-08;0.00001028
489;5.00606061;2.6823E-10;5.26488E-08;0.00000713
490;4.88787879;2.43028E-10;4.64972E-08;0.00000593
491;4.83636364;2.21939E-10;4.13534E-08;0.00000274
492;4.86969697;2.04491E-10;3.69935E-08;0.00000139
493;4.95757576;1.88385E-10;3.29712E-08;0.00000142
494;5.1;1.7592E-10;2.96684E-08;0.00000137
495;5.24848485;1.63928E-10;2.65168E-08;0.00000135
496;5.38787879;1.53371E-10;2.3675E-08;0.00000137
497;5.50909091;2.34642E-10;4.26419E-08;0.00011996
498;5.6;3.81954E-10;8.15286E-08;0.0004332
499;5.65151515;5.66257E-10;1.31556E-07;0.00074669
500;5.67878788;7.69704E-10;1.85703E-07;0.00105715
501;5.66060606;9.11749E-10;2.25526E-07;0.00122841
502;5.61818182;9.24872E-10;2.35707E-07;0.00119099
503;5.55757576;8.3077E-10;2.20867E-07;0.0009446
504;5.48787879;6.84811E-10;1.90744E-07;0.00065313
505;5.40606061;5.15444E-10;1.48614E-07;0.00032298
506;5.35151515;3.5816E-10;1.03653E-07;0.00007284
507;5.33636364;3.15054E-10;9.09797E-08;0.0000543
508;5.36060606;3.08961E-10;8.86245E-08;0.00005805
509;5.43333333;3.11276E-10;8.83778E-08;0.00005305
510;5.55151515;3.13634E-10;8.76205E-08;0.00006107
511;5.66060606;3.1351E-10;8.56093E-08;0.00007052
512;5.8030303;3.10559E-10;8.2551E-08;0.00006189
513;5.93030303;3.02126E-10;7.77814E-08;0.00005835
514;6.08484849;2.88858E-10;7.1674E-08;0.00005173
515;6.28787879;2.71359E-10;6.4491E-08;0.00004955
516;6.50909091;2.51968E-10;5.70755E-08;0.00004062
517;6.7969697;2.31743E-10;4.9688E-08;0.00003876
518;7.10909091;2.13025E-10;4.29459E-08;0.00003574
519;7.43636364;1.95781E-10;3.68255E-08;0.00003683
520;7.77575758;1.8535E-10;3.23751E-08;0.00003975
521;8.04848485;2.13669E-10;3.81228E-08;0.00015469
522;8.31515152;3.51939E-10;7.22905E-08;0.00063958
523;8.5030303;3.8973E-10;8.67869E-08;0.00045301
524;8.61515152;4.6123E-10;1.09873E-07;0.00064327
525;8.64242424;6.31109E-10;1.58086E-07;0.00131581
526;8.57272727;6.11533E-10;1.59507E-07;0.0008635
527;8.5030303;5.92087E-10;1.59479E-07;0.00078488
528;8.40909091;4.60679E-10;1.25538E-07;0.0001754
529;8.30909091;4.34019E-10;1.21008E-07;0.00026921
530;8.22121212;3.37725E-10;9.10845E-08;0.00002106
531;8.11515152;2.90095E-10;7.49368E-08;0.00002083
532;7.96666667;2.47142E-10;6.05944E-08;0.00000831
533;7.83030303;2.12185E-10;4.92796E-08;0.00000754
534;7.69090909;1.83077E-10;4.01142E-08;0.00000416
535;7.54242424;1.59993E-10;3.29542E-08;0.00000401
536;7.39090909;1.39349E-10;2.69058E-08;0.00000394
537;7.2;1.22371E-10;2.21105E-08;0
538;7.07272727;1.07936E-10;1.82093E-08;0
539;7.05454546;9.64666E-11;1.51716E-08;0
540;7.11515151;8.62916E-11;1.26223E-08;0
541;7.2;7.76651E-11;1.05427E-08;0
542;7.25151515;6.98028E-11;8.78248E-09;0
543;7.29090909;6.23551E-11;7.26584E-09;0
544;7.31818182;5.56304E-11;6.00326E-09;0
545;7.2969697;1.0712E-10;1.41863E-08;0.00016037
546;7.3030303;2.26433E-10;4.01396E-08;0.00066718
547;7.27272727;4.1695E-10;8.97451E-08;0.00146681
548;7.19393939;6.28422E-10;1.48628E-07;0.00218848
549;7.1;7.58682E-10;1.9036E-07;0.00236959
550;6.97878788;7.69167E-10;2.04691E-07;0.0021185
551;6.82121212;6.11914E-10;1.75592E-07;0.00097145
552;6.63636364;4.5819E-10;1.39472E-07;0.00034855
553;6.45454545;3.41734E-10;1.05887E-07;0.00004969
554;6.34545454;2.8959E-10;8.97732E-08;0.0000322
555;6.21818182;2.56628E-10;7.85822E-08;0.00002362
556;6.09393939;2.30139E-10;6.92208E-08;0.00001936
557;5.97878788;2.04746E-10;6.01497E-08;0.0000197
558;5.88484849;1.79998E-10;5.14203E-08;0.0000147
559;5.85151515;1.59195E-10;4.40339E-08;0.00000979
560;5.79393939;1.39011E-10;3.70755E-08;0.00000979
561;5.76363636;1.22698E-10;3.14305E-08;0.00000975
562;5.76969697;1.10439E-10;2.71556E-08;0.00001079
563;5.81212121;9.8686E-11;2.31401E-08;0.00001042
564;5.92727273;8.93463E-11;1.98919E-08;0.00001034
565;6.13333333;8.11447E-11;1.70762E-08;0.00000531
566;6.35757576;7.49724E-11;1.4694E-08;0.00004904
567;6.61818182;6.96964E-11;1.25716E-08;0.00008503
568;6.88787879;6.44414E-11;1.06304E-08;0.00009817
569;7.14848485;8.59949E-11;1.43437E-08;0.0002691
570;7.44848485;1.73253E-10;3.38571E-08;0.00092753
571;7.70606061;2.30552E-10;4.95518E-08;0.00090972
572;7.85757576;2.5669E-10;5.80766E-08;0.00078963
573;7.94242424;3.06874E-10;7.35396E-08;0.00102545
574;8.0030303;3.89166E-10;9.84825E-08;0.00154184
575;8.11212121;3.7695E-10;1.01708E-07;0.00082599
576;8.23939394;3.3422E-10;9.29298E-08;0.00049993
577;8.37272727;2.83974E-10;7.84043E-08;0.00028484
578;8.54848485;2.32725E-10;6.13768E-08;0.00014024
579;8.71515152;1.99614E-10;4.96121E-08;0.0001557
580;8.86969697;1.71044E-10;3.93994E-08;0.00017259
581;9.04545455;1.49143E-10;3.17363E-08;0.00017493
582;9.22424242;1.30759E-10;2.54974E-08;0.00018225
583;9.3969697;1.15238E-10;2.02738E-08;0.00023424
584;9.57878788;1.01954E-10;1.61154E-08;0.0002315
585;9.75757576;9.01449E-11;1.27567E-08;0.00023535
586;9.91212121;7.89446E-11;1.00058E-08;0.00021645
587;10.0969697;6.87475E-11;7.82115E-09;0.00018744
588;10.31212121;5.75083E-11;5.77153E-09;0.00021076
589;10.56666667;4.969E-11;4.43439E-09;0.00024497
590;10.84242424;4.22419E-11;3.35592E-09;0.00024294
591;11.13939394;3.5341E-11;2.50581E-09;0.00024389
592;11.40909091;2.93351E-11;1.86913E-09;0.00022974
593;11.65757576;4.14934E-11;2.59768E-09;0.0002029
594;11.9;8.3155E-11;6.30276E-09;0.00043486
595;12.11818182;1.90202E-10;2.05673E-08;0.00107124
596;12.29090909;3.39475E-10;4.99707E-08;0.00183842
597;12.41818182;3.93433E-10;6.92469E-08;0.00135972
598;12.52727273;4.22787E-10;8.34997E-08;0.00121503
599;12.6;3.81096E-10;8.0298E-08;0.00056776
600;12.63333333;3.07783E-10;6.51276E-08;0.00017268
601;12.65757576;2.4493E-10;5.01107E-08;0.0000872
602;12.68181818;1.93808E-10;3.74437E-08;0.00005069
603;12.68787879;1.55914E-10;2.81369E-08;0.00005011
604;12.68484848;1.25936E-10;2.10182E-08;0.00003724
605;12.66666667;1.03809E-10;1.60011E-08;0.0000373
606;12.62121212;8.46624E-11;1.19435E-08;0.00002397
607;12.57878788;6.91071E-11;8.874E-09;0.00003552
608;12.50909091;5.62304E-11;6.54938E-09;0.0000458
609;12.42424242;4.54655E-11;4.8008E-09;0.00004604
610;12.35757576;3.63462E-11;3.48906E-09;0.00003282
611;12.31212121;2.88768E-11;2.52791E-09;0.00003318
612;12.28181818;2.28668E-11;1.83344E-09;0.00004413
613;12.26363636;1.80972E-11;1.34194E-09;0.00003239
614;12.22727273;1.45443E-11;1.00795E-09;0.00003268
615;12.22727273;1.21259E-11;7.94813E-10;0.00003195
616;12.22424242;1.06791E-11;6.69158E-10;0.00004268
617;12.19393939;1.87998E-11;1.25068E-09;0.00010708
618;12.12727273;9.90378E-11;1.10679E-08;0.00106101
619;12.04242424;2.19471E-10;3.42633E-08;0.0020801
620;11.9;3.45473E-10;6.42869E-08;0.00292061
621;11.72121212;3.88911E-10;8.18658E-08;0.00193967
622;11.49393939;4.96153E-10;1.12456E-07;0.00321641
623;11.22121212;6.06463E-10;1.43824E-07;0.00417988
624;10.9030303;5.99767E-10;1.50357E-07;0.00294983
625;10.60909091;4.93491E-10;1.28126E-07;0.00127753
626;10.31212121;3.70119E-10;9.59677E-08;0.00029152
627;9.99393939;2.92678E-10;7.53631E-08;0.00022707
628;9.66060606;1.99714E-10;5.15388E-08;0.00015178
629;9.33030303;1.60242E-10;4.1283E-08;0.00009819
630;8.9969697;1.34388E-10;3.46235E-08;0.00005094
631;8.66363636;1.13648E-10;2.91148E-08;0.00003314
632;8.33333333;9.68802E-11;2.46095E-08;0.00002542
633;8.01212121;8.3781E-11;2.10296E-08;0.00002511
634;7.74242424;7.31729E-11;1.80922E-08;0.00001321
635;7.50606061;6.42594E-11;1.56273E-08;0.00000644
636;7.36060606;5.72847E-11;1.36707E-08;0.00000643
637;7.27575758;5.12696E-11;1.1988E-08;0
638;7.26969697;4.62765E-11;1.05788E-08;0
639;7.20909091;4.19901E-11;9.36808E-09;0
640;7.19393939;3.81538E-11;8.29601E-09;0
641;7.15454546;4.44199E-11;1.00397E-08;0.00051008
642;7.08181818;7.23679E-11;1.91319E-08;0.0017963
643;6.94848485;1.43987E-10;4.66084E-08;0.00382182
644;6.77272727;2.51792E-10;8.99912E-08;0.00530347
645;6.58787879;3.66931E-10;1.32479E-07;0.00637871
646;6.41212121;4.04675E-10;1.48236E-07;0.00456049
647;6.23939394;3.77731E-10;1.41226E-07;0.00286161
648;6.03030303;3.54075E-10;1.36083E-07;0.00274931
649;5.81212121;2.94279E-10;1.15894E-07;0.00112538
650;5.60909091;2.30234E-10;9.14255E-08;0.00021847
651;5.43636364;1.91914E-10;7.63017E-08;0.00018718
652;5.3;1.69397E-10;6.73304E-08;0.00018212
653;5.2;1.52878E-10;6.07407E-08;0.00016628
654;5.12727273;1.40065E-10;5.56122E-08;0.00017359
655;5.09090909;1.30086E-10;5.16516E-08;0.00018613
656;5.07272727;1.20936E-10;4.79177E-08;0.00015412
657;5.06060606;1.11482E-10;4.40747E-08;0.00011616
658;5.03636364;1.02119E-10;4.02445E-08;0.00011876
659;5.03030303;9.32461E-11;3.65946E-08;0.00010671
660;5.06666667;8.50954E-11;3.31841E-08;0.00013002
661;5.13636364;7.83381E-11;3.02981E-08;0.00012091
662;5.26969697;7.21998E-11;2.76249E-08;0.00012429
663;5.48484848;6.70302E-11;2.53369E-08;0.00008854
664;5.72424242;6.18393E-11;2.30601E-08;0.00005456
665;5.98787879;5.84239E-11;2.11136E-08;0.0000552
666;6.21212121;5.5673E-11;1.9897E-08;0.00009979
667;6.37575758;5.75183E-11;2.09618E-08;0.00035444
668;6.50909091;6.17961E-11;2.36686E-08;0.00044424
669;6.55151515;8.00832E-11;3.38252E-08;0.00177771
670;6.52727273;1.32921E-10;6.10723E-08;0.00540019
671;6.41515151;1.84678E-10;8.93696E-08;0.00498857
672;6.33939394;1.97729E-10;9.86612E-08;0.00276903
673;6.1969697;1.76019E-10;8.88002E-08;0.00096641
674;6.08484849;1.46453E-10;7.33403E-08;0.00021672
675;5.99393939;1.25787E-10;6.20605E-08;0.00018915
676;5.96666667;1.12223E-10;5.44597E-08;0.00020589
677;5.96666667;1.01248E-10;4.8291E-08;0.00022267
678;5.96060606;9.15696E-11;4.29433E-08;0.00018778
679;5.95454545;8.28164E-11;3.81928E-08;0.00017738
680;5.95757576;7.50523E-11;3.40543E-08;0.00012886
681;5.95454545;6.79259E-11;3.03238E-08;0.00009963
682;5.97272727;6.16191E-11;2.70336E-08;0.00011107
683;6.01212121;5.61066E-11;2.41517E-08;0.00011481
684;6.06969697;5.12664E-11;2.1596E-08;0.00014727
685;6.14242424;4.6783E-11;1.92598E-08;0.00013237
686;6.23333333;4.28879E-11;1.72167E-08;0.00014783
687;6.34242424;3.9559E-11;1.5453E-08;0.00014752
688;6.45454545;3.64421E-11;1.38167E-08;0.00011774
689;6.55757576;3.55283E-11;1.28117E-08;0.0002329
690;6.66060606;3.92183E-11;1.4359E-08;0.00073922
691;6.76666667;4.6025E-11;1.77926E-08;0.00095896
692;6.85757576;5.43238E-11;2.27799E-08;0.00101118
693;6.91818182;7.25208E-11;3.37002E-08;0.00244111
694;6.95757576;8.48325E-11;4.31687E-08;0.00174955
695;6.93333333;9.91588E-11;5.42652E-08;0.0023233
696;6.84242424;9.75137E-11;5.61233E-08;0.00081855
697;6.72727273;8.72029E-11;5.09662E-08;0.00021825
698;6.6;7.66677E-11;4.46422E-08;0.00008497
699;6.50606061;6.80331E-11;3.91425E-08;0.00006759
700;6.43030303;6.07722E-11;3.44158E-08;0.00006675
701;6.34848485;5.45685E-11;3.03505E-08;0.00006675
702;6.27272727;4.93334E-11;2.6909E-08;0.00006672
703;6.22727273;4.47454E-11;2.38942E-08;0.00008332
704;6.21212121;4.07394E-11;2.12707E-08;0.0000832
705;6.2;3.72016E-11;1.89679E-08;0.0000825
706;6.1969697;3.40516E-11;1.69444E-08;0.00006794
707;6.2030303;3.1232E-11;1.51491E-08;0.00003342
708;6.25151515;2.87041E-11;1.3564E-08;0.00001666
709;6.33030303;2.64231E-11;1.21343E-08;0.00001684
710;6.41515151;2.43359E-11;1.08428E-08;0.00001796
711;6.38787879;2.24944E-11;9.65862E-09;0.0001877
712;6.38787879;2.08217E-11;8.6105E-09;0.00017718
713;6.41515151;2.28464E-11;9.23663E-09;0.00070751
714;6.44242424;3.00399E-11;1.28425E-08;0.00148799
715;6.45757576;4.60894E-11;2.17515E-08;0.00298337
716;6.43333333;7.63933E-11;3.91498E-08;0.00540671
717;6.37878788;1.05247E-10;5.752E-08;0.00475716
718;6.35151515;1.00894E-10;5.82126E-08;0.00053861
719;6.2969697;9.77908E-11;5.87209E-08;0.00081531
720;6.22424242;9.45617E-11;5.88304E-08;0.00087408
721;6.12424242;8.70582E-11;5.53002E-08;0.00051673
722;6.05757576;7.67595E-11;4.8898E-08;0.00018836
723;6.01212121;6.79009E-11;4.29795E-08;0.00019506
724;5.95757576;6.08598E-11;3.82007E-08;0.00010073
725;5.8969697;5.47634E-11;3.39824E-08;0.00012761
726;5.85757576;4.96161E-11;3.04446E-08;0.00012663
727;5.82424242;4.47997E-11;2.70749E-08;0.00016486
728;5.79393939;4.06956E-11;2.41807E-08;0.00019572
729;5.77272727;3.80257E-11;2.17489E-08;0.00016538
730;5.77272727;3.56051E-11;1.96186E-08;0.00016785
731;5.78787879;3.318E-11;1.76328E-08;0.00010934
732;5.82727273;3.10265E-11;1.59166E-08;0.00008899
733;5.92121212;2.91528E-11;1.44312E-08;0.00009177
734;6.01515152;2.74133E-11;1.30798E-08;0.00007415
735;6.12727273;2.58334E-11;1.18726E-08;0.00007438
736;6.22424242;2.43176E-11;1.07543E-08;0.00009452
737;6.28181818;2.42408E-11;1.01568E-08;0.00035589
738;6.34545454;2.95238E-11;1.26568E-08;0.00154358
739;6.4;4.07448E-11;1.88908E-08;0.00251628
740;6.43333333;5.97904E-11;3.00715E-08;0.00433687
741;6.40909091;9.20805E-11;4.86586E-08;0.00718932
742;6.33939394;1.24707E-10;6.74522E-08;0.00700255
743;6.23030303;1.47721E-10;8.07594E-08;0.00585305
744;6.24242424;1.55506E-10;8.58304E-08;0.00399293
745;6.20606061;1.41451E-10;7.7706E-08;0.00127525
746;6.12727273;1.22993E-10;6.64218E-08;0.00043062
747;6.05454546;1.08134E-10;5.73081E-08;0.00030784
748;5.95454545;9.60782E-11;5.00624E-08;0.00022998
749;5.9;8.618E-11;4.42107E-08;0.0001885
750;5.89090909;7.76886E-11;3.92902E-08;0.00014001
751;5.84848485;7.01313E-11;3.49718E-08;0.00014294
752;5.77272727;6.32405E-11;3.11162E-08;0.00009796
753;5.67575758;5.70535E-11;2.77095E-08;0.00007563
754;5.62121212;5.1451E-11;2.45784E-08;0.00008885
755;5.59393939;4.7033E-11;2.21653E-08;0.00006588
756;5.58787879;4.30756E-11;2.00104E-08;0.00006845
757;5.62424242;3.96159E-11;1.81182E-08;0.00008945
758;5.67575758;3.64003E-11;1.63754E-08;0.00008979
759;5.72727273;3.36114E-11;1.48626E-08;0.00008251
760;5.78181818;3.10788E-11;1.35004E-08;0.00006356
761;5.82121212;3.21188E-11;1.38153E-08;0.00067479
762;5.82727273;4.10447E-11;1.8683E-08;0.00330716
763;5.77878788;5.76934E-11;2.88403E-08;0.00498751
764;5.7;8.04142E-11;4.36271E-08;0.00655996
765;5.56969697;1.07638E-10;6.13926E-08;0.00809393
766;5.38787879;1.199E-10;7.08956E-08;0.00502392
767;5.15757576;1.22369E-10;7.41657E-08;0.0037032
768;4.9030303;1.17596E-10;7.24918E-08;0.00265761
769;4.61212121;1.08435E-10;6.763E-08;0.00172545
770;4.33636364;9.3026E-11;5.78877E-08;0.00037202
771;4.08181818;8.08727E-11;4.99492E-08;0.00030102
772;3.85757576;7.13416E-11;4.37556E-08;0.00019336
773;3.63030303;6.35653E-11;3.87654E-08;0.00010468
774;3.42424242;5.7047E-11;3.46469E-08;0.00009358
775;3.21818182;5.14463E-11;3.11523E-08;0.0000467
776;3.02424242;4.65634E-11;2.81427E-08;0.00002956
777;2.85151515;4.23067E-11;2.55416E-08;0.00001464
778;2.69090909;3.85445E-11;2.32594E-08;0
779;2.60909091;3.54079E-11;2.13601E-08;0
780;2.61212121;3.28634E-11;1.98216E-08;0
781;2.67575758;3.07971E-11;1.8563E-08;0
782;2.74848485;2.85991E-11;1.71932E-08;0
783;2.82121212;2.71561E-11;1.63031E-08;0
784;2.88484849;2.57757E-11;1.5442E-08;0
785;2.95151515;2.61275E-11;1.57346E-08;0.00031741
786;2.97575758;3.50498E-11;2.198E-08;0.00462057
787;2.96060606;5.22182E-11;3.51489E-08;0.00692141
788;2.86969697;7.68187E-11;5.38307E-08;0.00993458
789;2.73636364;1.03489E-10;7.29466E-08;0.01135715
790;2.56060606;1.25297E-10;8.7425E-08;0.01139953
791;2.36060606;1.27789E-10;8.94155E-08;0.00706474
792;2.14242424;1.16062E-10;8.20589E-08;0.00370476
793;1.9030303;9.65315E-11;6.88684E-08;0.00133764
794;1.66666667;7.64454E-11;5.45327E-08;0.00031028
795;1.46363636;6.2288E-11;4.43744E-08;0.00022712
796;1.27575758;5.11921E-11;3.64331E-08;0.00020853
797;1.07272727;4.28998E-11;3.05445E-08;0.00021821
798;0.9030303;3.63793E-11;2.59562E-08;0.00016695
799;0.74848485;3.10309E-11;2.22097E-08;0.00017883
800;0.65757576;2.68781E-11;1.93182E-08;0.00015983
801;0.56363636;2.32482E-11;1.6798E-08;0.00010383
802;0.50606061;2.02269E-11;1.47046E-08;0.00005655
803;0.48787879;1.79306E-11;1.31251E-08;0.00005406
804;0.52424242;1.6422E-11;1.21136E-08;0.00001997
805;0.56666667;1.55083E-11;1.15322E-08;0.00001
806;0.64242424;1.52152E-11;1.14075E-08;0.00001022
807;0.71515151;1.52652E-11;1.15409E-08;0.00001052
808;0.85151515;1.59057E-11;1.21267E-08;0.0000104
809;0.97878788;1.87428E-11;1.43607E-08;0.00043062
810;1.04545454;2.56851E-11;2.02354E-08;0.0022165
811;1.0969697;4.12459E-11;3.3551E-08;0.0065015
812;1.06666667;6.79092E-11;5.58357E-08;0.01209327
813;0.94545455;8.00772E-11;6.67975E-08;0.00739431
814;0.75454546;7.8912E-11;6.68042E-08;0.00455542
815;0.53030303;8.27677E-11;7.0266E-08;0.0074183
816;0.28181818;7.5895E-11;6.51344E-08;0.00425218
817;0.0030303;5.80153E-11;5.0346E-08;0.00095595
818;-0.25151515;4.08437E-11;3.55549E-08;0.00011919
819;-0.43939394;2.84293E-11;2.47736E-08;0.00007597
820;-0.61212121;1.98523E-11;1.73233E-08;0.00006289
821;-0.76060606;1.40986E-11;1.23375E-08;0.00005702
822;-0.91818182;1.00379E-11;8.81726E-09;0.00002236
823;-1.03333333;7.21268E-12;6.3651E-09;0.00001103
824;-1.11212121;5.31944E-12;4.7217E-09;0.0000101
825;-1.17272727;3.90519E-12;3.4883E-09;0.00000983
826;-1.19393939;2.85785E-12;2.56965E-09;0
827;-1.18181818;2.12433E-12;1.92382E-09;0
828;-1.15757576;1.60477E-12;1.46462E-09;0
829;-1.08484848;1.23476E-12;1.1364E-09;0
830;-0.95757576;9.72411E-13;9.02818E-10;0
831;-0.81818182;7.75447E-13;7.26599E-10;0
832;-0.68484848;6.24568E-13;5.90873E-10;0
833;-0.56666667;1.46108E-12;1.39823E-09;0.00010798
834;-0.44242424;4.22496E-12;4.12354E-09;0.00059797
835;-0.33030303;1.05765E-11;1.05769E-08;0.00216007
836;-0.25757576;1.96041E-11;2.00966E-08;0.00369355
837;-0.24848485;2.62952E-11;2.76311E-08;0.00323795
838;-0.24545454;2.83424E-11;3.04491E-08;0.00214128
839;-0.24545454;2.58798E-11;2.83093E-08;0.00105287
840;-0.26969697;2.14053E-11;2.37287E-08;0.00053497
841;-0.35454546;1.67016E-11;1.86942E-08;0.00031167
842;-0.43939394;1.21164E-11;1.36596E-08;0.0001271
843;-0.50909091;8.56795E-12;9.7197E-09;0.00010976
844;-0.55151515;6.02937E-12;6.88274E-09;0.00010761
845;-0.56969697;4.25998E-12;4.89483E-09;0.0000947
846;-0.62424242;2.95157E-12;3.4133E-09;0.00011267
847;-0.62727273;2.03773E-12;2.37374E-09;0.00005988
848;-0.62727273;1.41282E-12;1.65874E-09;0.00004491
849;-0.66363636;9.75286E-13;1.15469E-09;0.00002857
850;-0.63636364;6.73992E-13;8.05151E-10;0.00001403
851;-0.56060606;4.64443E-13;5.60055E-10;0.00001412
852;-0.47575758;3.17755E-13;3.8694E-10;0.00001422
853;-0.36969697;2.24814E-13;2.76609E-10;0.00002601
854;-0.2;1.63126E-13;2.02894E-10;0.00001319
855;-0.02424242;1.21608E-13;1.52973E-10;0.000013
856;0.13030303;7.99043E-13;1.01684E-09;0
857;0.20606061;2.40782E-12;3.09056E-09;0.000099
858;0.23333333;4.84386E-12;6.32647E-09;0.00034096
859;0.358;8.95635E-12;1.19384E-08;0.00086355
860;1.221;1.80115E-11;2.45165E-08;0.00139382
861;3.055;3.71078E-11;5.10807E-08;0.00307514
862;2.623;5.03081E-11;6.8448E-08;0.00579162
863;2.947;6.03865E-11;8.10802E-08;0.00497132
864;0.681;4.95971E-11;6.66706E-08;0.00238723
865;-0.47878788;3.63491E-11;4.91953E-08;0.0005269
866;-0.63636364;2.54472E-11;3.45059E-08;0.00005292
867;-0.80606061;1.75389E-11;2.37885E-08;0.00003727
868;-0.98484848;1.21263E-11;1.64553E-08;0.00002485
869;-1.16060606;8.55197E-12;1.16211E-08;0.0000245
870;-1.33030303;6.08003E-12;8.2819E-09;0.00001182
871;-1.52121212;4.36876E-12;5.96727E-09;0.00008455
872;-1.72424242;3.16948E-12;4.34322E-09;0.00010794
873;-1.90606061;2.32575E-12;3.19912E-09;0.00010642
874;-2.05151515;1.67532E-12;2.31378E-09;0.0001009
875;-2.11818182;1.1989E-12;1.66337E-09;0.00008636
876;-2.12121212;8.67345E-13;1.20962E-09;0.00007348
877;-2.07878788;6.28933E-13;8.82183E-10;0.00006078
878;-2.01818182;4.57441E-13;6.45652E-10;0.00007133
879;-1.9030303;3.38618E-13;4.81216E-10;0.000059
880;-1.78787879;2.50219E-13;3.58204E-10;0.00005727
881;-1.67878788;2.31443E-12;3.32302E-09;0.00071441
882;-1.56969697;8.41529E-12;1.19772E-08;0.00394863
883;0.25;2.0707E-11;2.83101E-08;0.00779099
884;1.976;4.70995E-11;5.97782E-08;0.01087132
885;2.731;7.18558E-11;8.47515E-08;0.01018788
886;3.271;8.96497E-11;9.98934E-08;0.00859216
887;3.486;9.62355E-11;1.03619E-07;0.00591213
888;3.055;9.39167E-11;9.90638E-08;0.00457377
889;1.545;7.23023E-11;7.57508E-08;0.00112809
890;0.034;4.66385E-11;4.86448E-08;0.00029988
891;-2.20606061;3.006E-11;3.11622E-08;0.00027556
892;-2.28484848;2.0557E-11;2.12322E-08;0.00023137
893;-2.35757576;1.41205E-11;1.45556E-08;0.00028169
894;-2.44848485;9.9083E-12;1.02133E-08;0.00025667
895;-2.53636364;6.89876E-12;7.1192E-09;0.000253
896;-2.61818182;4.85175E-12;5.01911E-09;0.00022469
897;-2.71515152;3.44943E-12;3.58052E-09;0.00020608
898;-2.79090909;2.4409E-12;2.54378E-09;0.00017375
899;-2.8;1.71855E-12;1.79949E-09;0.00015015
900;-2.77272727;1.21916E-12;1.28367E-09;0.00009504
901;-2.71515152;8.71452E-13;9.23276E-10;0.00006816
902;-2.63030303;6.27709E-13;6.6953E-10;0.00005638
903;-2.51818182;4.63325E-13;4.97799E-10;0.00005512
904;-2.39090909;3.4679E-13;3.7547E-10;0.00006515
905;-2.26666667;2.25663E-12;2.43576E-09;0.00047305
906;-2.16363636;9.70788E-12;1.05012E-08;0.00411021
907;-2.12424242;2.21625E-11;2.3661E-08;0.00799695
908;-2.16969697;3.59415E-11;3.73367E-08;0.00975241
909;-2.28181818;4.8164E-11;4.82794E-08;0.0101197
910;0.142;5.94733E-11;5.79114E-08;0.00882978
911;0.358;6.3084E-11;6.03264E-08;0.00654212
912;0.142;5.68876E-11;5.41281E-08;0.00365425
913;-3.11515151;4.14907E-11;3.94057E-08;0.0010709
914;-3.35757576;2.88486E-11;2.73263E-08;0.00028596
915;-3.54545455;1.96099E-11;1.85398E-08;0.00020094
916;-3.73030303;1.3303E-11;1.25731E-08;0.00016545
917;-3.8969697;9.09315E-12;8.60309E-09;0.00013795
918;-4.04242424;6.27975E-12;5.95473E-09;0.00011908
919;-4.20606061;4.39036E-12;4.17575E-09;0.00012086
920;-4.34545454;3.11577E-12;2.97483E-09;0.00009316
921;-4.5;2.23181E-12;2.14024E-09;0.00007852
922;-4.60909091;1.56005E-12;1.503E-09;0.00006549
923;-4.66969697;1.10171E-12;1.06696E-09;0.00005114
924;-4.66363636;7.71718E-13;7.51527E-10;0.00004324
925;-4.54848485;5.47369E-13;5.36254E-10;0.00003459
926;-4.3969697;3.88168E-13;3.8274E-10;0.0000336
927;-4.18181818;2.73099E-13;2.71127E-10;0.00003434
928;-3.97575758;1.93556E-13;1.93564E-10;0.00002448
929;-3.77878788;2.65659E-12;2.67011E-09;0.00046966
930;-3.62727273;1.38003E-11;1.39768E-08;0.00468815
931;-3.52424242;3.58974E-11;3.59529E-08;0.01152618
932;0.142;6.63483E-11;6.40881E-08;0.01595558
933;0.681;8.46361E-11;7.91769E-08;0.01227835
934;2.3;1.10557E-10;1.00794E-07;0.01135625
935;1.868;1.10748E-10;9.97031E-08;0.00802362
936;1.221;9.40567E-11;8.45917E-08;0.00431728
937;-4.00909091;5.79807E-11;5.21528E-08;0.00110098
938;-4.18787879;3.73466E-11;3.35677E-08;0.00022696
939;-4.34545454;2.3435E-11;2.10535E-08;0.00017323
940;-4.47575758;1.47172E-11;1.32325E-08;0.00012026
941;-4.61212121;9.51694E-12;8.57502E-09;0.00011219
942;-4.71818182;6.09351E-12;5.50663E-09;0.00005099
943;-4.81212121;4.05871E-12;3.68232E-09;0.00004651
944;-4.9;2.68699E-12;2.44855E-09;0.00003774
945;-4.97878788;1.76044E-12;1.61197E-09;0.00002673
946;-4.96060606;1.13249E-12;1.04239E-09;0.00004256
947;-4.9;7.26058E-13;6.7205E-10;0.00003192
948;-4.79090909;4.78521E-13;4.45625E-10;0.00003912
949;-4.6;3.12803E-13;2.93187E-10;0.00002002
950;-4.3969697;2.00842E-13;1.89536E-10;0.00002033
951;-4.17878788;1.28209E-13;1.21866E-10;0.00002934
952;-3.94545455;7.64544E-14;7.32193E-11;0.00004065
953;-3.72121212;3.09714E-12;2.99081E-09;0.00040688
954;-3.47575758;7.50717E-12;7.35572E-09;0.00078541
955;-3.25151515;1.71132E-11;1.69849E-08;0.00376457
956;0.25;3.24371E-11;3.25342E-08;0.00612036
957;0.897;4.49658E-11;4.56124E-08;0.00438519
958;1.437;5.437E-11;5.576E-08;0.00332726
959;1.545;5.66906E-11;5.87916E-08;0.0022882
960;1.545;5.1597E-11;5.4025E-08;0.00095582
961;1.545;4.58985E-11;4.84081E-08;0.00062824
962;1.545;4.00949E-11;4.26019E-08;0.00034369
963;1.76;3.78464E-11;4.05238E-08;0.00038962
964;1.868;3.74232E-11;4.0409E-08;0.00039487
965;2.084;3.84305E-11;4.18803E-08;0.0003831
966;2.084;3.85802E-11;4.24555E-08;0.000386
967;2.623;4.22368E-11;4.69654E-08;0.00046667
968;2.623;4.44188E-11;4.99267E-08;0.00038528
969;2.623;4.53012E-11;5.14957E-08;0.00021604
970;2.623;4.5488E-11;5.23062E-08;0.00019378
971;2.3;4.30928E-11;5.01292E-08;0.0001064
972;2.192;4.03101E-11;4.74469E-08;0.00004263
973;2.3;3.92394E-11;4.67344E-08;0.00002164
974;2.516;4.02055E-11;4.84504E-08;0.00002214
975;2.516;4.03713E-11;4.92284E-08;0
976;2.408;3.95708E-11;4.88243E-08;0
977;2.408;3.93081E-11;4.82413E-08;0.00005876
978;2.623;4.06596E-11;5.04505E-08;0.00023199
979;2.839;4.33739E-11;5.46071E-08;0.00058819
980;3.594;5.05083E-11;6.46494E-08;0.0015368
981;3.702;5.49575E-11;7.16364E-08;0.00173445
982;3.486;5.54875E-11;7.36966E-08;0.00139788
983;3.271;5.29785E-11;7.15817E-08;0.00049408
984;2.947;4.85282E-11;6.64462E-08;0.00015032
985;2.947;4.47459E-11;6.19148E-08;0.00006647
986;2.839;4.1451E-11;5.78071E-08;0
987;2.731;3.85378E-11;5.41086E-08;0
988;2.623;3.59496E-11;5.07899E-08;0
989;3.055;3.51653E-11;4.99542E-08;0
990;3.163;3.42299E-11;4.88708E-08;0
991;4.242;3.62552E-11;5.19378E-08;0
992;3.702;3.45853E-11;4.9725E-08;0
993;3.702;3.30911E-11;4.77206E-08;0
994;3.702;3.13776E-11;4.5356E-08;0
995;3.271;2.87784E-11;4.16971E-08;0
996;3.055;2.61863E-11;3.80409E-08;0
997;2.839;2.4021E-11;3.49553E-08;0
998;2.839;2.22931E-11;3.24723E-08;0
999;3.055;2.10256E-11;3.06179E-08;0
1000;3.379;2.00598E-11;2.91579E-08;0
1001;4.026;1.96783E-11;2.85378E-08;0.00006014
1002;4.457;1.98083E-11;2.87882E-08;0.00076643
1003;5.321;2.12657E-11;3.09317E-08;0.00224181
1004;5.968;2.35032E-11;3.40631E-08;0.00382219
1005;6.184;2.51904E-11;3.66039E-08;0.00343297
1006;6.831;2.69026E-11;3.9129E-08;0.00310132
1007;7.047;2.73225E-11;3.98527E-08;0.00205296
1008;7.262;2.63012E-11;3.83859E-08;0.0005737
1009;7.802;2.48678E-11;3.59293E-08;0.00007653
1010;8.018;2.30503E-11;3.2718E-08;0
1011;8.126;2.12565E-11;2.95538E-08;0
1012;8.126;1.95455E-11;2.65851E-08;0
1013;8.557;1.82398E-11;2.42267E-08;0
1014;8.773;1.6937E-11;2.1946E-08;0
1015;8.773;1.56425E-11;1.97563E-08;0
1016;8.773;1.4492E-11;1.78519E-08;0
1017;8.557;1.33618E-11;1.60599E-08;0
1018;9.097;1.263E-11;1.47837E-08;0
1019;9.528;1.19179E-11;1.35635E-08;0
1020;9.312;1.10491E-11;1.22335E-08;0
1021;9.528;1.03744E-11;1.11644E-08;0
1022;8.665;9.537E-12;1.0004E-08;0
1023;9.097;9.037E-12;9.22555E-09;0
1024;8.449;8.3291E-12;8.29157E-09;0
1025;6.831;7.55332E-12;7.3972E-09;0.00010605
1026;8.665;8.33453E-12;8.04281E-09;0.00211688
1027;9.744;1.10554E-11;1.02664E-08;0.00804684
1028;10.283;1.44396E-11;1.33182E-08;0.00749429
1029;10.715;1.88071E-11;1.71157E-08;0.00870191
1030;10.931;2.43383E-11;2.14475E-08;0.0107498
1031;10.499;2.62196E-11;2.29239E-08;0.00423932
1032;10.068;2.65978E-11;2.30676E-08;0.00276269
1033;9.636;2.52643E-11;2.17172E-08;0.0006721
1034;8.989;2.31935E-11;1.9714E-08;0.00023982
1035;8.881;2.14703E-11;1.80393E-08;0.00014352
1036;8.126;1.94918E-11;1.62096E-08;0.00009142
1037;8.773;1.83703E-11;1.51265E-08;0.00004762
1038;8.018;1.66684E-11;1.36089E-08;0.00004572
1039;8.557;1.5666E-11;1.26824E-08;0.00004733
1040;8.233;1.43995E-11;1.15625E-08;0.00023314
1041;7.91;1.31911E-11;1.05033E-08;0.00027457
1042;7.802;1.22388E-11;9.66954E-09;0.00035721
1043;7.478;1.1306E-11;8.86649E-09;0.00035056
1044;7.478;1.0544E-11;8.20762E-09;0.00030118
1045;7.478;9.84548E-12;7.60588E-09;0.00030184
1046;7.047;9.09931E-12;6.98129E-09;0.00019639
1047;7.047;8.51292E-12;6.48674E-09;0.00009839
1048;7.155;7.98771E-12;6.03809E-09;0.00009924
1049;6.939;7.73489E-12;5.63911E-09;0.00013793
1050;7.37;7.72296E-12;5.66173E-09;0.00072565
1051;7.586;8.29662E-12;6.21342E-09;0.00248155
1052;8.126;9.31479E-12;7.22784E-09;0.00305732
1053;8.665;1.01843E-11;8.23748E-09;0.0021097
1054;9.204;1.19822E-11;9.97548E-09;0.00536464
1055;9.312;1.35347E-11;1.16655E-08;0.00422527
1056;9.312;1.37902E-11;1.22574E-08;0.00100753
1057;9.528;1.34379E-11;1.21152E-08;0.00029254
1058;9.744;1.27169E-11;1.14808E-08;0.00005942
1059;9.96;1.19512E-11;1.07692E-08;0.00006036
1060;9.96;1.11251E-11;9.98897E-09;0.00006052
1061;8.989;1.01009E-11;9.03487E-09;0.00005732
1062;8.989;9.40515E-12;8.37879E-09;0
1063;8.881;8.761E-12;7.76888E-09;0
1064;8.557;8.22431E-12;7.25736E-09;0
1065;8.665;7.82104E-12;6.86559E-09;0.00005648
1066;8.126;7.31505E-12;6.3894E-09;0.0000556
1067;7.802;6.88761E-12;5.98601E-09;0.00010948
1068;7.694;6.52681E-12;5.6439E-09;0.00010896
1069;7.262;6.11362E-12;5.25927E-09;0.00010626
1070;6.399;5.67551E-12;4.86204E-09;0.00010083
1071;5.644;5.2947E-12;4.52145E-09;0.00009626
1072;4.889;4.94878E-12;4.21819E-09;0.00004592
1073;5.213;4.91562E-12;4.1622E-09;0.00023019
1074;5.968;5.45996E-12;4.70714E-09;0.00250445
1075;7.155;7.19822E-12;6.14595E-09;0.00794058
1076;7.694;9.42116E-12;8.09578E-09;0.00784549
1077;8.449;1.25829E-11;1.06382E-08;0.01003407
1078;8.665;1.56881E-11;1.30822E-08;0.00873811
1079;9.204;2.0071E-11;1.60786E-08;0.01224794
1080;9.312;2.36624E-11;1.8507E-08;0.00915185
1081;8.341;2.48318E-11;1.92424E-08;0.00480881
1082;7.155;2.35009E-11;1.81614E-08;0.00092033
1083;6.723;2.22653E-11;1.71546E-08;0.0007925
1084;5.968;2.07642E-11;1.59738E-08;0.00055557
1085;5.536;1.94712E-11;1.49803E-08;0.00049261
1086;5.752;1.85614E-11;1.43006E-08;0.00055067
1087;5.968;1.7682E-11;1.36595E-08;0.00050874
1088;6.615;1.70298E-11;1.32001E-08;0.00069211
1089;6.723;1.61377E-11;1.25588E-08;0.00069868
1090;6.292;1.50102E-11;1.17288E-08;0.00059833
1091;6.399;1.42058E-11;1.11564E-08;0.00049424
1092;6.831;1.35568E-11;1.07022E-08;0.00056584
1093;6.939;1.2816E-11;1.01735E-08;0.00045689
1094;6.939;1.20707E-11;9.63806E-09;0.00034348
1095;5.536;1.09639E-11;8.80643E-09;0.00031492
1096;4.673;1.01233E-11;8.17812E-09;0.00044778
1097;4.35;9.50792E-12;7.72003E-09;0.00073167
1098;3.594;9.8129E-12;7.35518E-09;0.00097322
1099;2.408;9.6548E-12;7.33313E-09;0.00128509
1100;3.163;1.04628E-11;8.10718E-09;0.00285177
1101;3.271;1.15243E-11;9.16465E-09;0.00394277
1102;3.594;1.27157E-11;1.0393E-08;0.00370721
1103;3.379;1.35991E-11;1.13717E-08;0.00337364
1104;3.271;1.41902E-11;1.20926E-08;0.0025294
1105;2.839;1.39988E-11;1.20706E-08;0.00107478
1106;2.408;1.33848E-11;1.16487E-08;0.00047677
1107;2.731;1.27906E-11;1.12078E-08;0.00044326
1108;2.731;1.2082E-11;1.0651E-08;0.00039927
1109;2.623;1.13727E-11;1.00804E-08;0.00057303
1110;2.084;1.05839E-11;9.43515E-09;0.00046805
1111;1.652;9.87934E-12;8.86269E-09;0.00037224
1112;1.329;9.25476E-12;8.35816E-09;0.00040487
1113;1.437;8.77382E-12;7.97672E-09;0.00036722
1114;1.329;8.27663E-12;7.57726E-09;0.00032193
1115;1.437;7.86129E-12;7.24862E-09;0.00028389
1116;1.652;7.50192E-12;6.96616E-09;0.00032936
1117;1.76;7.15183E-12;6.68737E-09;0.00037346
1118;1.76;6.80764E-12;6.41029E-09;0.0003737
1119;1.76;6.48712E-12;6.15322E-09;0.00029085
1120;1.976;6.23178E-12;5.95346E-09;0.00029529
1121;2.192;5.99963E-12;5.77211E-09;0.00029982
1122;2.623;6.55123E-12;5.96151E-09;0.00129492
1123;2.731;7.00702E-12;6.4325E-09;0.00222332
1124;3.055;7.75461E-12;7.198E-09;0.00297408
1125;2.623;8.20718E-12;7.74654E-09;0.00211777
1126;2.408;8.71968E-12;8.37903E-09;0.00218935
1127;2.192;9.10847E-12;8.89832E-09;0.0018738
1128;1.868;9.1515E-12;9.04451E-09;0.0011571
1129;1.329;8.87563E-12;8.84266E-09;0.00060424
1130;1.221;8.53262E-12;8.56963E-09;0.00040442
1131;1.113;8.1549E-12;8.24513E-09;0.00044185
1132;1.113;7.79784E-12;7.93184E-09;0.00044202
1133;0.897;7.39084E-12;7.56482E-09;0.00035658
1134;0.681;6.98762E-12;7.1985E-09;0.00031247
1135;0.358;6.56988E-12;6.81495E-09;0.00026753
1136;0.30606061;6.21787E-12;6.49745E-09;0.00022271
1137;0.24545454;5.8813E-12;6.19191E-09;0.0002211
1138;0.19393939;5.56226E-12;5.90126E-09;0.00021262
1139;0.13939394;5.25975E-12;5.62361E-09;0.00024807
1140;0.08484849;4.97327E-12;5.35868E-09;0.00028147
1141;0.02121212;4.70032E-12;5.10393E-09;0.00031435
1142;-0.05151515;4.4452E-12;4.86215E-09;0.00042219
1143;-0.12727273;4.20689E-12;4.63461E-09;0.00041913
1144;-0.19393939;3.98524E-12;4.42168E-09;0.00041609
1145;-0.26060606;3.7781E-12;4.22119E-09;0.00041609
1146;-0.33636364;3.9132E-12;4.10883E-09;0.00072577
1147;-0.41818182;3.91888E-12;4.11096E-09;0.00093417
1148;-0.51515152;4.03372E-12;4.24513E-09;0.00125633
1149;-0.61818182;4.21763E-12;4.47769E-09;0.00129354
1150;-0.73333333;4.33926E-12;4.66483E-09;0.00085885
1151;-0.83636364;4.56244E-12;4.9565E-09;0.00138385
1152;-0.93333333;4.67206E-12;5.11429E-09;0.00103628
1153;-1.02727273;4.64319E-12;5.10738E-09;0.00064142
1154;-1.10909091;4.49896E-12;4.97883E-09;0.00051255
1155;-1.17575758;4.33374E-12;4.81872E-09;0.00057664
1156;-1.23636364;4.16041E-12;4.64819E-09;0.00047143
1157;-1.29393939;3.98221E-12;4.47025E-09;0.00040113
1158;-1.35151515;3.80451E-12;4.291E-09;0.00036771
1159;-1.4030303;3.63071E-12;4.11477E-09;0.00033428
1160;-1.44545455;3.46246E-12;3.94382E-09;0.00029866
1161;-1.48181818;3.30086E-12;3.77872E-09;0.00030086
1162;-1.5;3.14655E-12;3.62163E-09;0.00023717
1163;-1.50909091;2.99953E-12;3.47194E-09;0.00020899
1164;-1.50909091;2.85946E-12;3.32943E-09;0.00017914
1165;-1.5;2.72612E-12;3.19343E-09;0.00017914
1166;-1.48484849;2.5995E-12;3.06397E-09;0.00017914
1167;-1.46363636;2.4794E-12;2.94076E-09;0.00018041
1168;-1.44545455;2.36499E-12;2.82301E-09;0.00017914
1169;-1.43030303;2.25608E-12;2.71068E-09;0.0001514
1170;-1.41818182;2.44292E-12;2.77184E-09;0.00081677
1171;-1.40606061;2.80918E-12;3.16095E-09;0.00247163
1172;0.142;3.52447E-12;3.94118E-09;0.00312541
1173;0.25;4.23722E-12;4.7358E-09;0.00294825
1174;0.358;4.79428E-12;5.4038E-09;0.00176417
1175;0.358;5.28486E-12;6.01143E-09;0.00160144
1176;0.142;5.44466E-12;6.25842E-09;0.00075211
1177;-1.32424242;5.22067E-12;6.03867E-09;0.0003608
1178;-1.32121212;5.06353E-12;5.88886E-09;0.00018965
1179;-1.32424242;4.86779E-12;5.68777E-09;0.00018965
1180;-1.35151515;4.65143E-12;5.4582E-09;0.00021972
1181;-1.35454546;4.43209E-12;5.22319E-09;0.00021972
1182;-1.35757576;4.21451E-12;4.98771E-09;0.00028054
1183;-1.35151515;4.0026E-12;4.75791E-09;0.00027858
1184;-1.34242424;3.79739E-12;4.53562E-09;0.00024762
1185;-1.33333333;3.60142E-12;4.32273E-09;0.00027663
1186;-1.31515151;3.4146E-12;4.11951E-09;0.000287
1187;-1.29090909;3.23536E-12;3.9268E-09;0.0001806
1188;-1.25757576;3.06656E-12;3.74456E-09;0.00018997
1189;-1.20606061;2.90852E-12;3.57354E-09;0.00022004
1190;-1.15151515;2.75852E-12;3.41181E-09;0.00015945
1191;-1.09090909;2.61641E-12;3.25823E-09;0.00016059
1192;-1.01818182;2.48233E-12;3.11364E-09;0.00012848
1193;-0.93333333;2.3563E-12;2.97741E-09;0.00013033
1194;-0.85454546;2.40943E-12;2.94326E-09;0.00032263
1195;0.142;2.61475E-12;3.22311E-09;0.00073839
1196;0.897;3.18223E-12;3.94363E-09;0.00177016
1197;1.005;3.89587E-12;4.85598E-09;0.00222754
1198;1.221;4.40533E-12;5.59849E-09;0.0007208
1199;1.652;4.94515E-12;6.39406E-09;0.0007385
1200;2.192;5.53505E-12;7.28093E-09;0.00069128
1201;1.868;5.64655E-12;7.54212E-09;0.0000871
1202;1.868;5.65646E-12;7.63953E-09;0
1203;1.437;5.48875E-12;7.48384E-09;0
1204;0.789;5.18868E-12;7.1385E-09;0
1205;1.113;5.06375E-12;7.02619E-09;0
1206;1.652;5.03082E-12;7.03803E-09;0
1207;1.868;4.9736E-12;7.01467E-09;0
1208;2.192;4.96078E-12;7.05273E-09;0
1209;1.868;4.81613E-12;6.90346E-09;0
1210;1.437;4.61287E-12;6.668E-09;0
1211;0.789;4.32984E-12;6.31402E-09;0
1212;1.005;4.18314E-12;6.15329E-09;0
1213;1.545;4.13299E-12;6.13099E-09;0
1214;1.113;3.93944E-12;5.89502E-09;0
1215;0.142;3.61717E-12;5.46382E-09;0
1216;1.005;3.57346E-12;5.43896E-09;0.00015756
1217;0.789;3.52464E-12;5.37663E-09;0.00048187
1218;1.113;4.23127E-12;6.17559E-09;0.00432101
1219;2.408;6.38816E-12;8.23525E-09;0.01014699
1220;4.134;1.07913E-11;1.17602E-08;0.01508816
1221;5.428;1.79152E-11;1.64282E-08;0.01865635
1222;5.428;2.55139E-11;2.07035E-08;0.01668989
1223;5.536;3.13883E-11;2.40844E-08;0.00993712
1224;5.86;3.62968E-11;2.69054E-08;0.00849954
1225;4.35;3.53056E-11;2.59533E-08;0.00187326
1226;4.026;3.35615E-11;2.46082E-08;0.00058884
1227;3.486;3.12094E-11;2.28879E-08;0.00037998
1228;3.702;2.95517E-11;2.17395E-08;0.00043438
1229;3.486;2.7524E-11;2.03486E-08;0.00028619
1230;3.594;2.58713E-11;1.9257E-08;0.00019257
1231;3.379;2.40999E-11;1.80831E-08;0.00014229
1232;3.271;2.25288E-11;1.70577E-08;0.0000944
1233;2.839;2.08653E-11;1.5955E-08;0.00009196
1234;2.516;1.93654E-11;1.49591E-08;0.00003859
1235;1.329;1.74398E-11;1.36106E-08;0.00003587
1236;0.897;1.59921E-11;1.26136E-08;0
1237;0.897;1.48635E-11;1.18519E-08;0
1238;0.142;1.34573E-11;1.0852E-08;0.00003332
1239;1.56666667;1.31608E-11;1.07367E-08;0.00003244
1240;1.68787879;1.24842E-11;1.03073E-08;0
1241;1.81212121;1.22507E-11;1.00941E-08;0.00029
1242;0.789;1.26521E-11;1.04436E-08;0.00453974
1243;1.868;1.61043E-11;1.28232E-08;0.01189845
1244;3.271;2.20098E-11;1.67309E-08;0.01483846
1245;4.457;3.18489E-11;2.22627E-08;0.02239899
1246;5.213;4.23779E-11;2.77609E-08;0.02006529
1247;5.428;5.2718E-11;3.27547E-08;0.019858
1248;4.565;5.42586E-11;3.35686E-08;0.0060215
1249;3.594;5.13168E-11;3.18486E-08;0.00174175
1250;2.731;4.67379E-11;2.91269E-08;0.00032178
1251;1.329;4.13272E-11;2.58772E-08;0.00025828
1252;1.005;3.74459E-11;2.35914E-08;0.00025328
1253;0.789;3.39739E-11;2.15625E-08;0.0002143
1254;0.358;3.05466E-11;1.95483E-08;0.00017381
1255;0.46969697;2.79281E-11;1.80391E-08;0.00013345
1256;0.33636364;2.5368E-11;1.65487E-08;0.00010012
1257;0.23333333;2.30616E-11;1.52023E-08;0.00009603
1258;0.15454545;2.09669E-11;1.39733E-08;0.00005765
1259;0.11212121;1.91103E-11;1.28802E-08;0.00005766
1260;0.07878788;1.74226E-11;1.1879E-08;0.00005806
1261;0.08787879;1.59315E-11;1.09905E-08;0.00008891
1262;0.12121212;1.46164E-11;1.02036E-08;0.00014322
1263;0.16060606;1.34546E-11;9.5055E-09;0.00017308
1264;0.23030303;1.24395E-11;8.89417E-09;0.00021328
1265;0.466;1.16688E-11;8.44068E-09;0.0003515
1266;1.329;1.21398E-11;8.76512E-09;0.00127185
1267;1.329;1.27679E-11;9.33672E-09;0.00238271
1268;1.652;1.4113E-11;1.0458E-08;0.00339334
1269;2.084;1.60497E-11;1.20458E-08;0.00416129
1270;2.3;1.76767E-11;1.34832E-08;0.00310764
1271;1.903;1.8196E-11;1.41061E-08;0.00191023
1272;2.092;1.85831E-11;1.46128E-08;0.00138481
1273;1.431;1.75213E-11;1.39565E-08;0.00021442
1274;1.431;1.66723E-11;1.34334E-08;0.00014314
1275;2.28;1.64745E-11;1.34233E-08;0.00022808
1276;0.702;1.47357E-11;1.21305E-08;0.00026466
1277;0.705;1.37376E-11;1.14309E-08;0.0001418
1278;0.703;1.28228E-11;1.07845E-08;0.00018248
1279;0.705;1.19871E-11;1.01924E-08;0.00014797
1280;0.708;1.12264E-11;9.65144E-09;0.00018509
1281;0.717;1.05377E-11;9.16084E-09;0.0001876
1282;0.726;9.90287E-12;8.70585E-09;0.00014088
1283;0.737;9.32676E-12;8.29473E-09;0.00009314
1284;0.759;8.81384E-12;7.9305E-09;0.00009256
1285;0.807;8.36798E-12;7.62057E-09;0.00009135
1286;0.864;7.98194E-12;7.35725E-09;0.00009465
1287;0.963;7.65379E-12;7.13935E-09;0.00009805
1288;1.136;7.41811E-12;7.00326E-09;0.00009882
1289;1.333;7.25474E-12;6.93418E-09;0.00004913
1290;1.506;7.43183E-12;7.07349E-09;0.00030629
1291;1.686;7.66515E-12;7.41542E-09;0.0003975
1292;1.847;8.1186E-12;8.00034E-09;0.00079852
1293;2.03;9.06042E-12;9.0618E-09;0.00216763
1294;2.275;9.89232E-12;1.01159E-08;0.00127718
1295;2.469;1.06011E-11;1.10881E-08;0.00105583
1296;2.616;1.14277E-11;1.21898E-08;0.00158601
1297;2.771;1.15298E-11;1.25509E-08;0.00010673
1298;2.81;1.13372E-11;1.25348E-08;0
1299;2.791;1.10323E-11;1.23638E-08;0
1300;2.792;1.07042E-11;1.21488E-08;0.00005343
1301;2.801;1.03609E-11;1.18973E-08;0.00010637
1302;2.794;1.00174E-11;1.16344E-08;0.00016208
1303;2.799;9.67924E-12;1.13659E-08;0.00021657
1304;2.822;9.3568E-12;1.10966E-08;0.00033219
1305;2.862;9.05403E-12;1.08394E-08;0.00039363
1306;2.911;8.76888E-12;1.05948E-08;0.00040422
1307;2.979;8.50323E-12;1.03752E-08;0.00029325
1308;3.056;8.24934E-12;1.01661E-08;0.00023828
1309;3.148;8.0069E-12;9.96482E-09;0.00017786
1310;3.246;7.78113E-12;9.78169E-09;0.00018064
1311;3.336;7.559E-12;9.59774E-09;0.00018224
1312;3.417;7.31736E-12;9.38405E-09;0.0002403
1313;3.478;7.10704E-12;9.18694E-09;0.00043285
1314;3.529;7.48595E-12;9.21573E-09;0.00140233
1315;3.59;7.99031E-12;9.65315E-09;0.00263831
1316;3.716;8.56681E-12;1.02358E-08;0.00240755
1317;3.866;8.86148E-12;1.06204E-08;0.00119382
1318;3.974;9.10796E-12;1.09432E-08;0.00122746
1319;4.115;9.98042E-12;1.18431E-08;0.00328134
1320;4.344;1.04723E-11;1.24862E-08;0.00160549
1321;4.532;1.04859E-11;1.26089E-08;0.00058001
1322;4.66;1.0173E-11;1.23342E-08;0.00014312
1323;4.714;9.77628E-12;1.19363E-08;0.00014344
1324;4.777;9.36317E-12;1.15093E-08;0.0001428
1325;4.85;8.94453E-12;1.10662E-08;0.00014031
1326;4.88;8.5214E-12;1.06163E-08;0.00006938
1327;4.896;8.11028E-12;1.01755E-08;0.00006952
1328;4.904;7.71672E-12;9.75853E-09;0
1329;4.905;7.29646E-12;9.29933E-09;0
1330;4.912;6.93769E-12;8.90858E-09;0
1331;4.934;6.6047E-12;8.55029E-09;0
1332;4.946;6.2865E-12;8.20444E-09;0
1333;4.944;5.98173E-12;7.86937E-09;0
1334;4.957;5.69273E-12;7.54618E-09;0
1335;4.969;5.41921E-12;7.23648E-09;0
1336;4.997;5.16304E-12;6.94354E-09;0
1337;4.982;5.02044E-12;6.73026E-09;0.00012223
1338;4.987;5.42379E-12;7.16603E-09;0.00253328
1339;5.142;5.89711E-12;7.76716E-09;0.00224551
1340;5.374;7.13818E-12;9.0012E-09;0.00549232
1341;5.687;9.11974E-12;1.07689E-08;0.00766977
1342;6.035;1.27277E-11;1.3357E-08;0.0127576
1343;6.545;1.62384E-11;1.59286E-08;0.00962547
1344;6.758;1.76013E-11;1.70978E-08;0.00305873
1345;6.655;1.73381E-11;1.68237E-08;0.00075486
1346;6.459;1.63925E-11;1.58989E-08;0.00030379
1347;6.302;1.53867E-11;1.4951E-08;0.00022836
1348;6.266;1.44308E-11;1.40758E-08;0.00015617
1349;6.319;1.35382E-11;1.32786E-08;0.00007968
1350;6.335;1.26815E-11;1.25218E-08;0.00008298
1351;6.4;1.18924E-11;1.18344E-08;0.00008423
1352;6.55;1.11783E-11;1.1222E-08;0.00008496
1353;6.671;1.04987E-11;1.06428E-08;0.00008303
1354;6.681;9.82804E-12;1.00597E-08;0.00008798
1355;6.682;9.20996E-12;9.51523E-09;0.00025939
1356;6.615;8.62785E-12;9.00096E-09;0.00033543
1357;6.436;8.08394E-12;8.51569E-09;0.00025203
1358;6.32;7.57965E-12;8.05694E-09;0.0003456
1359;6.385;7.13375E-12;7.65298E-09;0.00024804
1360;6.357;6.70938E-12;7.26631E-09;0.00024523
1361;6.226;6.2966E-12;6.87581E-09;0.00033633
1362;6.23;6.77233E-12;7.04173E-09;0.0023104
1363;6.385;7.40917E-12;7.59834E-09;0.00365014
1364;6.692;8.63773E-12;8.62069E-09;0.00563574
1365;7.032;1.08757E-11;1.02888E-08;0.00908929
1366;7.39;1.50831E-11;1.28464E-08;0.01560544
1367;7.7;1.80373E-11;1.48556E-08;0.00825699
1368;7.765;1.99078E-11;1.61037E-08;0.00597231
1369;7.68;1.99305E-11;1.61134E-08;0.00212728
1370;7.33;1.87278E-11;1.52147E-08;0.00070059
1371;6.915;1.73749E-11;1.41943E-08;0.00060401
1372;6.678;1.61255E-11;1.32621E-08;0.00051885
1373;6.597;1.49998E-11;1.24365E-08;0.00043332
1374;6.563;1.39657E-11;1.16869E-08;0.00035663
1375;6.594;1.30271E-11;1.10129E-08;0.00035977
1376;6.673;1.21478E-11;1.03823E-08;0.00027582
1377;6.769;1.13654E-11;9.8262E-09;0.00037096
1378;6.881;1.06318E-11;9.29892E-09;0.00038615
1379;6.985;9.94984E-12;8.80585E-09;0.00039485
1380;7.045;9.3074E-12;8.33621E-09;0.00039567
1381;7.12;8.7108E-12;7.89867E-09;0.00029937
1382;7.195;8.16035E-12;7.49603E-09;0.000302
1383;7.31;7.65167E-12;7.12225E-09;0.00020582
1384;7.41;7.16619E-12;6.7539E-09;0.0002132
1385;7.525;6.71569E-12;6.4064E-09;0.00022078
1386;7.7;7.01999E-12;6.28167E-09;0.00081852
1387;8.015;7.19966E-12;6.50712E-09;0.00172194
1388;8.385;7.73196E-12;7.06524E-09;0.00287081
1389;8.81;8.69548E-12;7.9602E-09;0.00456362
1390;9.25;1.1019E-11;9.57136E-09;0.01013944
1391;9.795;1.46981E-11;1.18167E-08;0.01402038
1392;10.235;1.71776E-11;1.33676E-08;0.00842964
1393;10.36;1.77654E-11;1.36529E-08;0.00410227
1394;10.33;1.67346E-11;1.2946E-08;0.0015922
1395;10.245;1.54895E-11;1.20727E-08;0.00146054
1396;10.29;1.42906E-11;1.12374E-08;0.00147374
1397;10.395;1.31687E-11;1.04578E-08;0.00163008
1398;10.52;1.20893E-11;9.70658E-09;0.00129596
1399;10.58;1.10948E-11;9.02191E-09;0.00131561
1400;10.61;1.01607E-11;8.35492E-09;0.0014749
1401;10.625;9.36301E-12;7.75973E-09;0.00280952
1402;10.48;8.58469E-12;7.18137E-09;0.00226508
1403;10;7.81065E-12;6.58175E-09;0.00213127
1404;9.535;7.11692E-12;6.04762E-09;0.00154817
1405;9.065;6.50739E-12;5.56548E-09;0.00169451
1406;8.645;5.96745E-12;5.13931E-09;0.00129787
1407;8.37;5.4677E-12;4.7415E-09;0.00125925
1408;8.17;5.06031E-12;4.41663E-09;0.00111901
1409;7.915;5.55456E-12;4.09665E-09;0.00137671
1410;7.665;7.32288E-12;4.47043E-09;0.00630077
1411;7.67;1.05478E-11;5.87711E-09;0.01681524
1412;8.01;1.64317E-11;8.38095E-09;0.02403525
1413;8.5;2.38259E-11;1.15578E-08;0.02321436
1414;8.84;3.17607E-11;1.49367E-08;0.02227849
1415;9.015;3.77115E-11;1.76562E-08;0.01609485
1416;9.03;3.97645E-11;1.88628E-08;0.00829476
1417;8.835;3.83939E-11;1.85285E-08;0.00316431
1418;8.365;3.51009E-11;1.72493E-08;0.00092393
1419;7.91;3.1851E-11;1.59313E-08;0.00070635
1420;7.615;2.89676E-11;1.47562E-08;0.00059104
1421;7.33;2.63677E-11;1.36869E-08;0.0004904
1422;7.1;2.40698E-11;1.27367E-08;0.00048825
1423;6.978;2.20709E-11;1.19101E-08;0.00049585
1424;6.923;2.03038E-11;1.11781E-08;0.00049364
1425;7.065;1.87893E-11;1.05631E-08;0.00038791
1426;7.15;1.73794E-11;9.9815E-09;0.00038183
1427;7.225;1.60934E-11;9.44254E-09;0.00050054
1428;7.33;1.49225E-11;8.94606E-09;0.00051141
1429;7.42;1.38173E-11;8.46161E-09;0.00041535
1430;7.525;1.28043E-11;8.01028E-09;0.00043249
1431;7.705;1.18895E-11;7.59957E-09;0.00043064
1432;7.855;1.10324E-11;7.20612E-09;0.00043152
1433;7.975;1.02245E-11;6.8266E-09;0.00032637
1434;8.09;1.0307E-11;6.57904E-09;0.00085938
1435;8.235;1.05914E-11;6.8942E-09;0.00329851
1436;8.475;1.13335E-11;7.53992E-09;0.00456797
1437;8.81;1.36182E-11;9.04072E-09;0.01048044
1438;9.315;1.7164E-11;1.12315E-08;0.01378261
1439;9.705;1.82886E-11;1.22772E-08;0.00455309
1440;9.76;1.83056E-11;1.25434E-08;0.00320543
1441;9.715;1.70178E-11;1.1942E-08;0.00085159
1442;9.605;1.56185E-11;1.1205E-08;0.00071804
1443;9.495;1.427E-11;1.04634E-08;0.00058855
1444;9.41;1.30437E-11;9.60989E-09;0.00058242
1445;9.33;1.21325E-11;8.98914E-09;0.00058034
1446;9.26;1.1291E-11;8.42029E-09;0.00057794
1447;9.195;1.05163E-11;7.89697E-09;0.00069942
1448;9.11;9.79629E-12;7.40927E-09;0.00070087
1449;9.06;9.1379E-12;6.96268E-09;0.00058155
1450;9.045;8.53468E-12;6.55245E-09;0.0005714
1451;9.035;7.97564E-12;6.16984E-09;0.00056893
1452;9.005;7.45094E-12;5.8085E-09;0.00044463
1453;8.98;6.96307E-12;5.47057E-09;0.00032778
1454;8.935;6.50444E-12;5.15086E-09;0.00021068
1455;8.865;6.075E-12;4.8483E-09;0.00020971
1456;8.77;5.70181E-12;4.58665E-09;0.0001045
1457;8.695;5.32815E-12;4.31784E-09;0.00010466
1458;8.65;5.27448E-12;4.14081E-09;0.00090164
1459;8.675;5.28603E-12;4.16113E-09;0.00209459
1460;8.795;5.60484E-12;4.48209E-09;0.00402769
1461;8.985;6.25457E-12;5.13879E-09;0.00517032
1462;9.115;6.96245E-12;5.89571E-09;0.00385825
1463;9.205;7.74144E-12;6.72095E-09;0.0043667
1464;9.265;8.25819E-12;7.30651E-09;0.00214261
1465;9.24;8.414E-12;7.50777E-09;0.00108719
1466;9.085;8.22937E-12;7.34987E-09;0.00045315
1467;8.91;7.90404E-12;7.03835E-09;0.00057467
1468;8.865;7.54301E-12;6.69E-09;0.00069522
1469;8.81;7.15781E-12;6.32181E-09;0.00082283
1470;8.825;6.77791E-12;5.96643E-09;0.00059247
1471;8.875;6.40825E-12;5.62612E-09;0.00060477
1472;8.865;6.03802E-12;5.29198E-09;0.00059458
1473;8.88;5.68003E-12;4.97778E-09;0.00033549
1474;8.635;5.3061E-12;4.6538E-09;0.00019564
1475;8.335;4.95342E-12;4.34936E-09;0.00019475
1476;8.155;4.63903E-12;4.08037E-09;0.00009549
1477;7.805;4.33074E-12;3.81635E-09;0.00009504
1478;7.46;4.04749E-12;3.57438E-09;0.00009169
1479;7.175;3.76157E-12;3.32828E-09;0
1480;7.064;3.54105E-12;3.14331E-09;0
1481;6.649;3.44277E-12;2.96952E-09;0.00022434
1482;6.294;3.50317E-12;3.01171E-09;0.00295102
1483;6.22;3.98459E-12;3.42323E-09;0.00683639
1484;6.372;6.1239E-12;4.89144E-09;0.0241618
1485;7.088;1.12645E-11;7.8755E-09;0.03280069
1486;10.932;2.12588E-11;1.28198E-08;0.03616238
1487;9.765;3.01453E-11;1.64291E-08;0.02778101
1488;7.643;3.4476E-11;1.80382E-08;0.0109502
1489;6.901;3.50123E-11;1.79227E-08;0.00055075
1490;6.37;3.38002E-11;1.70427E-08;0.0001689
1491;6.052;3.19786E-11;1.59615E-08;0.00008299
1492;6.158;3.02261E-11;1.49896E-08;0.00008371
1493;6.158;2.83865E-11;1.40555E-08;0
1494;6.794;2.70531E-11;1.34289E-08;0
1495;6.264;2.49949E-11;1.24616E-08;0.00008481
1496;5.84;2.31479E-11;1.16005E-08;0.00008282
1497;5.415;2.14653E-11;1.08261E-08;0.00016173
1498;4.991;1.99403E-11;1.0131E-08;0.00017539
1499;4.354;1.8447E-11;9.44583E-09;0.00016862
1500;4.46;1.74127E-11;8.98922E-09;0.00008502
1501;4.142;1.6266E-11;8.46664E-09;0.00008341
1502;3.717;1.5182E-11;7.97326E-09;0.00008123
1503;3.399;1.42244E-11;7.53906E-09;0
1504;2.975;1.33049E-11;7.11706E-09;0
1505;3.081;1.27339E-11;6.86637E-09;0.00013733
1506;3.081;1.24757E-11;6.86183E-09;0.00143522
1507;3.505;1.29968E-11;7.3806E-09;0.004359
1508;4.036;1.49491E-11;8.79161E-09;0.01328836
1509;5.84;1.99226E-11;1.18805E-08;0.02460579
1510;6.264;2.67007E-11;1.55892E-08;0.0284928
1511;5.415;3.22517E-11;1.84696E-08;0.0181685
1512;6.223;3.63527E-11;2.08109E-08;0.00580458
1513;5.957;3.65422E-11;2.08972E-08;0.00083989
1514;5.733;3.51654E-11;2.00242E-08;0.00025524
1515;5.59;3.33502E-11;1.89475E-08;0.00017171
1516;5.511;3.14474E-11;1.78679E-08;0.00008724
1517;5.48;2.95731E-11;1.68464E-08;0.00008744
1518;5.455;2.77775E-11;1.58935E-08;0.00009068
1519;5.45;2.60924E-11;1.50193E-08;0.00009275
1520;5.466;2.4513E-11;1.42139E-08;0.00009109
1521;5.445;2.30178E-11;1.34589E-08;0.00018137
1522;5.385;2.161E-11;1.27488E-08;0.00039212
1523;5.346;2.03193E-11;1.21013E-08;0.00039296
1524;5.347;1.91444E-11;1.1514E-08;0.00041051
1525;5.401;1.80751E-11;1.09816E-08;0.0005286
1526;5.489;1.70928E-11;1.0494E-08;0.00054074
1527;5.6;1.61664E-11;1.00232E-08;0.00066827
1528;5.712;1.52608E-11;9.56065E-09;0.00068804
1529;5.84;1.4456E-11;9.16998E-09;0.00083179
1530;6.001;1.39948E-11;8.82813E-09;0.00088938
1531;6.203;1.3628E-11;8.6808E-09;0.00161293
1532;6.433;1.33726E-11;8.64097E-09;0.00160608
1533;6.626;1.30795E-11;8.58666E-09;0.00125641
1534;6.773;1.29112E-11;8.64237E-09;0.00179994
1535;6.931;1.29093E-11;8.83184E-09;0.00250286
1536;7.14;1.2812E-11;8.97033E-09;0.00147721
1537;7.305;1.24948E-11;8.91641E-09;0.00082769
1538;7.425;1.19589E-11;8.66043E-09;0.00069
1539;7.5;1.12914E-11;8.2702E-09;0.00069611
1540;7.57;1.06784E-11;7.90091E-09;0.0011088
1541;7.535;1.00615E-11;7.50871E-09;0.00141593
1542;7.59;9.26403E-12;6.96504E-09;0.0016468
1543;7.52;8.52146E-12;6.44051E-09;0.00204819
1544;7.365;7.85603E-12;5.96982E-09;0.00177802
1545;7.43;7.27335E-12;5.55106E-09;0.00123311
1546;7.53;6.76095E-12;5.17086E-09;0.002228
1547;7.465;6.28555E-12;4.80328E-09;0.00300552
1548;7.16;5.82036E-12;4.4455E-09;0.00208895
1549;7.015;5.43536E-12;4.13882E-09;0.00246656
1550;7.035;5.1056E-12;3.87324E-09;0.0023728
1551;6.996;4.78805E-12;3.62321E-09;0.00151129
1552;6.928;4.49541E-12;3.39102E-09;0.00169585
1553;6.727;4.21586E-12;3.16812E-09;0.00164117
1554;6.381;5.37291E-12;3.24497E-09;0.0099352
1555;6.25;7.39165E-12;4.01297E-09;0.02100063
1556;6.452;1.09595E-11;5.53319E-09;0.02190963
1557;6.756;1.76901E-11;8.05902E-09;0.03726415
1558;7.075;2.64358E-11;1.11276E-08;0.03267985
1559;7.195;3.44717E-11;1.38791E-08;0.02285273
1560;7.135;4.04841E-11;1.5895E-08;0.01738039
1561;7.038;4.15869E-11;1.60128E-08;0.00442751
1562;6.736;3.98564E-11;1.51637E-08;0.00263113
1563;6.371;3.72158E-11;1.40705E-08;0.00205466
1564;6.143;3.45925E-11;1.30625E-08;0.0012072
1565;5.922;3.19541E-11;1.20675E-08;0.00135696
1566;5.792;2.95423E-11;1.11768E-08;0.00148372
1567;5.711;2.73429E-11;1.03764E-08;0.0014873
1568;5.686;2.5345E-11;9.66139E-09;0.00110014
1569;5.675;2.35201E-11;9.01543E-09;0.0008522
1570;5.621;2.18302E-11;8.41944E-09;0.00071525
1571;5.535;2.0283E-11;7.87375E-09;0.0007072
1572;5.433;1.88747E-11;7.37661E-09;0.00060352
1573;5.351;1.75805E-11;6.91267E-09;0.00050423
1574;5.298;1.64281E-11;6.50119E-09;0.0004985
1575;5.246;1.5399E-11;6.13526E-09;0.00050325
1576;5.174;1.44533E-11;5.79639E-09;0.00059282
1577;5.087;1.35857E-11;5.48258E-09;0.00059492
1578;4.998;1.33928E-11;5.22056E-09;0.00118535
1579;4.948;1.32879E-11;5.17905E-09;0.00186891
1580;4.967;1.38551E-11;5.4668E-09;0.00393555
1581;5.114;1.50558E-11;6.07444E-09;0.00540265
1582;5.328;1.68384E-11;6.96924E-09;0.00740117
1583;5.435;1.86981E-11;7.93339E-09;0.00699458
1584;5.442;2.04351E-11;8.83889E-09;0.00711054
1585;5.256;2.13926E-11;9.36739E-09;0.00481432
1586;4.898;2.09774E-11;9.24173E-09;0.00177609
1587;4.395;2.00305E-11;8.83503E-09;0.00161138
1588;3.926;1.89417E-11;8.35444E-09;0.00133645
1589;3.537;1.78649E-11;7.87655E-09;0.0010557
1590;3.16;1.68228E-11;7.41455E-09;0.00096267
1591;2.847;1.5851E-11;6.98887E-09;0.00075581
1592;2.605;1.49569E-11;6.59779E-09;0.00067795
1593;2.494;1.41446E-11;6.24086E-09;0.00059847
1594;2.457;1.34147E-11;5.92652E-09;0.00047632
1595;2.403;1.2712E-11;5.62174E-09;0.00041463
1596;2.354;1.20556E-11;5.33795E-09;0.00034383
1597;2.303;1.14364E-11;5.07232E-09;0.00025914
1598;2.241;1.08546E-11;4.82403E-09;0.00018811
1599;2.179;1.03177E-11;4.59347E-09;0.00019915
1600;2.143;9.82189E-12;4.38148E-09;0.00019013
1601;2.07;9.63502E-12;4.19069E-09;0.00036402
1602;1.988;1.0259E-11;4.45023E-09;0.00613142
1603;1.932;1.31682E-11;5.57561E-09;0.02207605
1604;1.921;1.91021E-11;7.77297E-09;0.03154142
1605;2.044;2.9108E-11;1.11251E-08;0.04086654
1606;2.516;3.99468E-11;1.46073E-08;0.03094606
1607;2.926;4.85313E-11;1.73885E-08;0.0195976
1608;3.189;5.45232E-11;1.93789E-08;0.01505991
1609;3.181;5.48685E-11;1.94643E-08;0.00339059
1610;2.891;5.20362E-11;1.84071E-08;0.00156137
1611;2.601;4.84261E-11;1.70999E-08;0.00123362
1612;2.25;4.4659E-11;1.57622E-08;0.00093307
1613;2.098;4.12614E-11;1.45699E-08;0.00138585
1614;2.023;3.81555E-11;1.34893E-08;0.00155641
1615;1.946;3.52629E-11;1.24946E-08;0.00107762
1616;1.849;3.2589E-11;1.15814E-08;0.00078166
1617;1.787;3.01804E-11;1.07617E-08;0.00078373
1618;1.742;2.80037E-11;1.00217E-08;0.00079911
1619;1.725;2.60497E-11;9.35685E-09;0.00081828
1620;1.72;2.42776E-11;8.75509E-09;0.000718
1621;1.682;2.2647E-11;8.20025E-09;0.00071489
1622;1.654;2.11737E-11;7.6972E-09;0.0007321
1623;1.656;1.98568E-11;7.24481E-09;0.00099952
1624;1.658;1.86658E-11;6.83218E-09;0.00121007
1625;1.68;1.75985E-11;6.45912E-09;0.00149466
1626;1.7;1.7718E-11;6.32579E-09;0.00411031
1627;1.765;1.92687E-11;6.85432E-09;0.01037753
1628;1.95;2.33784E-11;8.26265E-09;0.01997431
1629;2.398;2.94786E-11;1.03694E-08;0.02082102
1630;2.99;3.57603E-11;1.25554E-08;0.01644716
1631;3.397;4.13269E-11;1.45022E-08;0.01412749
1632;3.691;4.47542E-11;1.57336E-08;0.00847196
1633;3.782;4.51637E-11;1.5895E-08;0.00365003
1634;3.664;4.32059E-11;1.52007E-08;0.00149597
1635;3.476;4.05781E-11;1.42799E-08;0.00120687
1636;3.177;3.77146E-11;1.32822E-08;0.00099686
1637;2.729;3.48015E-11;1.22676E-08;0.00117381
1638;2.489;3.22432E-11;1.1382E-08;0.00106457
1639;2.438;3.00297E-11;1.0621E-08;0.00097218
1640;2.412;2.80131E-11;9.93183E-09;0.00086826
1641;2.359;2.61523E-11;9.2966E-09;0.00087102
1642;2.303;2.44446E-11;8.71635E-09;0.00079146
1643;2.046;2.27331E-11;8.13277E-09;0.00068514
1644;1.827;2.1175E-11;7.60221E-09;0.00044542
1645;1.733;1.98251E-11;7.14082E-09;0.00076579
1646;1.66;1.85977E-11;6.72158E-09;0.00067201
1647;1.597;1.74663E-11;6.33644E-09;0.00042756
1648;1.531;1.64242E-11;5.9822E-09;0.00027965
1649;1.466;1.5466E-11;5.65689E-09;0.00020293
1650;1.393;1.6279E-11;5.86606E-09;0.00603001
1651;1.347;2.00269E-11;7.1572E-09;0.02073252
1652;1.33;2.77957E-11;9.66049E-09;0.03515382
1653;1.34;3.80219E-11;1.27783E-08;0.03502207
1654;1.498;4.72059E-11;1.55609E-08;0.0232839
1655;1.757;5.57906E-11;1.81553E-08;0.02247841
1656;2.085;6.11254E-11;1.9876E-08;0.01192398
1657;2.131;6.10688E-11;1.99036E-08;0.00373005
1658;1.902;5.72907E-11;1.86737E-08;0.00129646
1659;1.637;5.26968E-11;1.7185E-08;0.00092125
1660;1.512;4.82436E-11;1.57535E-08;0.00074559
1661;1.454;4.40948E-11;1.44313E-08;0.00056963
1662;1.407;4.02858E-11;1.32231E-08;0.00064842
1663;1.377;3.68507E-11;1.2135E-08;0.00074709
1664;1.362;3.37735E-11;1.11593E-08;0.00094155
1665;1.364;3.10248E-11;1.02878E-08;0.00063062
1666;1.379;2.85641E-11;9.50853E-09;0.00039587
1667;1.408;2.63694E-11;8.81386E-09;0.00029991
1668;1.474;2.44375E-11;8.20291E-09;0.0002034
1669;1.584;2.27494E-11;7.66991E-09;0.00020404
1670;1.697;2.12653E-11;7.20169E-09;0.00010525
1671;1.84;1.99929E-11;6.80172E-09;0.00010558
1672;1.896;1.88179E-11;6.43314E-09;0.00009803
1673;1.677;1.75548E-11;6.02851E-09;0
1674;1.459;1.82767E-11;6.28479E-09;0.00353417
1675;1.43;2.25518E-11;7.78855E-09;0.01805458
1676;1.862;3.06334E-11;1.05522E-08;0.02627565
1677;2.571;4.22235E-11;1.42831E-08;0.03428412
1678;3.346;5.7266E-11;1.87204E-08;0.042181
1679;4.05;7.05423E-11;2.26038E-08;0.02868052
1680;4.233;7.8342E-11;2.49401E-08;0.01722571
1681;4.016;7.83029E-11;2.49625E-08;0.00551518
1682;3.58;7.25326E-11;2.31312E-08;0.00131069
1683;3.065;6.55109E-11;2.08963E-08;0.00095083
1684;2.845;5.91954E-11;1.89002E-08;0.0011034
1685;2.865;5.37459E-11;1.7193E-08;0.00112264
1686;2.97;4.89812E-11;1.57092E-08;0.00126911
1687;3.085;4.47864E-11;1.44118E-08;0.00100511
1688;3.187;4.11026E-11;1.32784E-08;0.00075158
1689;3.29;3.7926E-11;1.23058E-08;0.00062447
1690;3.422;3.51926E-11;1.14715E-08;0.00042121
1691;3.603;3.28956E-11;1.07752E-08;0.00028591
1692;3.808;3.09658E-11;1.0195E-08;0.0002871
1693;3.949;2.91476E-11;9.63986E-09;0.00028831
1694;4.072;2.76418E-11;9.18569E-09;0.00029564
1695;4.213;2.64582E-11;8.83759E-09;0.00015264
1696;4.358;2.54523E-11;8.54524E-09;0.00015331
1697;4.479;2.45824E-11;8.29474E-09;0.0001542
1698;4.617;2.48069E-11;8.33657E-09;0.00092792
1699;4.808;2.68688E-11;9.13553E-09;0.00309251
1700;5.093;3.11443E-11;1.078E-08;0.00663018
1701;5.429;3.67724E-11;1.30022E-08;0.00806191
1702;5.865;4.38066E-11;1.5787E-08;0.01173458
1703;6.272;4.92951E-11;1.80671E-08;0.0076407
1704;6.506;5.2958E-11;1.96208E-08;0.00750695
1705;6.654;5.27142E-11;1.96342E-08;0.00250764
1706;6.688;5.00849E-11;1.8692E-08;0.00076849
1707;6.685;4.7063E-11;1.75736E-08;0.00137936
1708;6.684;4.41465E-11;1.64761E-08;0.00201745
1709;6.668;4.14613E-11;1.54594E-08;0.00221579
1710;6.646;3.90736E-11;1.45477E-08;0.00227199
1711;6.643;3.69682E-11;1.37468E-08;0.00200801
1712;6.722;3.5222E-11;1.30803E-08;0.00185321
1713;6.8;3.36997E-11;1.25012E-08;0.00163392
1714;6.862;3.23785E-11;1.19919E-08;0.00191062
1715;6.91;3.08185E-11;1.13785E-08;0.0014731
1716;6.963;2.96681E-11;1.09379E-08;0.00083484
1717;7.035;2.86839E-11;1.05663E-08;0.00062099
1718;7.065;2.77631E-11;1.02148E-08;0.00042765
1719;7.1;2.69395E-11;9.8978E-09;0.00063636
1720;7.135;2.61813E-11;9.60915E-09;0.00040957
1721;7.09;2.54199E-11;9.32198E-09;0.00057291
1722;6.946;2.51152E-11;8.95981E-09;0.00065852
1723;6.832;2.54324E-11;8.99019E-09;0.00136521
1724;6.83;2.6978E-11;9.55999E-09;0.00277619
1725;6.871;2.92188E-11;1.04409E-08;0.00381698
1726;6.896;3.16771E-11;1.14322E-08;0.00444453
1727;6.895;3.38662E-11;1.23389E-08;0.00407597
1728;7.007;3.48679E-11;1.27468E-08;0.00277544
1729;7.2;3.47523E-11;1.26854E-08;0.00165739
1730;7.335;3.38172E-11;1.2297E-08;0.00117318
1731;7.475;3.27162E-11;1.18145E-08;0.00262842
1732;7.565;3.15182E-11;1.12996E-08;0.00230668
1733;7.54;3.02745E-11;1.0767E-08;0.00231796
1734;7.51;2.91227E-11;1.02655E-08;0.0023765
1735;7.545;2.81087E-11;9.816E-09;0.00217809
1736;7.615;2.72218E-11;9.40916E-09;0.00226267
1737;7.745;2.64791E-11;9.0483E-09;0.00259574
1738;7.925;2.58185E-11;8.72723E-09;0.00181117
1739;8.07;2.52714E-11;8.453E-09;0.00181793
1740;8.175;2.46046E-11;8.15207E-09;0.00098977
1741;8.26;2.39418E-11;7.86531E-09;0.000487
1742;8.215;2.3193E-11;7.56489E-09;0.00044249
1743;8.055;2.2386E-11;7.25125E-09;0.00042981
1744;7.85;2.15679E-11;6.91549E-09;0.00025395
1745;7.785;2.08974E-11;6.61964E-09;0.00104073
1746;7.99;2.04542E-11;6.38459E-09;0.00279789
1747;8.025;2.15417E-11;6.20344E-09;0.00782542
1748;7.975;2.5865E-11;6.98256E-09;0.02456705
1749;8.155;3.35116E-11;8.44796E-09;0.03347051
1750;8.38;4.28034E-11;1.02798E-08;0.03002415
1751;8.435;5.09583E-11;1.18279E-08;0.02362898
1752;8.395;5.63511E-11;1.27184E-08;0.01858689
1753;8.295;5.68794E-11;1.25233E-08;0.00837659
1754;8.215;5.48716E-11;1.18884E-08;0.00608606
1755;8.235;5.22593E-11;1.1194E-08;0.00488032
1756;8.3;4.94346E-11;1.04924E-08;0.00426559
1757;8.35;4.6568E-11;9.81349E-09;0.00307851
1758;8.42;4.38224E-11;9.1818E-09;0.00269968
1759;8.4;4.11957E-11;8.57848E-09;0.00306092
1760;8.395;3.87562E-11;8.02576E-09;0.00220751
1761;8.45;3.6431E-11;7.49682E-09;0.00262604
1762;8.36;3.4331E-11;7.01531E-09;0.00383856
1763;8.155;3.22489E-11;6.53205E-09;0.00340889
1764;8.065;3.04911E-11;6.12701E-09;0.00287524
1765;8.045;2.88438E-11;5.73894E-09;0.00294177
1766;8.085;2.73575E-11;5.387E-09;0.00293864
1767;8.135;2.59292E-11;5.06319E-09;0.0019163
1768;8.075;2.45008E-11;4.74306E-09;0.00209133
1769;7.82;2.30517E-11;4.42558E-09;0.00158818
1770;7.58;2.22873E-11;4.11954E-09;0.00167911
1771;7.425;2.25521E-11;3.93502E-09;0.00376716
1772;7.32;2.36353E-11;4.06952E-09;0.00666339
1773;7.315;2.65845E-11;4.58463E-09;0.01264669
1774;7.36;2.91512E-11;5.08377E-09;0.00800369
1775;7.265;3.18579E-11;5.63906E-09;0.00942174
1776;7.185;3.36979E-11;6.01895E-09;0.00828046
1777;7.029;3.36462E-11;6.00767E-09;0.00436995
1778;6.779;3.22017E-11;5.72447E-09;0.00277209
1779;6.439;3.05506E-11;5.41013E-09;0.0024608
1780;5.987;2.87226E-11;5.06852E-09;0.00138016
1781;5.571;2.69494E-11;4.73957E-09;0.00114489
1782;5.266;2.5343E-11;4.44033E-09;0.00117133
1783;5.235;2.39821E-11;4.18436E-09;0.0012066
1784;5.374;2.27726E-11;3.95469E-09;0.00142018
1785;5.471;2.15857E-11;3.73107E-09;0.00120291
1786;5.504;2.04206E-11;3.5132E-09;0.00116036
1787;5.495;1.92946E-11;3.30443E-09;0.0009423
1788;5.437;1.82081E-11;3.10504E-09;0.00055476
1789;5.35;1.71805E-11;2.91717E-09;0.00054808
1790;5.262;1.62153E-11;2.7416E-09;0.00018409
1791;5.208;1.53223E-11;2.58027E-09;0.00017682
1792;5.144;1.45519E-11;2.44419E-09;0
1793;5.023;1.37361E-11;2.29781E-09;0
1794;4.908;1.42313E-11;2.34953E-09;0.00187256
1795;4.945;1.69311E-11;2.87288E-09;0.01214418
1796;5.162;2.21239E-11;3.87915E-09;0.02157186
1797;5.599;2.9195E-11;5.28676E-09;0.02422442
1798;6.054;4.09991E-11;7.40418E-09;0.04771138
1799;6.546;5.47345E-11;9.84888E-09;0.04429871
1800;6.815;6.4316E-11;1.17321E-08;0.02226484
1801;6.747;6.62706E-11;1.21819E-08;0.0077539
1802;6.533;6.33559E-11;1.16541E-08;0.00328369
1803;6.287;5.92155E-11;1.08939E-08;0.00265816
1804;6.091;5.49724E-11;1.01075E-08;0.00290615
1805;5.953;5.09786E-11;9.35962E-09;0.0034663
1806;5.841;4.73239E-11;8.6639E-09;0.00458563
1807;5.74;4.39828E-11;8.02291E-09;0.00521972
1808;5.663;4.09573E-11;7.44138E-09;0.00494785
1809;5.562;3.81799E-11;6.90751E-09;0.00485916
1810;5.395;3.55947E-11;6.41262E-09;0.00451627
1811;5.241;3.32793E-11;5.96619E-09;0.00479481
1812;5.163;3.1229E-11;5.56662E-09;0.00504351
1813;5.177;2.94799E-11;5.2152E-09;0.00617232
1814;5.242;2.78682E-11;4.88519E-09;0.0062652
1815;5.429;2.64796E-11;4.59663E-09;0.00653969
1816;5.641;2.51829E-11;4.32405E-09;0.00665528
1817;5.804;2.39691E-11;4.06398E-09;0.00748875
1818;5.967;2.48404E-11;3.80393E-09;0.01256356
1819;6.176;2.7519E-11;3.95416E-09;0.02077693
1820;6.408;3.19748E-11;4.48363E-09;0.02518027
1821;6.671;3.7099E-11;5.18398E-09;0.02284549
1822;6.884;4.3388E-11;6.10437E-09;0.02640286
1823;7.05;4.96801E-11;7.0717E-09;0.02570063
1824;7.13;5.36848E-11;7.70531E-09;0.01900079
1825;7.09;5.33616E-11;7.64103E-09;0.00873065
1826;7.025;5.09679E-11;7.28443E-09;0.00658498
1827;6.957;4.80003E-11;6.84514E-09;0.0056278
1828;6.896;4.494E-11;6.38968E-09;0.0057141
1829;6.829;4.17653E-11;5.9111E-09;0.00531071
1830;6.805;3.8947E-11;5.49742E-09;0.00409253
1831;6.777;3.62872E-11;5.10916E-09;0.00325994
1832;6.833;3.3857E-11;4.75666E-09;0.00217854
1833;6.949;3.16214E-11;4.43366E-09;0.00162712
1834;7.075;2.95338E-11;4.13145E-09;0.00166005
1835;7.15;2.75482E-11;3.84377E-09;0.00137752
1836;7.19;2.56838E-11;3.5725E-09;0.00138088
1837;7.22;2.39492E-11;3.31893E-09;0.00162778
1838;7.235;2.23352E-11;3.0818E-09;0.00165371
1839;7.23;2.0825E-11;2.85902E-09;0.00164639
1840;7.195;1.94053E-11;2.6494E-09;0.00161704
1841;7.17;1.80882E-11;2.45452E-09;0.00159883
1842;7.13;1.778E-11;2.25603E-09;0.00353007
1843;7.145;1.95099E-11;2.48689E-09;0.01053942
1844;7.24;2.41051E-11;3.13761E-09;0.02380799
1845;7.495;3.08998E-11;4.1597E-09;0.0286581
1846;7.705;3.78068E-11;5.28134E-09;0.02434959
1847;7.835;4.77541E-11;6.8753E-09;0.0405668
1848;8.02;5.59995E-11;8.27909E-09;0.03032577
1849;8.01;6.11118E-11;9.16064E-09;0.02485363
1850;7.765;5.90509E-11;8.88594E-09;0.00827438
1851;7.51;5.54048E-11;8.33256E-09;0.00807399
1852;7.35;5.15585E-11;7.73161E-09;0.00876671
1853;7.27;4.78193E-11;7.14332E-09;0.00860945
1854;7.125;4.42112E-11;6.57096E-09;0.008931
1855;6.923;4.0847E-11;6.03413E-09;0.00925271
1856;6.86;3.78828E-11;5.56139E-09;0.00872422
1857;6.859;3.51975E-11;5.13403E-09;0.00788656
1858;6.797;3.26494E-11;4.73471E-09;0.00654408
1859;6.639;3.02708E-11;4.36153E-09;0.00663968
1860;6.538;2.81328E-11;4.02786E-09;0.00617495
1861;6.485;2.62006E-11;3.72708E-09;0.00602667
1862;6.297;2.4338E-11;3.44187E-09;0.00502897
1863;5.943;2.2564E-11;3.1725E-09;0.00469149
1864;5.646;2.09919E-11;2.93468E-09;0.00436387
1865;5.421;1.9593E-11;2.72409E-09;0.00364197
1866;5.104;2.21534E-11;2.67012E-09;0.01589504
1867;5.152;2.88795E-11;3.46713E-09;0.03894803
1868;5.721;4.18337E-11;5.09698E-09;0.06464449
1869;6.477;5.509E-11;6.9853E-09;0.04319271
1870;7.003;6.67375E-11;8.83592E-09;0.03602862
1871;7.365;8.21708E-11;1.13089E-08;0.05777487
1872;7.605;9.5379E-11;1.36681E-08;0.04650737
1873;7.495;9.62971E-11;1.42264E-08;0.0122742
1874;7.057;8.91836E-11;1.33586E-08;0.00280057
1875;6.549;8.13293E-11;1.23097E-08;0.0028072
1876;6.15;7.40658E-11;1.12989E-08;0.00440483
1877;5.959;6.76171E-11;1.03874E-08;0.00347246
1878;5.768;6.17663E-11;9.55144E-09;0.00275257
1879;5.645;5.67947E-11;8.85283E-09;0.00244205
1880;5.564;5.21676E-11;8.18772E-09;0.00166831
1881;5.515;4.80349E-11;7.58635E-09;0.00192375
1882;5.539;4.43983E-11;7.05317E-09;0.00186869
1883;5.577;4.11449E-11;6.57044E-09;0.00244112
1884;5.679;3.83185E-11;6.14442E-09;0.0034203
1885;5.825;3.57028E-11;5.74197E-09;0.00335873
1886;5.924;3.33526E-11;5.38149E-09;0.00334339
1887;6.017;3.11568E-11;5.03823E-09;0.00335086
1888;6.051;2.90849E-11;4.70959E-09;0.00333549
1889;6.067;2.71466E-11;4.40322E-09;0.00216879
1890;6.127;2.61598E-11;4.1093E-09;0.00415336
1891;6.224;2.7048E-11;4.1782E-09;0.0086803
1892;6.391;2.95456E-11;4.64649E-09;0.01264866
1893;6.621;3.46984E-11;5.62666E-09;0.02233836
1894;6.949;4.33291E-11;7.28246E-09;0.03504479
1895;7.33;5.43903E-11;9.40785E-09;0.04388845
1896;7.44;6.35466E-11;1.1328E-08;0.03351376
1897;7.34;6.45059E-11;1.17414E-08;0.00908553
1898;7.085;6.07524E-11;1.11658E-08;0.00300535
1899;6.95;5.61093E-11;1.04064E-08;0.00095422
1900;6.508;5.12867E-11;9.58739E-09;0.00146549
1901;6.125;4.6897E-11;8.83094E-09;0.00142862
1902;5.72;4.2909E-11;8.12648E-09;0.00219365
1903;5.403;3.94455E-11;7.50428E-09;0.00299306
1904;5.246;3.64743E-11;6.96644E-09;0.0030203
1905;5.076;3.37758E-11;6.4741E-09;0.0029846
1906;4.863;3.13391E-11;6.03223E-09;0.00286586
1907;4.598;2.90469E-11;5.61191E-09;0.00230986
1908;4.363;2.70169E-11;5.23551E-09;0.0023974
1909;4.282;2.52796E-11;4.91077E-09;0.00246624
1910;4.317;2.3752E-11;4.62414E-09;0.00204708
1911;4.506;2.24165E-11;4.37305E-09;0.0015818
1912;4.825;2.11192E-11;4.11964E-09;0.00163007
1913;5.128;2.00228E-11;3.90885E-09;0.00143818
1914;5.509;2.05554E-11;3.85214E-09;0.00374414
1915;5.955;2.20108E-11;4.17141E-09;0.00748729
1916;6.485;2.51352E-11;4.77684E-09;0.01921072
1917;7.029;3.54372E-11;6.46464E-09;0.06996698
1918;7.375;4.46182E-11;8.07324E-09;0.04417736
1919;7.32;5.41511E-11;9.78352E-09;0.04622591
1920;7.12;6.36036E-11;1.15513E-08;0.04579413
1921;6.895;6.95299E-11;1.27538E-08;0.03236905
1922;6.568;6.61545E-11;1.22204E-08;0.00581009
1923;6.175;6.14584E-11;1.14148E-08;0.00582246
1924;5.997;5.68966E-11;1.06153E-08;0.00621049
1925;5.984;5.25709E-11;9.86072E-09;0.00374949
1926;6.056;4.8602E-11;9.17288E-09;0.00262155
1927;6.137;4.49811E-11;8.54323E-09;0.00296037
1928;6.234;4.16727E-11;7.96394E-09;0.00272648
1929;6.355;3.86468E-11;7.42925E-09;0.00217013
1930;6.525;3.58935E-11;6.93783E-09;0.00129218
1931;6.797;3.34433E-11;6.49353E-09;0.00135795
1932;7.145;3.12794E-11;6.09806E-09;0.00108923
1933;7.535;2.93015E-11;5.72204E-09;0.00158564
1934;8;2.75312E-11;5.3773E-09;0.00243233
1935;8.455;2.58537E-11;5.049E-09;0.00200724
1936;8.71;2.38843E-11;4.6909E-09;0.00241327
1937;8.885;2.21392E-11;4.36725E-09;0.00244823
1938;9.035;2.21833E-11;4.23748E-09;0.01203394
1939;9.27;2.45978E-11;4.71389E-09;0.02237543
1940;9.58;2.82938E-11;5.51006E-09;0.02117639
1941;9.86;3.43886E-11;6.87297E-09;0.03343189
1942;10.205;4.38447E-11;9.00939E-09;0.04725634
1943;10.515;5.19086E-11;1.09164E-08;0.02864499
1944;10.595;5.58188E-11;1.19315E-08;0.01505185
1945;10.58;5.53356E-11;1.19241E-08;0.00592178
1946;10.48;5.2256E-11;1.13067E-08;0.00301165
1947;10.38;4.82851E-11;1.04766E-08;0.00298361
1948;10.27;4.42039E-11;9.60791E-09;0.0034433
1949;10.27;4.04151E-11;8.79323E-09;0.00388646
1950;10.29;3.69111E-11;8.03505E-09;0.00344392
1951;10.275;3.36881E-11;7.33066E-09;0.00345508
1952;10.245;3.07569E-11;6.68504E-09;0.00301352
1953;10.19;2.80941E-11;6.09267E-09;0.00298433
1954;10.205;2.57372E-11;5.56214E-09;0.00341833
1955;10.175;2.35449E-11;5.07139E-09;0.0031655
1956;9.845;2.143E-11;4.59442E-09;0.00307716
1957;9.395;1.94992E-11;4.15755E-09;0.0025917
1958;9.025;1.78204E-11;3.77679E-09;0.00218845
1959;8.69;1.63182E-11;3.4393E-09;0.00117553
1960;8.335;1.48185E-11;3.09323E-09;0.0009072
1961;7.99;1.40326E-11;2.85983E-09;0.00128369
1962;7.69;1.53134E-11;2.9323E-09;0.01448229
1963;7.85;2.15124E-11;3.95428E-09;0.06306135
1964;8.495;3.31994E-11;5.92771E-09;0.07095899
1965;9.155;5.42967E-11;9.32219E-09;0.11164686
1966;9.865;8.22281E-11;1.3637E-08;0.11795633
1967;10.38;1.10677E-10;1.80696E-08;0.10548809
1968;10.58;1.29703E-10;2.12582E-08;0.06777027
1969;10.305;1.33398E-10;2.20245E-08;0.02834302
1970;9.785;1.24812E-10;2.06062E-08;0.00628543
1971;9.29;1.13403E-10;1.86862E-08;0.00621218
1972;8.98;1.0268E-10;1.68915E-08;0.0068378
1973;8.755;9.3057E-11;1.52794E-08;0.00748784
1974;8.515;8.4418E-11;1.38262E-08;0.00737247
1975;8.235;7.6763E-11;1.25366E-08;0.0075098
1976;8;7.01165E-11;1.14188E-08;0.00622334
1977;7.675;6.41742E-11;1.04129E-08;0.00610015
1978;7.31;5.89325E-11;9.51871E-09;0.00795167
1979;6.996;5.43818E-11;8.74105E-09;0.00675744
1980;6.772;5.06281E-11;8.12251E-09;0.00403075
1981;6.656;4.71445E-11;7.53546E-09;0.00332472
1982;6.526;4.39533E-11;7.0052E-09;0.00169155
1983;6.248;4.09303E-11;6.50503E-09;0.00143238
1984;6.001;3.82597E-11;6.05991E-09;0.00154379
1985;5.872;3.59349E-11;5.67218E-09;0.00178572
1986;5.745;3.85612E-11;5.83661E-09;0.0187939
1987;5.901;4.78133E-11;7.26002E-09;0.05659104
1988;6.603;6.6613E-11;1.0182E-08;0.09157386
1989;7.475;9.43912E-11;1.44337E-08;0.11500871
1990;8.27;1.26567E-10;1.94029E-08;0.11692406
1991;8.79;1.54964E-10;2.40446E-08;0.09734065
1992;8.99;1.7223E-10;2.72872E-08;0.06378483
1993;8.805;1.71941E-10;2.77368E-08;0.02441241
1994;8.38;1.58553E-10;2.57439E-08;0.00550184
1995;7.955;1.43066E-10;2.33144E-08;0.00504847
1996;7.67;1.29012E-10;2.10887E-08;0.00578082
1997;7.43;1.16392E-10;1.90637E-08;0.00576645
1998;7.305;1.05687E-10;1.73424E-08;0.00612925
1999;7.165;9.63002E-11;1.58261E-08;0.00633582
2000;7.02;8.79718E-11;1.44621E-08;0.00599711
2001;6.943;8.08442E-11;1.32915E-08;0.00561317
2002;6.901;7.47416E-11;1.22914E-08;0.00563788
2003;6.836;6.889E-11;1.12953E-08;0.00683535
2004;6.697;6.40591E-11;1.04813E-08;0.00785701
2005;6.693;5.99573E-11;9.78812E-09;0.00638794
2006;6.755;5.63618E-11;9.18056E-09;0.00569898
2007;6.878;5.32225E-11;8.64787E-09;0.00504717
2008;6.984;5.03338E-11;8.15973E-09;0.00433375
2009;7.06;4.76276E-11;7.70835E-09;0.00225239
2010;7.165;4.58663E-11;7.28279E-09;0.00203319
2011;7.295;4.45339E-11;6.89081E-09;0.00160989
2012;7.405;4.67417E-11;7.22791E-09;0.00913746
2013;7.63;5.30062E-11;8.38388E-09;0.01945516
2014;7.94;5.83314E-11;9.46876E-09;0.01231305
2015;8.02;6.38834E-11;1.07055E-08;0.01446602
2016;8.105;7.09736E-11;1.23013E-08;0.02319672
2017;8.13;7.42706E-11;1.32239E-08;0.00969056
2018;7.85;7.1727E-11;1.28985E-08;0.00154491
2019;7.365;6.73717E-11;1.21558E-08;0.00222939
2020;7.17;6.31283E-11;1.13974E-08;0.00254013
2021;7.125;5.91314E-11;1.06687E-08;0.00252915
2022;7.09;5.53126E-11;9.96991E-09;0.001576
2023;7.08;5.17864E-11;9.32093E-09;0.0015955
2024;7.11;4.85861E-11;8.72669E-09;0.00164432
2025;7.19;4.56955E-11;8.18858E-09;0.00132274
2026;7.28;4.33866E-11;7.76689E-09;0.00138982
2027;7.38;4.09892E-11;7.31841E-09;0.000679
2028;7.46;3.875E-11;6.90156E-09;0.00064135
2029;7.34;3.65158E-11;6.48492E-09;0.00094594
2030;7.1;3.43884E-11;6.08356E-09;0.00188376
2031;6.82;3.24055E-11;5.70843E-09;0.00182622
2032;6.296;3.03894E-11;5.33119E-09;0.00117177
2033;5.831;2.8585E-11;4.99344E-09;0.00115089
2034;5.547;3.12483E-11;5.43922E-09;0.01657442
2035;5.617;3.67056E-11;6.51738E-09;0.02483527
2036;5.851;4.89083E-11;8.75213E-09;0.06093532
2037;6.41;6.06445E-11;1.10153E-08;0.03573356
2038;6.681;7.35479E-11;1.35487E-08;0.04351637
2039;6.925;8.53416E-11;1.59969E-08;0.0364359
2040;7.035;9.05053E-11;1.71915E-08;0.01725903
2041;6.917;8.96133E-11;1.71261E-08;0.00800815
2042;6.679;8.46125E-11;1.61695E-08;0.00351464
2043;6.374;7.87897E-11;1.50466E-08;0.0038198
2044;6.062;7.2957E-11;1.39138E-08;0.0038313
2045;5.842;6.75842E-11;1.28557E-08;0.00461738
2046;5.871;6.29733E-11;1.195E-08;0.00416798
2047;5.785;5.85656E-11;1.10892E-08;0.0034841
2048;5.554;5.44094E-11;1.02739E-08;0.00418635
2049;5.569;5.08902E-11;9.57823E-09;0.00379707
2050;5.562;4.76596E-11;8.945E-09;0.00264938
2051;5.604;4.48155E-11;8.3929E-09;0.00231558
2052;5.612;4.21784E-11;7.88402E-09;0.0019654
2053;5.558;3.94207E-11;7.33931E-09;0.00141833
2054;5.495;3.71822E-11;6.90778E-09;0.00168416
2055;5.434;3.51361E-11;6.5128E-09;0.00166655
2056;5.386;3.32746E-11;6.15265E-09;0.00187532
2057;5.285;3.15196E-11;5.81456E-09;0.00157942
2058;5.108;3.2943E-11;5.92608E-09;0.0092493
2059;4.99;3.59028E-11;6.53435E-09;0.01340146
2060;5.033;4.28789E-11;7.93289E-09;0.03199232
2061;5.433;5.36201E-11;1.00431E-08;0.04507188
2062;5.887;6.83291E-11;1.28356E-08;0.05940797
2063;6.191;8.10482E-11;1.53985E-08;0.03924567
2064;6.255;9.17853E-11;1.77216E-08;0.03488226
2065;6.271;9.31183E-11;1.81989E-08;0.00805303
2066;5.673;8.7411E-11;1.71391E-08;0.00119287
2067;5.025;8.06588E-11;1.58554E-08;0.00113143
2068;4.388;7.40542E-11;1.45876E-08;0.00093358
2069;3.809;6.78374E-11;1.33945E-08;0.00065905
2070;3.34;6.22574E-11;1.2325E-08;0.00043126
2071;2.984;5.71019E-11;1.13212E-08;0.00021313
2072;2.813;5.28756E-11;1.05169E-08;0.00021673
2073;2.798;4.91383E-11;9.80122E-09;0
2074;2.863;4.58285E-11;9.16825E-09;0
2075;3.005;4.29098E-11;8.61112E-09;0
2076;3.106;4.02262E-11;8.09864E-09;0
2077;3.131;3.77257E-11;7.6189E-09;0.00023326
2078;3.172;3.54704E-11;7.18706E-09;0
2079;3.181;3.33983E-11;6.78939E-09;0
2080;3.141;3.14623E-11;6.4159E-09;0
2081;3.116;2.97054E-11;6.07686E-09;0
2082;2.985;2.99451E-11;6.20396E-09;0.00351338
2083;2.808;3.16058E-11;6.70356E-09;0.00732952
2084;2.833;3.40677E-11;7.41568E-09;0.00896018
2085;2.917;3.82324E-11;8.53513E-09;0.01694649
2086;3.137;4.40407E-11;1.00268E-08;0.02474184
2087;3.31;4.97189E-11;1.14898E-08;0.02372245
2088;3.232;5.46836E-11;1.28103E-08;0.02127067
2089;3.068;5.57272E-11;1.32036E-08;0.00740798
2090;2.824;5.34655E-11;1.27071E-08;0.00226872
2091;2.606;5.05852E-11;1.20375E-08;0.00257429
2092;2.525;4.76408E-11;1.13473E-08;0.00234576
2093;2.418;4.46059E-11;1.06351E-08;0.00204144
2094;2.237;4.15893E-11;9.92686E-09;0.00200228
2095;2.085;3.8772E-11;9.26505E-09;0.00218161
2096;2.016;3.62315E-11;8.66801E-09;0.00237039
2097;1.935;3.38801E-11;8.11352E-09;0.00261044
2098;1.866;3.17277E-11;7.60477E-09;0.00284818
2099;1.814;2.97621E-11;7.14069E-09;0.00261555
2100;1.759;2.81578E-11;6.77177E-09;0.00240201
2101;1.712;2.64074E-11;6.3547E-09;0.00217225
2102;1.671;2.48338E-11;5.97556E-09;0.00329359
2103;1.625;2.33923E-11;5.62855E-09;0.00305789
2104;1.579;2.2074E-11;5.31197E-09;0.00282456
2105;1.525;2.08578E-11;5.02068E-09;0.00259359
2106;1.468;2.21269E-11;5.19474E-09;0.00930198
2107;1.437;2.57162E-11;6.03434E-09;0.02179332
2108;1.43;3.11699E-11;7.25026E-09;0.03387415
2109;1.432;3.8511E-11;8.82221E-09;0.04262542
2110;1.477;4.77809E-11;1.07169E-08;0.05098055
2111;1.578;5.58369E-11;1.23733E-08;0.03685176
2112;1.546;6.28552E-11;1.38276E-08;0.03411157
2113;1.484;6.69389E-11;1.47102E-08;0.02258234
2114;1.422;6.45118E-11;1.41279E-08;0.0061667
2115;1.346;6.07414E-11;1.32762E-08;0.00533389
2116;1.256;5.6545E-11;1.23528E-08;0.00447472
2117;1.164;5.23626E-11;1.14444E-08;0.00405702
2118;1.077;4.83479E-11;1.05817E-08;0.00337351
2119;0.999;4.45775E-11;9.77972E-09;0.00211327
2120;0.952;4.10941E-11;9.04233E-09;0.00189214
2121;0.922;3.78915E-11;8.36865E-09;0.00122735
2122;0.872;3.49216E-11;7.74725E-09;0.00059081
2123;0.82;3.21766E-11;7.17128E-09;0.00020343
2124;0.765;2.97128E-11;6.6561E-09;0.00020544
2125;0.705;2.74537E-11;6.18411E-09;0
2126;0.645;2.53924E-11;5.75215E-09;0
2127;0.58;2.35047E-11;5.35417E-09;0
2128;0.514;2.17032E-11;4.96942E-09;0
2129;0.453;2.09161E-11;4.74787E-09;0.00062163
2130;0.409;2.37266E-11;5.48721E-09;0.00956127
2131;0.428;2.70903E-11;6.40098E-09;0.01013651
2132;0.454;3.09369E-11;7.48669E-09;0.01068379
2133;0.479;3.5284E-11;8.72734E-09;0.01466701
2134;0.499;3.99988E-11;1.00241E-08;0.02248757
2135;0.52;4.40073E-11;1.1139E-08;0.02038334
2136;0.533;4.67782E-11;1.19825E-08;0.01363907
2137;0.552;4.63001E-11;1.19785E-08;0.00350375
2138;0.57;4.36135E-11;1.13476E-08;0.00021816
2139;0.588;4.05389E-11;1.05982E-08;0
2140;0.594;3.74173E-11;9.82552E-09;0
2141;0.61;3.44235E-11;9.07838E-09;0
2142;0.622;3.16194E-11;8.37368E-09;0
2143;0.637;2.90269E-11;7.71922E-09;0
2144;0.65;2.66699E-11;7.11936E-09;0.0005758
2145;0.667;2.45244E-11;6.57201E-09;0.00056894
2146;0.681;2.25783E-11;6.07424E-09;0.00055727
2147;0.697;2.08131E-11;5.6237E-09;0.00026182
2148;0.704;1.91652E-11;5.19898E-09;0.00026818
2149;0.719;1.76683E-11;4.8106E-09;0.00053762
2150;0.729;1.63457E-11;4.46938E-09;0.00025248
2151;0.737;1.51274E-11;4.15254E-09;0.00050248
2152;0.746;1.40523E-11;3.87086E-09;0.00055724
2153;0.754;1.3062E-11;3.61097E-09;0.00052731
2154;0.764;1.69359E-11;4.71924E-09;0.01763676
2155;0.768;2.26603E-11;6.36888E-09;0.02456368
2156;0.775;3.34598E-11;9.11932E-09;0.07049757
2157;0.793;4.19191E-11;1.13568E-08;0.02898835
2158;0.802;5.5299E-11;1.44988E-08;0.07212071
2159;0.797;6.6942E-11;1.71724E-08;0.05249527
2160;0.793;7.21097E-11;1.83643E-08;0.02317506
2161;0.802;7.05577E-11;1.79237E-08;0.006671
2162;0.889;6.54792E-11;1.66037E-08;0.0019636
2163;1.15;6.00155E-11;1.52118E-08;0.0019822
2164;1.649;5.50873E-11;1.39793E-08;0.00134365
2165;2.057;5.04773E-11;1.2838E-08;0.0013758
2166;2.401;4.63811E-11;1.18305E-08;0.00143819
2167;2.728;4.28397E-11;1.09684E-08;0.00106715
2168;3.045;3.9835E-11;1.02423E-08;0.00073978
2169;3.326;3.73052E-11;9.63309E-09;0.00079458
2170;3.658;3.51724E-11;9.11372E-09;0.00170392
2171;4.013;3.34699E-11;8.70348E-09;0.00167552
2172;4.13;3.18713E-11;8.31762E-09;0.00166437
2173;4.142;3.04136E-11;7.96538E-09;0.00201767
2174;4.095;2.90586E-11;7.63515E-09;0.00203814
2175;4.027;2.78305E-11;7.33766E-09;0.00190945
2176;3.747;2.64994E-11;7.00732E-09;0.00264457
2177;3.567;2.53002E-11;6.70985E-09;0.00219615
2178;3.413;2.94471E-11;7.72459E-09;0.0194934
2179;3.518;4.15068E-11;1.06883E-08;0.06318845
2180;4.115;6.10277E-11;1.49967E-08;0.09930201
2181;4.922;8.22908E-11;1.9448E-08;0.08424892
2182;5.475;1.06489E-10;2.41237E-08;0.10322676
2183;5.765;1.29384E-10;2.83148E-08;0.10072525
2184;5.85;1.40341E-10;3.03182E-08;0.05412057
2185;5.463;1.40766E-10;3.03379E-08;0.03513443
2186;4.971;1.28912E-10;2.77055E-08;0.00985462
2187;4.373;1.14246E-10;2.45676E-08;0.00567821
2188;3.873;1.0072E-10;2.17041E-08;0.00461848
2189;3.631;8.93018E-11;1.93019E-08;0.00508767
2190;3.583;7.97709E-11;1.73127E-08;0.00420024
2191;3.478;7.14138E-11;1.55721E-08;0.00409249
2192;3.421;6.39383E-11;1.40052E-08;0.00333596
2193;3.364;5.79624E-11;1.27612E-08;0.00428969
2194;3.385;5.29548E-11;1.17193E-08;0.00441483
2195;3.444;4.87342E-11;1.08436E-08;0.00399435
2196;3.526;4.51869E-11;1.01087E-08;0.00406165
2197;3.69;4.23167E-11;9.51848E-09;0.00410154
2198;3.749;3.97648E-11;8.99583E-09;0.00324526
2199;3.664;3.72575E-11;8.47375E-09;0.00280826
2200;3.813;3.53027E-11;8.07056E-09;0.00289631
2201;3.777;3.38533E-11;7.63516E-09;0.00395087
2202;3.787;3.86995E-11;8.72206E-09;0.0156094
2203;3.952;5.12589E-11;1.1599E-08;0.04426824
2204;4.437;6.995E-11;1.56179E-08;0.07681278
2205;5.111;9.40753E-11;2.04055E-08;0.10120265
2206;5.787;1.18025E-10;2.5021E-08;0.09049332
2207;6.29;1.39008E-10;2.90395E-08;0.08224643
2208;6.456;1.5156E-10;3.14959E-08;0.06296303
2209;6.344;1.46223E-10;3.03638E-08;0.02315779
2210;6.032;1.32314E-10;2.74593E-08;0.00949721
2211;5.794;1.17393E-10;2.4413E-08;0.00734248
2212;5.746;1.0433E-10;2.17677E-08;0.00823389
2213;5.693;9.30232E-11;1.94863E-08;0.00862791
2214;5.655;8.34579E-11;1.75623E-08;0.00811702
2215;5.6;7.53107E-11;1.59333E-08;0.00605886
2216;5.58;6.85692E-11;1.45791E-08;0.00858646
2217;5.526;6.28067E-11;1.34202E-08;0.00843603
2218;5.475;5.79156E-11;1.24378E-08;0.00766176
2219;5.463;5.37722E-11;1.16093E-08;0.00676997
2220;5.515;5.04193E-11;1.09479E-08;0.00555935
2221;5.697;4.74328E-11;1.03491E-08;0.00520988
2222;5.96;4.50729E-11;9.88366E-09;0.00486635
2223;6.247;4.31565E-11;9.5083E-09;0.00596979
2224;6.455;4.15861E-11;9.19436E-09;0.0093149
2225;6.474;4.00776E-11;8.88127E-09;0.01145857
2226;6.334;4.07577E-11;8.52417E-09;0.02254589
2227;6.327;4.64462E-11;9.45839E-09;0.0355386
2228;6.468;5.7459E-11;1.14812E-08;0.04831321
2229;6.704;7.55195E-11;1.4796E-08;0.07346248
2230;7.054;8.95869E-11;1.74922E-08;0.04520183
2231;7.16;9.46223E-11;1.8507E-08;0.0239339
2232;7.145;9.63671E-11;1.88872E-08;0.02444924
2233;7.125;9.38375E-11;1.84651E-08;0.01297122
2234;7.09;8.72338E-11;1.72501E-08;0.00481321
2235;7.023;8.03077E-11;1.59726E-08;0.00473048
2236;6.893;7.37517E-11;1.47582E-08;0.00575916
2237;6.757;6.78358E-11;1.36655E-08;0.00466192
2238;6.71;6.27718E-11;1.27337E-08;0.00427154
2239;6.734;5.84294E-11;1.19418E-08;0.00367272
2240;6.782;5.45903E-11;1.12494E-08;0.00247362
2241;6.772;5.12023E-11;1.06484E-08;0.00142808
2242;6.607;4.7773E-11;1.002E-08;0.00082442
2243;6.434;4.46962E-11;9.44733E-09;0.00246426
2244;6.234;4.19008E-11;8.91327E-09;0.00447086
2245;5.999;3.93713E-11;8.42659E-09;0.00442362
2246;5.828;3.71202E-11;7.98958E-09;0.0043765
2247;5.702;3.50654E-11;7.59537E-09;0.00268324
2248;5.548;3.31555E-11;7.22895E-09;0.00189608
2249;5.412;3.14008E-11;6.88953E-09;0.0019007
2250;5.302;3.11652E-11;6.64706E-09;0.00460067
2251;5.314;3.36785E-11;7.23125E-09;0.01127619
2252;5.462;4.05091E-11;8.74992E-09;0.0287976
2253;5.715;4.79382E-11;1.03921E-08;0.03136678
2254;6.012;6.02521E-11;1.28596E-08;0.06118094
2255;6.383;7.44419E-11;1.55429E-08;0.06826974
2256;6.654;8.27674E-11;1.71638E-08;0.03983379
2257;6.704;8.31179E-11;1.72276E-08;0.01815145
2258;6.524;7.78989E-11;1.61554E-08;0.00622387
2259;6.116;7.10843E-11;1.47871E-08;0.00474515
2260;5.963;6.49327E-11;1.35785E-08;0.00359511
2261;5.533;5.88314E-11;1.23842E-08;0.00226164
2262;4.896;5.30823E-11;1.12513E-08;0.00190123
2263;4.27;4.79458E-11;1.02374E-08;0.00145362
2264;3.725;4.34358E-11;9.34564E-09;0.00108491
2265;3.296;3.95039E-11;8.56849E-09;0.00069562
2266;2.926;3.6018E-11;7.88098E-09;0.00033122
2267;2.658;3.29888E-11;7.28244E-09;0
2268;2.475;3.03218E-11;6.75305E-09;0
2269;2.323;2.79343E-11;6.27874E-09;0
2270;2.203;2.57073E-11;5.82952E-09;0
2271;2.107;2.38192E-11;5.45344E-09;0
2272;2.006;2.20704E-11;5.10145E-09;0
2273;1.913;2.10081E-11;4.85412E-09;0.00045536
2274;1.832;2.62626E-11;6.1666E-09;0.02665089
2275;1.789;3.66099E-11;8.41859E-09;0.06843293
2276;1.989;5.30247E-11;1.12842E-08;0.12140295
2277;2.906;7.815E-11;1.50014E-08;0.16564376
2278;4.188;1.07788E-10;1.90737E-08;0.16725663
2279;5.088;1.34018E-10;2.26922E-08;0.13899212
2280;5.41;1.48528E-10;2.49183E-08;0.08559664
2281;5.222;1.43474E-10;2.42059E-08;0.02681229
2282;4.838;1.27754E-10;2.16529E-08;0.00588645
2283;4.551;1.13067E-10;1.93075E-08;0.00319256
2284;4.337;1.00268E-10;1.72698E-08;0.00402651
2285;4.14;8.92185E-11;1.55056E-08;0.00456093
2286;4.126;8.00292E-11;1.40365E-08;0.00543794
2287;4.178;7.22283E-11;1.27862E-08;0.00556117
2288;4.28;6.56123E-11;1.17216E-08;0.00620706
2289;4.386;5.96479E-11;1.0746E-08;0.00581649
2290;4.445;5.47114E-11;9.94944E-09;0.00569734
2291;4.502;5.04395E-11;9.25995E-09;0.00508952
2292;4.535;4.65784E-11;8.62686E-09;0.00531598
2293;4.614;4.33674E-11;8.10684E-09;0.00480947
2294;4.591;4.02642E-11;7.59009E-09;0.00478599
2295;4.537;3.74953E-11;7.12961E-09;0.00413916
2296;4.486;3.50622E-11;6.72334E-09;0.0041964
2297;4.509;3.36132E-11;6.33867E-09;0.00608602
2298;4.694;3.88878E-11;7.28459E-09;0.02309814
2299;5.022;4.60981E-11;8.76196E-09;0.02759101
2300;5.379;5.82514E-11;1.11915E-08;0.05130895
2301;5.873;7.34334E-11;1.41115E-08;0.06935285
2302;6.247;9.16784E-11;1.73801E-08;0.0922142
2303;6.563;1.04003E-10;1.95952E-08;0.06979335
2304;6.653;1.08574E-10;2.05526E-08;0.04289482
2305;6.594;1.05592E-10;2.0035E-08;0.02847097
2306;6.484;9.58976E-11;1.82877E-08;0.01062685
2307;6.368;8.63918E-11;1.6588E-08;0.00958053
2308;6.344;7.799E-11;1.50872E-08;0.0102325
2309;6.323;7.06199E-11;1.37664E-08;0.01074818
2310;6.314;6.42277E-11;1.26175E-08;0.01076828
2311;6.331;5.87152E-11;1.16207E-08;0.01143253
2312;6.324;5.38651E-11;1.07442E-08;0.01010157
2313;6.31;4.95832E-11;9.97568E-09;0.00771417
2314;6.288;4.57933E-11;9.29773E-09;0.00619794
2315;6.305;4.23149E-11;8.66269E-09;0.00524523
2316;6.376;3.93063E-11;8.11887E-09;0.00375367
2317;6.527;3.67117E-11;7.64967E-09;0.00373749
2318;6.7;3.43869E-11;7.22907E-09;0.00364821
2319;6.75;3.22537E-11;6.83091E-09;0.00618372
2320;6.689;3.04651E-11;6.48375E-09;0.01142906
2321;6.518;2.95225E-11;6.07804E-09;0.01963406
2322;6.301;3.23161E-11;6.03971E-09;0.0377968
2323;6.294;3.86641E-11;6.90843E-09;0.06319652
2324;6.452;5.20497E-11;8.87119E-09;0.09504284
2325;6.771;6.8073E-11;1.1194E-08;0.0999711
2326;6.998;8.56944E-11;1.37205E-08;0.10757563
2327;7.325;1.03769E-10;1.63753E-08;0.10696109
2328;7.62;1.12908E-10;1.77787E-08;0.07174395
2329;7.575;1.08568E-10;1.70344E-08;0.03368254
2330;7.34;9.77926E-11;1.53912E-08;0.01697507
2331;7.145;8.79271E-11;1.39401E-08;0.01256187
2332;7.05;7.91355E-11;1.26592E-08;0.00941122
2333;7.02;7.14567E-11;1.1541E-08;0.008757
2334;7.025;6.47961E-11;1.05624E-08;0.01006356
2335;7.04;5.87564E-11;9.65743E-09;0.00945787
2336;7.007;5.33968E-11;8.84932E-09;0.00879975
2337;6.974;4.86514E-11;8.12756E-09;0.00815522
2338;6.956;4.43688E-11;7.48176E-09;0.0039136
2339;6.95;4.0555E-11;6.90011E-09;0.00468332
2340;6.889;3.70891E-11;6.36631E-09;0.00386707
2341;6.696;3.39069E-11;5.86761E-09;0.00457197
2342;6.472;3.10507E-11;5.41438E-09;0.0045306
2343;6.406;2.86127E-11;5.02401E-09;0.004575
2344;6.431;2.64719E-11;4.67849E-09;0.00455912
2345;6.398;2.4476E-11;4.35549E-09;0.00361047
2346;6.225;2.73444E-11;4.42932E-09;0.02339378
2347;6.374;3.168E-11;5.17257E-09;0.02841504
2348;6.659;3.83828E-11;6.29162E-09;0.04378084
2349;7.047;5.59784E-11;9.10897E-09;0.10417787
2350;7.94;8.28207E-11;1.32226E-08;0.14570118
2351;8.82;1.03827E-10;1.66758E-08;0.10481999
2352;9.155;1.12961E-10;1.85241E-08;0.06323121
2353;9.03;1.07254E-10;1.78684E-08;0.02529797
2354;8.61;9.55448E-11;1.61122E-08;0.00804216
2355;8.035;8.34991E-11;1.42601E-08;0.00511034
2356;7.435;7.30332E-11;1.26385E-08;0.00295742
2357;6.922;6.42202E-11;1.12545E-08;0.00224008
2358;6.488;5.67933E-11;1.00822E-08;0.00137619
2359;6.06;5.04465E-11;9.06962E-09;0.00101579
2360;5.643;4.50102E-11;8.19787E-09;0.00032097
2361;5.258;4.01676E-11;7.39984E-09;0.00031779
2362;5.074;3.62089E-11;6.74819E-09;0
2363;5.125;3.29902E-11;6.22257E-09;0
2364;5.173;3.00601E-11;5.73302E-09;0
2365;5.365;2.75392E-11;5.30759E-09;0
2366;5.59;2.52864E-11;4.92321E-09;0
2367;5.797;2.32425E-11;4.56964E-09;0
2368;5.953;2.13739E-11;4.24147E-09;0
2369;6.032;1.96456E-11;3.93261E-09;0
2370;6.078;2.17323E-11;4.41691E-09;0.01281357
2371;6.259;2.62221E-11;5.49981E-09;0.02576241
2372;6.574;3.05388E-11;6.6129E-09;0.02357968
2373;6.975;3.69159E-11;8.21485E-09;0.03528225
2374;7.5;4.55643E-11;1.03412E-08;0.04764341
2375;7.88;4.8231E-11;1.12672E-08;0.019028
2376;7.985;4.87926E-11;1.16946E-08;0.0155134
2377;8.01;4.69602E-11;1.15062E-08;0.00887343
2378;7.93;4.22163E-11;1.04829E-08;0.00131638
2379;7.74;3.77453E-11;9.48509E-09;0.00131368
2380;7.575;3.37678E-11;8.57959E-09;0.00086646
2381;7.455;3.03359E-11;7.78816E-09;0.00085767
2382;7.36;2.7203E-11;7.04099E-09;0.00085953
2383;7.28;2.44459E-11;6.37369E-09;0.00084562
2384;7.2;2.20356E-11;5.77688E-09;0.00129529
2385;7.13;1.98935E-11;5.23769E-09;0.00170969
2386;7.06;1.80023E-11;4.75155E-09;0.00235313
2387;6.994;1.63292E-11;4.31657E-09;0.00232982
2388;6.918;1.4829E-11;3.9248E-09;0.00182335
2389;6.795;1.34725E-11;3.56862E-09;0.00175836
2390;6.522;1.22227E-11;3.23837E-09;0.00129657
2391;6.297;1.11242E-11;2.94578E-09;0.00087234
2392;6.227;1.01817E-11;2.69154E-09;0.00088064
2393;6.231;9.86099E-12;2.52173E-09;0.00140367
2394;6.324;1.14472E-11;2.98221E-09;0.01165747
2395;6.583;1.54193E-11;4.05501E-09;0.029178
2396;6.966;2.59897E-11;6.41417E-09;0.08519694
2397;7.58;4.66167E-11;1.01487E-08;0.15376723
2398;8.06;6.56567E-11;1.3685E-08;0.11645873
2399;8.47;8.83429E-11;1.78119E-08;0.13716887
2400;8.475;8.59456E-11;1.75818E-08;0.09258304
2401;7.955;8.20108E-11;1.73196E-08;0.01947198
2402;7.395;7.53016E-11;1.63668E-08;0.00277621
2403;6.916;6.76136E-11;1.50389E-08;0.00116769
2404;6.56;6.02729E-11;1.36791E-08;0.00075053
2405;6.247;5.36249E-11;1.23991E-08;0.0003741
2406;5.988;4.78598E-11;1.12708E-08;0.00038308
2407;5.837;4.27631E-11;1.0237E-08;0.00038962
2408;5.769;3.83342E-11;9.32354E-09;0
2409;5.753;3.44554E-11;8.51164E-09;0
2410;5.746;3.10307E-11;7.78302E-09;0
2411;5.747;2.80144E-11;7.13048E-09;0
2412;5.777;2.53623E-11;6.54748E-09;0
2413;5.842;2.3026E-11;6.02586E-09;0
2414;5.914;2.09771E-11;5.56483E-09;0
2415;5.991;1.91143E-11;5.1345E-09;0
2416;6.052;1.74361E-11;4.74042E-09;0
2417;6.087;1.59338E-11;4.38183E-09;0
2418;6.13;1.4861E-11;4.14042E-09;0.00142196
2419;6.24;1.44049E-11;4.0967E-09;0.00504068
2420;6.418;1.49974E-11;4.39932E-09;0.01475793
2421;6.705;1.677E-11;5.12621E-09;0.02101823
2422;7.019;1.94793E-11;6.2322E-09;0.02371217
2423;7.305;2.33033E-11;7.77265E-09;0.03497625
2424;7.625;2.67175E-11;9.21612E-09;0.01986248
2425;7.805;2.82227E-11;9.95804E-09;0.00645814
2426;7.85;2.78608E-11;9.95366E-09;0.00225333
2427;7.85;2.643E-11;9.50512E-09;0.00126429
2428;7.9;2.45996E-11;8.89039E-09;0.00127753
2429;7.985;2.26488E-11;8.20531E-09;0.00129038
2430;8.07;2.07464E-11;7.52329E-09;0.00199374
2431;8.17;1.89602E-11;6.8702E-09;0.00272003
2432;8.31;1.73106E-11;6.26237E-09;0.00204729
2433;8.435;1.5791E-11;5.6955E-09;0.00273924
2434;8.525;1.44029E-11;5.16957E-09;0.00292341
2435;8.615;1.31774E-11;4.70649E-09;0.00218559
2436;8.71;1.20291E-11;4.26085E-09;0.00294313
2437;8.8;1.09949E-11;3.85126E-09;0.00376432
2438;8.85;1.00515E-11;3.47172E-09;0.00453099
2439;8.86;9.19381E-12;3.12089E-09;0.0053365
2440;8.835;8.40553E-12;2.79713E-09;0.00528161
2441;8.81;7.6891E-12;2.50045E-09;0.00605216
2442;8.82;8.13062E-12;2.40399E-09;0.0320525
2443;9;1.1343E-11;3.02901E-09;0.09261986
2444;9.345;1.68864E-11;4.09566E-09;0.08165615
2445;9.605;2.69175E-11;5.98092E-09;0.12502762
2446;9.94;3.87225E-11;8.12324E-09;0.10088349
2447;10.07;4.94137E-11;1.00756E-08;0.08009388
2448;10.12;5.34314E-11;1.07678E-08;0.02313079
2449;10.075;5.41281E-11;1.09311E-08;0.02581261
2450;10.085;5.118E-11;1.03899E-08;0.00744668
2451;10.025;4.65655E-11;9.51855E-09;0.00407092
2452;9.985;4.18904E-11;8.59504E-09;0.00477771
2453;9.765;3.71443E-11;7.68636E-09;0.0020302
2454;9.385;3.272E-11;6.83099E-09;0.00133065
2455;9.11;2.88477E-11;6.07742E-09;0.00188362
2456;8.745;2.54038E-11;5.39885E-09;0.00180079
2457;8.37;2.24152E-11;4.80274E-09;0.00117116
2458;8.015;1.98311E-11;4.28087E-09;0.00110824
2459;7.71;1.76133E-11;3.82678E-09;0.00111094
2460;7.48;1.57039E-11;3.43046E-09;0.00165879
2461;7.27;1.40313E-11;3.07886E-09;0.00163972
2462;7.016;1.25425E-11;2.76251E-09;0.00157645
2463;6.602;1.12221E-11;2.47707E-09;0.00214999
2464;6.442;1.01154E-11;2.23504E-09;0.00215386
2465;6.32;9.12854E-12;2.01757E-09;0.00159605
2466;6.104;9.17657E-12;2.01987E-09;0.01247506
2467;6.171;1.10446E-11;2.52643E-09;0.03219913
2468;6.513;1.58496E-11;3.81428E-09;0.06717651
2469;7.1;2.47809E-11;6.15106E-09;0.10290979
2470;7.635;4.08336E-11;9.55871E-09;0.19717546
2471;8.03;6.01245E-11;1.32692E-08;0.16413595
2472;8.075;7.34784E-11;1.58817E-08;0.0915911
2473;7.825;7.85078E-11;1.68888E-08;0.04723759
2474;7.505;7.64377E-11;1.64243E-08;0.02053692
2475;7.1;7.05269E-11;1.52218E-08;0.01337887
2476;6.834;6.38258E-11;1.38755E-08;0.01287913
2477;6.752;5.74363E-11;1.25953E-08;0.01397561
2478;6.789;5.14762E-11;1.14104E-08;0.01046476
2479;6.843;4.60504E-11;1.03242E-08;0.01187683
2480;6.805;4.1063E-11;9.32986E-09;0.01093736
2481;6.313;3.63495E-11;8.36603E-09;0.00906254
2482;5.872;3.2395E-11;7.54428E-09;0.01164032
2483;5.628;2.90881E-11;6.84356E-09;0.0132466
2484;5.407;2.62226E-11;6.22839E-09;0.013028
2485;5.266;2.37513E-11;5.69302E-09;0.01226947
2486;5.13;2.15954E-11;5.21911E-09;0.01381981
2487;5.02;1.97056E-11;4.80019E-09;0.01323303
2488;4.899;1.81844E-11;4.47602E-09;0.01256532
2489;4.707;1.70004E-11;4.10716E-09;0.01592
2490;4.455;1.78685E-11;3.92369E-09;0.0385216
2491;4.632;2.14795E-11;4.51462E-09;0.07199504
2492;5.162;2.95677E-11;6.07521E-09;0.11619121
2493;5.749;4.11922E-11;8.38763E-09;0.121788
2494;6.247;6.07392E-11;1.2157E-08;0.2068253
2495;7.021;7.73458E-11;1.55408E-08;0.11120333
2496;6.889;9.02154E-11;1.84237E-08;0.11410224
2497;6.646;9.56687E-11;1.99389E-08;0.0635294
2498;6.277;9.16467E-11;1.93351E-08;0.01907992
2499;5.792;8.34833E-11;1.78441E-08;0.01284756
2500;5.443;7.52252E-11;1.63002E-08;0.01473964
2501;5.255;6.75192E-11;1.48492E-08;0.01423939
2502;5.218;6.06252E-11;1.3542E-08;0.01411501
2503;5.265;5.43767E-11;1.23598E-08;0.00679337
2504;5.393;4.84877E-11;1.12019E-08;0.00425116
2505;5.567;4.35594E-11;1.02497E-08;0.00393728
2506;5.759;3.91856E-11;9.3956E-09;0.00475082
2507;5.964;3.53093E-11;8.63179E-09;0.00419749
2508;6.158;3.18697E-11;7.94613E-09;0.00365777
2509;6.325;2.88067E-11;7.32515E-09;0.0032047
2510;6.525;2.60922E-11;6.77001E-09;0.0025546
2511;6.768;2.3716E-11;6.27896E-09;0.00264961
2512;6.985;2.15831E-11;5.82144E-09;0.00564087
2513;7.21;1.69572E-11;4.51905E-09;0.00649068
2514;7.44;1.70074E-11;4.31725E-09;0.01317621
2515;7.67;1.84709E-11;4.54654E-09;0.03484856
2516;7.97;2.1183E-11;5.08897E-09;0.0396238
2517;8.195;2.37967E-11;5.58874E-09;0.03314808
2518;8.285;2.59236E-11;5.95514E-09;0.03069835
2519;8.3;2.90017E-11;6.58298E-09;0.03902545
2520;8.355;3.17393E-11;7.15809E-09;0.02897426
2521;8.355;3.27437E-11;7.32206E-09;0.01489787
2522;8.215;3.25208E-11;7.16423E-09;0.02055934
2523;7.8;3.11523E-11;6.78086E-09;0.01416364
2524;7.355;2.93917E-11;6.32759E-09;0.01578137
2525;6.876;2.74804E-11;5.86172E-09;0.01239929
2526;6.363;2.55322E-11;5.40873E-09;0.00790399
2527;5.818;2.36498E-11;4.98484E-09;0.00662602
2528;5.301;2.19249E-11;4.60446E-09;0.004406
2529;4.853;2.05195E-11;4.3049E-09;0.00476546
2530;4.48;1.91114E-11;4.00142E-09;0.00336833
2531;4.155;1.78543E-11;3.73101E-09;0.00392552
2532;3.885;1.67217E-11;3.48914E-09;0.00305748
2533;3.828;1.57451E-11;3.28179E-09;0.00375387
2534;3.801;1.48372E-11;3.09046E-09;0.0028449
2535;3.609;1.39431E-11;2.9023E-09;0.00249236
2536;3.428;1.31195E-11;2.72996E-09;0.00241164
2537;3.288;1.29019E-11;2.58471E-09;0.00472111
2538;3.212;1.3947E-11;2.7912E-09;0.01786244
2539;3.611;1.5957E-11;3.22136E-09;0.02146915
2540;4.179;1.85216E-11;3.79163E-09;0.02453977
2541;4.555;2.48706E-11;5.16862E-09;0.08514617
2542;5.296;4.19789E-11;8.38176E-09;0.22919769
2543;6.031;6.29092E-11;1.21902E-08;0.15794324
2544;6.142;8.01807E-11;1.54867E-08;0.10771595
2545;5.972;8.93356E-11;1.74399E-08;0.05618342
2546;5.243;8.87519E-11;1.74452E-08;0.02081796
2547;4.276;8.25771E-11;1.6277E-08;0.00919509
2548;3.366;7.55366E-11;1.49368E-08;0.00817171
2549;2.777;6.88832E-11;1.36697E-08;0.00768966
2550;2.567;6.3136E-11;1.25844E-08;0.00678634
2551;2.408;5.78251E-11;1.15822E-08;0.00808979
2552;2.272;5.29494E-11;1.06632E-08;0.00761262
2553;2.171;4.85573E-11;9.833E-09;0.00863706
2554;2.087;4.46477E-11;9.1014E-09;0.00693815
2555;2.006;4.10934E-11;8.43498E-09;0.00671306
2556;1.899;3.7824E-11;7.8214E-09;0.00537927
2557;1.756;3.4822E-11;7.25695E-09;0.00436568
2558;1.615;3.20556E-11;6.72926E-09;0.00372213
2559;1.485;2.95564E-11;6.25165E-09;0.00311914
2560;1.354;2.72863E-11;5.81555E-09;0.00327037
2561;1.237;2.62576E-11;5.49308E-09;0.00701829
2562;0;2.9889E-11;6.25086E-09;0.08201582
2563;0;4.42824E-11;9.07013E-09;0.19000653
2564;0;7.26384E-11;1.43046E-08;0.26661148
2565;0;1.08063E-10;2.07464E-08;0.25520269
2566;1.085;1.47512E-10;2.81508E-08;0.23650291
2567;2.483;1.82936E-10;3.52523E-08;0.20417049
2568;2.991;2.02952E-10;3.9801E-08;0.14752174
2569;2.799;2.01016E-10;4.02518E-08;0.07290307
2570;2.212;1.81536E-10;3.68391E-08;0.01875598
2571;1.811;1.58924E-10;3.25503E-08;0.00831018
2572;1.627;1.38299E-10;2.85617E-08;0.00714507
2573;1.507;1.20337E-10;2.50533E-08;0.0073645
2574;1.385;1.04149E-10;2.18245E-08;0.00683877
2575;1.249;9.07869E-11;1.91876E-08;0.00612505
2576;1.123;7.93825E-11;1.69233E-08;0.00608159
2577;1.006;6.95856E-11;1.49671E-08;0.00498068
2578;0.896;6.11155E-11;1.32627E-08;0.00520872
2579;0.788;5.38347E-11;1.17869E-08;0.00518366
2580;0.7;4.74147E-11;1.0468E-08;0.00464293
2581;0.615;4.1873E-11;9.32377E-09;0.00404698
2582;0.533;3.70759E-11;8.32455E-09;0.00511004
2583;0.471;3.29251E-11;7.45377E-09;0.00584429
2584;0.39;2.92874E-11;6.68559E-09;0.00590111
2585;0.294;2.66054E-11;6.0214E-09;0.01063047
2586;0.198;2.98132E-11;6.76607E-09;0.04810141
2587;0.2;4.04798E-11;9.15326E-09;0.10647867
2588;0.265;5.89059E-11;1.31338E-08;0.15144755
2589;0.326;8.47517E-11;1.8475E-08;0.19213806
2590;0.385;1.11677E-10;2.39392E-08;0.18130534
2591;0.543;1.36836E-10;2.91188E-08;0.17557695
2592;1.112;1.55203E-10;3.31492E-08;0.12854694
2593;1.265;1.58333E-10;3.41875E-08;0.06730593
2594;1.069;1.45377E-10;3.16221E-08;0.02247338
2595;0.961;1.26906E-10;2.77699E-08;0.00957976
2596;0.942;1.09093E-10;2.40234E-08;0.00736479
2597;0.93;9.31058E-11;2.06469E-08;0.00628055
2598;0.904;7.93695E-11;1.77353E-08;0.00587082
2599;0.866;6.77634E-11;1.5262E-08;0.00610163
2600;0.846;5.80493E-11;1.31804E-08;0.00682653
2601;0.83;4.98736E-11;1.14191E-08;0.00660518
2602;0.777;4.29575E-11;9.92103E-09;0.00492
2603;0.714;3.69707E-11;8.61025E-09;0.00469795
2604;0.661;3.19578E-11;7.50528E-09;0.00525889
2605;0.638;2.77533E-11;6.57384E-09;0.00441009
2606;0.641;2.41693E-11;5.77427E-09;0.00414614
2607;0.653;2.11636E-11;5.10045E-09;0.00365408
2608;0.664;1.85895E-11;4.51948E-09;0.00374156
2609;0.672;1.64241E-11;4.02736E-09;0.00514865
2610;0.684;1.6576E-11;4.03818E-09;0.01579587
2611;0.702;2.18142E-11;5.34936E-09;0.03305219
2612;0.719;2.9837E-11;7.39143E-09;0.03823163
2613;0.743;3.66293E-11;9.19179E-09;0.02488573
2614;0.765;4.02783E-11;1.02449E-08;0.01350243
2615;0.784;4.21298E-11;1.08627E-08;0.0107017
2616;0.924;4.43786E-11;1.16195E-08;0.01429835
2617;1.299;4.38355E-11;1.16313E-08;0.00429375
2618;1.618;4.05749E-11;1.08774E-08;0.00113698
2619;1.895;3.67636E-11;9.94945E-09;0.00117128
2620;2.198;3.28685E-11;8.97483E-09;0.00119925
2621;2.448;2.99154E-11;8.24907E-09;0.00160543
2622;2.672;2.73904E-11;7.62789E-09;0.00204143
2623;2.871;2.53676E-11;7.13662E-09;0.00242802
2624;2.984;2.36705E-11;6.72924E-09;0.0016043
2625;3.064;2.226E-11;6.39567E-09;0.00163197
2626;3.135;2.10992E-11;6.12686E-09;0.00220953
2627;3.181;2.01072E-11;5.90113E-09;0.00221868
2628;3.217;1.92634E-11;5.71364E-09;0.00224275
2629;3.254;1.85673E-11;5.56408E-09;0.00362704
2630;3.295;1.798E-11;5.44333E-09;0.00359367
2631;3.352;1.75078E-11;5.35326E-09;0.00416849
2632;3.401;1.71458E-11;5.29391E-09;0.00413027
2633;3.44;1.70229E-11;5.25055E-09;0.00658719
2634;3.541;1.90891E-11;5.92435E-09;0.01320973
2635;3.796;2.37894E-11;7.43169E-09;0.02542409
2636;4.22;3.21563E-11;1.00849E-08;0.04471608
2637;4.724;4.27298E-11;1.34245E-08;0.04924562
2638;5.174;5.54048E-11;1.73142E-08;0.06547568
2639;5.551;6.30827E-11;1.96544E-08;0.03565116
2640;5.561;6.74382E-11;2.09793E-08;0.032072
2641;5.576;6.72226E-11;2.09335E-08;0.01621165
2642;5.457;6.28091E-11;1.958E-08;0.00801595
2643;5.288;5.70182E-11;1.783E-08;0.00593791
2644;5.158;5.1343E-11;1.6127E-08;0.0054593
2645;5.029;4.62136E-11;1.45944E-08;0.00649779
2646;4.837;4.16382E-11;1.32311E-08;0.00536994
2647;4.736;3.76999E-11;1.20559E-08;0.00597249
2648;4.742;3.45271E-11;1.1117E-08;0.00592241
2649;4.759;3.18632E-11;1.03366E-08;0.00470981
2650;4.752;2.95923E-11;9.67401E-09;0.00523252
2651;4.612;2.75385E-11;9.07819E-09;0.00380639
2652;4.16;2.53784E-11;8.43507E-09;0.00275377
2653;3.804;2.34292E-11;7.84888E-09;0.0023676
2654;3.566;2.17138E-11;7.33365E-09;0.00222166
2655;3.333;2.01486E-11;6.85982E-09;0.00180896
2656;3.169;1.87667E-11;6.44064E-09;0.00179151
2657;2.988;1.77128E-11;6.02325E-09;0.00313653
2658;3.11;1.94129E-11;6.59858E-09;0.01183224
2659;3.562;2.42865E-11;8.28661E-09;0.02549015
2660;4.139;3.20968E-11;1.09752E-08;0.0389661
2661;4.871;4.55593E-11;1.53489E-08;0.08092344
2662;5.578;5.94858E-11;1.9654E-08;0.06972166
2663;6.047;7.64906E-11;2.44482E-08;0.10113659
2664;6.601;9.12171E-11;2.83403E-08;0.08177833
2665;6.775;9.34137E-11;2.86784E-08;0.02650455
2666;6.554;8.64543E-11;2.63872E-08;0.00791265
2667;6.308;7.72406E-11;2.35638E-08;0.00697622
2668;6.182;6.84658E-11;2.09448E-08;0.00566471
2669;6.134;6.08286E-11;1.87063E-08;0.00377519
2670;6.115;5.43767E-11;1.68371E-08;0.00377284
2671;6.108;4.90038E-11;1.52923E-08;0.00381731
2672;6.123;4.45555E-11;1.40218E-08;0.0038376
2673;6.13;4.06035E-11;1.28805E-08;0.00385793
2674;6.111;3.73197E-11;1.19357E-08;0.00426668
2675;6.095;3.38536E-11;1.08948E-08;0.00431771
2676;6.095;3.10994E-11;1.0072E-08;0.0051001
2677;6.123;2.88045E-11;9.39152E-09;0.00289013
2678;6.167;2.69446E-11;8.84583E-09;0.00217951
2679;6.198;2.5776E-11;8.53303E-09;0.00298127
2680;6.244;2.4371E-11;8.11662E-09;0.00452602
2681;6.304;2.32337E-11;7.781E-09;0.00455033
2682;6.401;2.31499E-11;7.59227E-09;0.00624676
2683;6.552;2.50802E-11;8.19731E-09;0.0155023
2684;6.74;3.20786E-11;1.03186E-08;0.05829226
2685;7.11;4.24088E-11;1.32806E-08;0.07293633
2686;7.45;5.42573E-11;1.64322E-08;0.0784288
2687;7.665;6.29479E-11;1.85275E-08;0.05766899
2688;7.7;6.85747E-11;1.96903E-08;0.05060198
2689;7.68;6.99695E-11;1.97055E-08;0.03439038
2690;7.565;6.55283E-11;1.82596E-08;0.01484065
2691;7.43;5.99743E-11;1.6634E-08;0.01126238
2692;7.36;5.44124E-11;1.50627E-08;0.01038455
2693;7.335;4.94097E-11;1.3677E-08;0.00969883
2694;7.34;4.50267E-11;1.24798E-08;0.00880792
2695;7.38;4.12284E-11;1.14618E-08;0.00517712
2696;7.455;3.79593E-11;1.05935E-08;0.00354102
2697;7.535;3.51491E-11;9.85272E-09;0.00353847
2698;7.615;3.27432E-11;9.21756E-09;0.00459229
2699;7.62;3.06266E-11;8.65082E-09;0.00733972
2700;7.515;2.87218E-11;8.12308E-09;0.01290966
2701;7.335;2.70175E-11;7.63018E-09;0.02078461
2702;6.831;2.52709E-11;7.11056E-09;0.02073105
2703;6.467;2.3797E-11;6.65736E-09;0.02398135
2704;6.248;2.25524E-11;6.26648E-09;0.0230806
2705;6.026;2.18512E-11;5.87978E-09;0.02397468
2706;5.913;2.87967E-11;6.74568E-09;0.10368172
2707;6.172;4.06835E-11;8.78687E-09;0.12152279
2708;6.48;5.08436E-11;1.04574E-08;0.07467181
2709;6.512;6.38473E-11;1.26252E-08;0.10964009
2710;6.751;7.70665E-11;1.48075E-08;0.10451957
2711;7.073;1.0174E-10;1.87782E-08;0.20353366
2712;7.39;1.10504E-10;2.01233E-08;0.05847846
2713;7.075;1.11723E-10;2.02736E-08;0.05123837
2714;6.835;1.05773E-10;1.91627E-08;0.02369349
2715;6.543;9.57434E-11;1.7359E-08;0.01682773
2716;6.344;8.60703E-11;1.56768E-08;0.01530733
2717;6.187;7.66997E-11;1.40342E-08;0.01156908
2718;5.911;6.86988E-11;1.26449E-08;0.01750352
2719;5.569;6.12761E-11;1.13448E-08;0.00996655
2720;5.264;5.48478E-11;1.02016E-08;0.01462863
2721;5.366;4.97474E-11;9.2958E-09;0.014285
2722;5.186;4.49709E-11;8.43837E-09;0.01450225
2723;5.139;4.09498E-11;7.71727E-09;0.01267475
2724;5.121;3.74473E-11;7.08863E-09;0.01177608
2725;4.985;3.4288E-11;6.51389E-09;0.01395012
2726;5.139;3.17605E-11;6.05412E-09;0.01317451
2727;5.3;2.95471E-11;5.64629E-09;0.01663356
2728;5.352;2.75011E-11;5.26633E-09;0.01574638
2729;5.352;2.57616E-11;4.94452E-09;0.01579714
2730;5.389;2.73189E-11;4.79009E-09;0.04096296
2731;5.633;3.53374E-11;6.03158E-09;0.0830657
2732;6.088;4.94635E-11;8.25415E-09;0.1241512
2733;6.603;6.58335E-11;1.08573E-08;0.11931118
2734;6.82;8.38825E-11;1.37522E-08;0.13189344
2735;7.08;1.02423E-10;1.68137E-08;0.13138308
2736;7.095;1.10054E-10;1.82561E-08;0.06120697
2737;6.906;1.0914E-10;1.83021E-08;0.03709485
2738;6.557;1.00872E-10;1.69692E-08;0.01939614
2739;6.2;9.07462E-11;1.53433E-08;0.01460304
2740;5.907;8.10165E-11;1.37716E-08;0.01546896
2741;5.665;7.20968E-11;1.23366E-08;0.00844929
2742;5.577;6.44046E-11;1.11009E-08;0.00616955
2743;5.549;5.77508E-11;1.00218E-08;0.01048487
2744;5.49;5.18896E-11;9.06093E-09;0.0123083
2745;5.473;4.67855E-11;8.22161E-09;0.00918401
2746;5.494;4.23505E-11;7.48752E-09;0.00927612
2747;5.548;3.84751E-11;6.84244E-09;0.00857881
2748;5.715;3.5102E-11;6.28459E-09;0.00835506
2749;5.394;3.17154E-11;5.71918E-09;0.00413527
2750;5.056;2.87483E-11;5.22016E-09;0.00294581
2751;5.005;2.59128E-11;4.72271E-09;0.00521134
2752;4.871;2.37797E-11;4.35917E-09;0.00716326
2753;4.558;2.26806E-11;3.98428E-09;0.01305239
2754;4.267;2.83396E-11;4.98742E-09;0.06792922
2755;4.527;4.23686E-11;7.27964E-09;0.16908805
2756;5.145;6.78559E-11;1.10634E-08;0.26877165
2757;5.881;8.70952E-11;1.42072E-08;0.10783486
2758;5.818;1.12548E-10;1.82507E-08;0.21558356
2759;6.07;1.33994E-10;2.18891E-08;0.16543247
2760;5.799;1.54084E-10;2.54057E-08;0.18486879
2761;5.293;1.59221E-10;2.66366E-08;0.10431992
2762;4.402;1.51353E-10;2.55865E-08;0.05970006
2763;3.311;1.33716E-10;2.2752E-08;0.02617688
2764;2.478;1.17169E-10;2.00968E-08;0.02052905
2765;2.263;1.03707E-10;1.79436E-08;0.01847825
2766;2.129;9.16452E-11;1.60185E-08;0.01014021
2767;2.028;8.09782E-11;1.43126E-08;0.00717141
2768;1.909;7.16393E-11;1.28173E-08;0.00598553
2769;1.804;6.34852E-11;1.14984E-08;0.00684829
2770;1.711;5.63014E-11;1.03178E-08;0.00782977
2771;1.597;5.01004E-11;9.29548E-09;0.00740717
2772;1.461;4.46875E-11;8.39361E-09;0.00769933
2773;1.315;3.99691E-11;7.59858E-09;0.0085624
2774;1.205;3.5858E-11;6.89853E-09;0.00909843
2775;1.09;3.2227E-11;6.27364E-09;0.00792889
2776;0.992;2.88857E-11;5.68546E-09;0.00769729
2777;0.926;2.6766E-11;5.1195E-09;0.01215525
2778;0.915;3.07396E-11;5.9228E-09;0.04544969
2779;0.937;3.78732E-11;7.38732E-09;0.06577031
2780;0.972;4.60349E-11;9.11945E-09;0.06511372
2781;1.001;5.40808E-11;1.0964E-08;0.05119024
2782;1.027;6.0366E-11;1.25762E-08;0.0383958
2783;1.029;6.37645E-11;1.36642E-08;0.02552251
2784;1.033;6.50797E-11;1.4342E-08;0.01934734
2785;1.043;6.32159E-11;1.42672E-08;0.0095239
2786;1.048;5.93708E-11;1.36753E-08;0.00499108
2787;1.059;5.36936E-11;1.25589E-08;0.00207057
2788;1.085;4.82416E-11;1.14535E-08;0.00209109
2789;1.11;4.3104E-11;1.03834E-08;0.00153961
2790;1.126;3.84124E-11;9.38674E-09;0.00154399
2791;1.134;3.42088E-11;8.47924E-09;0.00155943
2792;1.155;3.03127E-11;7.61569E-09;0.00103525
2793;1.16;2.69057E-11;6.85205E-09;0.00103051
2794;1.162;2.39177E-11;6.17463E-09;0.00105311
2795;1.165;2.1327E-11;5.58143E-09;0.00105531
2796;1.167;1.90567E-11;5.05596E-09;0.00105836
2797;1.166;1.7072E-11;4.59173E-09;0.00106142
2798;1.163;1.54511E-11;4.21479E-09;0.00107183
2799;1.169;1.39594E-11;3.86019E-09;0.00160075
2800;1.168;1.26087E-11;3.53325E-09;0.00215562
2801;1.162;1.14346E-11;3.24608E-09;0.00270194
2802;1.2;1.21964E-11;3.48651E-09;0.01354784
2803;1.299;1.62856E-11;4.73853E-09;0.03532504
2804;1.518;2.2268E-11;6.59715E-09;0.0456988
2805;1.437;3.48793E-11;1.0126E-08;0.14122974
2806;2.253;5.26983E-11;1.46577E-08;0.17656959
2807;3.225;7.76785E-11;2.03447E-08;0.22949413
2808;3.925;9.51409E-11;2.43148E-08;0.13429869
2809;3.636;1.00774E-10;2.57167E-08;0.0703082
2810;2.876;9.68129E-11;2.48707E-08;0.03249407
2811;2.146;8.53529E-11;2.20625E-08;0.00990259
2812;1.527;7.39401E-11;1.92583E-08;0.00851857
2813;1.305;6.40848E-11;1.6845E-08;0.00674497
2814;1.188;5.54396E-11;1.47261E-08;0.00602285
2815;1.116;4.79337E-11;1.2883E-08;0.00421303
2816;1.061;4.15292E-11;1.12989E-08;0.00403812
2817;1.021;3.60204E-11;9.92696E-09;0.00390559
2818;0.988;3.13461E-11;8.75484E-09;0.00375623
2819;0.926;2.72945E-11;7.72759E-09;0.0037666
2820;0.832;2.37544E-11;6.81643E-09;0.00412643
2821;0.74;2.06592E-11;6.00874E-09;0.00317131
2822;0.659;1.79604E-11;5.29323E-09;0.00332227
2823;0.627;1.56689E-11;4.68064E-09;0.00351167
2824;0.561;1.36778E-11;4.14262E-09;0.00290325
2825;0.484;1.48225E-11;4.4764E-09;0.0142366
2826;0.428;2.2883E-11;6.8915E-09;0.0975704
2827;0.424;3.54719E-11;1.0454E-08;0.14885821
2828;0.449;5.38418E-11;1.5189E-08;0.2086475
2829;0.467;7.55031E-11;2.02818E-08;0.23255663
2830;0.505;8.00914E-11;2.14515E-08;0.04099811
2831;0.582;8.67861E-11;2.33695E-08;0.07539523
2832;0.615;9.6918E-11;2.61265E-08;0.12743735
2833;0.808;1.02055E-10;2.77063E-08;0.08822393
2834;0.909;9.59966E-11;2.63838E-08;0.0245557
2835;0.817;8.28078E-11;2.29851E-08;0.00532706
2836;0.727;7.01296E-11;1.96717E-08;0.00541787
2837;0.698;5.90186E-11;1.67436E-08;0.00589113
2838;0.696;4.95039E-11;1.42125E-08;0.00653561
2839;0.699;4.15199E-11;1.20714E-08;0.005461
2840;0.708;3.48506E-11;1.02665E-08;0.00536015
2841;0.694;2.93451E-11;8.76378E-09;0.00420891
2842;0.687;2.47525E-11;7.49565E-09;0.00388563
2843;0.684;2.07782E-11;6.37847E-09;0.00343326
2844;0.693;1.75052E-11;5.44883E-09;0.00344283
2845;0.69;1.48144E-11;4.67576E-09;0.00402867
2846;0.689;1.25859E-11;4.0272E-09;0.00563168
2847;0.69;1.07488E-11;3.48795E-09;0.00443145
2848;0.668;9.19673E-12;3.02646E-09;0.0045372
2849;0.66;8.66047E-12;2.83635E-09;0.0084311
2850;0.68;1.48915E-11;4.92572E-09;0.05055804
2851;0.718;2.32862E-11;7.76329E-09;0.06450861
2852;0.76;3.70022E-11;1.22002E-08;0.13194025
2853;0.872;5.47385E-11;1.75597E-08;0.17666358
2854;1.49;7.76207E-11;2.38837E-08;0.22533687
2855;2.627;9.50442E-11;2.86385E-08;0.1514058
2856;3.109;1.15778E-10;3.39679E-08;0.2170345
2857;3.324;1.2283E-10;3.58205E-08;0.12049096
2858;2.611;1.13626E-10;3.32658E-08;0.05314179
2859;1.75;9.34691E-11;2.75512E-08;0.00801338
2860;1.157;7.56137E-11;2.24746E-08;0.00787138
2861;1.005;6.15236E-11;1.84762E-08;0.0075702
2862;0.905;4.98892E-11;1.51486E-08;0.00823617
2863;0.826;4.05324E-11;1.24541E-08;0.00984965
2864;0.741;3.29538E-11;1.02567E-08;0.00577859
2865;0.64;2.68423E-11;8.46752E-09;0.00476561
2866;0.527;2.16137E-11;6.90969E-09;0.00376091
2867;0.411;1.74884E-11;5.66834E-09;0.00296133
2868;0.313;1.41524E-11;4.65184E-09;0.00260327
2869;0.234;1.14523E-11;3.81857E-09;0.00217575
2870;0.153;9.20577E-12;3.11418E-09;0.00215124
2871;0.056;7.37326E-12;2.53085E-09;0.00181021
2872;0;5.84962E-12;2.03752E-09;0.00207308
2873;0;6.67416E-12;2.32254E-09;0.01006316
2874;0;2.26322E-11;7.74579E-09;0.16300422
2875;0;5.65374E-11;1.80438E-08;0.34842936
2876;0;1.06928E-10;3.08979E-08;0.48738926
2877;0.005;1.68193E-10;4.40434E-08;0.60091526
2878;0.094;2.14748E-10;5.35216E-08;0.46815798
2879;0.637;2.47799E-10;6.05807E-08;0.38041464
2880;1.937;2.62838E-10;6.4289E-08;0.26871926
2881;2.154;2.42792E-10;6.00915E-08;0.13638256
2882;1.449;1.94154E-10;4.86947E-08;0.03600752
2883;0.814;1.45273E-10;3.68317E-08;0.00941309
2884;0.67;1.08797E-10;2.78869E-08;0.00897126
2885;0.598;8.15172E-11;2.11352E-08;0.00736449
2886;0.549;6.15662E-11;1.61516E-08;0.00625235
2887;0.505;4.63923E-11;1.23219E-08;0.00497102
2888;0.442;3.50882E-11;9.43655E-09;0.00489919
2889;0.367;2.62747E-11;7.1542E-09;0.00443475
2890;0.302;1.98161E-11;5.46302E-09;0.00591599
2891;0.238;1.49799E-11;4.18181E-09;0.00584709
2892;0.158;1.12382E-11;3.1773E-09;0.00572866
2893;0.044;8.34475E-12;2.3896E-09;0.00484407
2894;0;6.15777E-12;1.78622E-09;0.00425691
2895;0;4.51141E-12;1.32587E-09;0.00411343
2896;0;3.27659E-12;9.7578E-10;0.0037811
2897;0;1.06395E-11;3.17955E-09;0.02488665
2898;0;3.36533E-11;1.00361E-08;0.14094302
2899;0;6.80114E-11;1.97429E-08;0.26569503
2900;0;1.07547E-10;3.00453E-08;0.32645864
2901;0;1.41302E-10;3.83578E-08;0.29962862
2902;0.029;1.71764E-10;4.55802E-08;0.32213764
2903;0.191;1.91284E-10;5.01659E-08;0.27257114
2904;0.611;1.98528E-10;5.1957E-08;0.20861972
2905;0.717;1.86619E-10;4.91425E-08;0.12752472
2906;0.37;1.53476E-10;4.07838E-08;0.05023926
2907;0.314;1.13307E-10;3.03687E-08;0.01586751
2908;0.302;8.15997E-11;2.20699E-08;0.01367977
2909;0.281;5.862E-11;1.60121E-08;0.01293079
2910;0.24;4.2446E-11;1.17179E-08;0.01326056
2911;0.19;3.04369E-11;8.49347E-09;0.01282564
2912;0.111;2.14838E-11;6.05923E-09;0.01256888
2913;0.035;1.52519E-11;4.34911E-09;0.01099407
2914;0.024;1.08219E-11;3.12114E-09;0.00920083
2915;0;7.58559E-12;2.21336E-09;0.00780377
2916;0;5.18946E-12;1.53208E-09;0.0087829
2917;0;3.49112E-12;1.04314E-09;0.00701351
2918;0;2.281E-12;6.8986E-10;0.00781221
2919;0;1.40421E-12;4.2993E-10;0.00710217
2920;0;7.59573E-13;2.35464E-10;0.00668739
2921;0;3.31383E-12;1.01861E-09;0.01798323
2922;0;1.68219E-11;5.21909E-09;0.03883989
2923;0;3.32798E-11;1.04267E-08;0.05791226
2924;0;5.63263E-11;1.77122E-08;0.11264142
2925;0.024;1.04111E-10;3.17564E-08;0.33203261
2926;0.118;1.50885E-10;4.43316E-08;0.36029954
2927;0.457;1.86827E-10;5.33989E-08;0.32923212
2928;1.829;2.0208E-10;5.7252E-08;0.22132815
2929;2.093;1.80529E-10;5.14126E-08;0.09751029
2930;1.326;1.39173E-10;3.99376E-08;0.04127846
2931;0.614;9.55504E-11;2.76424E-08;0.01243869
2932;0.513;6.5637E-11;1.91555E-08;0.01420595
2933;0.49;4.52279E-11;1.33263E-08;0.01608565
2934;0.485;3.11377E-11;9.26668E-09;0.01953367
2935;0.488;2.12898E-11;6.40155E-09;0.01594394
2936;0.444;1.47484E-11;4.4834E-09;0.01157068
2937;0.447;1.0238E-11;3.14857E-09;0.00657758
2938;0.473;7.1883E-12;2.23759E-09;0.00405971
2939;0.559;5.11678E-12;1.61286E-09;0.00285216
2940;0.702;3.94441E-12;1.25956E-09;0.00250468
2941;0.919;3.35196E-12;1.08489E-09;0.00171092
2942;1.119;3.18783E-12;1.0462E-09;0.00174137
2943;1.328;3.28156E-12;1.09251E-09;0.0013384
2944;1.473;3.4994E-12;1.18221E-09;0.00136242
2945;1.625;3.49202E-12;1.18619E-09;0.00225965
2946;2.062;1.69695E-11;5.80866E-09;0.02382271
2947;2.909;3.51369E-11;1.22314E-08;0.03315816
2948;3.756;5.90631E-11;2.08783E-08;0.0676871
2949;4.885;7.91036E-11;2.8394E-08;0.07017617
2950;6.453;1.01193E-10;3.67554E-08;0.10011658
2951;6.678;1.10752E-10;4.07037E-08;0.08480595
2952;6.566;1.0036E-10;3.75209E-08;0.03264877
2953;6.341;8.14945E-11;3.10575E-08;0.01102694
2954;5.78;6.227E-11;2.41853E-08;0.00382338
2955;5.331;4.7407E-11;1.87647E-08;0.00197529
2956;5.219;3.49658E-11;1.4101E-08;0.00055738
2957;5.331;2.71294E-11;1.11573E-08;0.00056511
2958;4.995;2.15481E-11;9.03802E-09;0.0005581
2959;5.107;1.7696E-11;7.57509E-09;0.00056584
2960;4.882;1.52028E-11;6.64291E-09;0.00056136
2961;4.321;1.30413E-11;5.81267E-09;0.00054805
2962;4.434;1.18869E-11;5.40763E-09;0.0006355
2963;4.209;1.08263E-11;5.02471E-09;0.00315289
2964;4.77;1.06842E-11;5.06489E-09;0.00459843
2965;5.107;1.07381E-11;5.20424E-09;0.0040507
2966;5.219;1.07364E-11;5.32162E-09;0.0041101
2967;5.668;1.09175E-11;5.54059E-09;0.00496723
2968;5.443;1.07226E-11;5.56977E-09;0.00352429
2969;6.005;1.13432E-11;5.97916E-09;0.00444466
2970;6.453;1.84802E-11;9.97262E-09;0.01660266
2971;6.902;2.53116E-11;1.40038E-08;0.01817591
2972;7.575;3.71961E-11;2.09864E-08;0.04400809
2973;7.014;4.10568E-11;2.3372E-08;0.04703868
2974;9.595;7.27588E-11;3.8124E-08;0.2643152
2975;9.034;1.0217E-10;4.77088E-08;0.31299586
2976;9.483;1.17481E-10;5.11519E-08;0.2143893
2977;8.473;1.18296E-10;4.93751E-08;0.16674708
2978;6.902;9.53708E-11;3.9274E-08;0.06140096
2979;5.78;6.83245E-11;2.82506E-08;0.02339535
2980;4.209;4.76909E-11;1.98923E-08;0.01335347
2981;3.536;3.45973E-11;1.45988E-08;0.01351372
2982;4.321;2.66487E-11;1.14127E-08;0.01222981
2983;4.882;2.15012E-11;9.36966E-09;0.01344236
2984;4.658;1.75404E-11;7.78232E-09;0.01333488
2985;3.76;1.40967E-11;6.36266E-09;0.01067943
2986;3.873;1.21425E-11;5.58078E-09;0.00949564
2987;4.097;1.0986E-11;5.14571E-09;0.0110644
2988;4.77;1.07548E-11;5.14226E-09;0.01232723
2989;4.321;9.93057E-12;4.84429E-09;0.01063998
2990;4.546;9.65567E-12;4.80988E-09;0.00868242
2991;5.107;9.79303E-12;4.98951E-09;0.00829119
2992;5.107;9.69444E-12;5.05269E-09;0.00828907
2993;5.556;1.17129E-11;5.84625E-09;0.03043105
2994;6.117;2.9212E-11;1.439E-08;0.09043471
2995;7.014;5.28343E-11;2.52443E-08;0.14628198
2996;4.546;5.90958E-11;2.79135E-08;0.07282505
2997;6.566;7.97581E-11;3.67505E-08;0.14545328
2998;5.78;9.04475E-11;4.06582E-08;0.1376823
2999;6.902;9.98682E-11;4.39666E-08;0.13504285
3000;6.678;1.06512E-10;4.58715E-08;0.14599249
3001;6.902;9.81364E-11;4.19835E-08;0.08249989
3002;6.79;8.20933E-11;3.52038E-08;0.04813828
3003;6.229;6.03911E-11;2.62269E-08;0.01554947
3004;5.668;4.40684E-11;1.94297E-08;0.01274172
3005;5.443;3.29228E-11;1.47648E-08;0.0110673
3006;6.341;2.67433E-11;1.22417E-08;0.0151312
3007;6.902;2.27336E-11;1.06499E-08;0.01314232
3008;5.42727273;1.81301E-11;8.66867E-09;0.00869366
3009;5.53636364;1.55669E-11;7.60776E-09;0.00532413
3010;5.65454546;1.42731E-11;7.13895E-09;0.00374804
3011;5.80606061;1.30445E-11;6.68211E-09;0.00294831
3012;5.97272727;1.38438E-11;7.28573E-09;0.00206296
3013;6.15454546;1.26588E-11;6.83288E-09;0.00322347
3014;6.32424242;1.19641E-11;6.6287E-09;0.00322674
3015;6.52727273;1.16071E-11;6.60733E-09;0.00214224
3016;6.72727273;1.14467E-11;6.69801E-09;0.00326068
3017;6.9030303;1.13539E-11;6.66984E-09;0.00903723
3018;7.06060606;2.01922E-11;1.1693E-08;0.04759091
3019;7.2;3.74108E-11;2.11263E-08;0.11460074
3020;7.3;5.38917E-11;2.93456E-08;0.13104631
3021;7.37272727;7.37297E-11;3.7626E-08;0.19579965
3022;7.48181818;9.04393E-11;4.33479E-08;0.19560228
3023;7.54545455;1.08454E-10;4.86821E-08;0.22873225
3024;7.62727273;1.27542E-10;5.36848E-08;0.25603648
3025;7.68787879;1.17891E-10;4.85964E-08;0.10996158
3026;7.75454545;9.13856E-11;3.76288E-08;0.04002968
3027;7.81515152;6.72502E-11;2.80893E-08;0.02212025
3028;7.87272727;5.01425E-11;2.13558E-08;0.01632802
3029;7.94242424;3.88805E-11;1.69556E-08;0.00770665
3030;8.02727273;3.11817E-11;1.39491E-08;0.00453482
3031;8.12424242;2.62247E-11;1.20551E-08;0.00341019
3032;8.2030303;2.2951E-11;1.0851E-08;0.00585234
3033;8.27272727;2.05913E-11;1.00217E-08;0.00590679
3034;8.35757576;1.86483E-11;9.34548E-09;0.00733363
3035;8.45151515;1.7702E-11;9.14404E-09;0.00730108
3036;8.55454545;1.70487E-11;9.0851E-09;0.00488076
3037;8.64545454;1.65126E-11;9.0824E-09;0.00492357
3038;8.73030303;1.59741E-11;9.07112E-09;0.00628382
3039;8.80909091;1.54931E-11;9.08307E-09;0.00771518
3040;8.8969697;1.51367E-11;9.15966E-09;0.00920879
3041;8.98787879;1.52737E-11;9.00263E-09;0.01556028
3042;9.08181818;2.07832E-11;1.23753E-08;0.03057738
3043;9.16969697;3.1289E-11;1.84712E-08;0.07366848
3044;9.24545454;4.51608E-11;2.61045E-08;0.10012169
3045;9.3;5.47758E-11;3.10396E-08;0.09207872
3046;9.33333333;6.14813E-11;3.41142E-08;0.09317058
3047;9.35454546;6.98105E-11;3.76319E-08;0.11523629
3048;9.35454546;6.49153E-11;3.48457E-08;0.04965327
3049;9.34545455;5.72206E-11;3.08151E-08;0.03643722
3050;9.35151515;4.79644E-11;2.61793E-08;0.0165233
3051;9.35454546;3.83791E-11;2.14081E-08;0.00500129
3052;9.36060606;3.113E-11;1.77846E-08;0.00669049
3053;9.38787879;2.64046E-11;1.54801E-08;0.00675359
3054;9.41818182;2.26071E-11;1.36118E-08;0.00673089
3055;9.48484849;2.00384E-11;1.24E-08;0.00679744
3056;9.54848485;1.82135E-11;1.15928E-08;0.00508282
3057;9.61212121;1.68644E-11;1.10298E-08;0.01040019
3058;9.66969697;1.59256E-11;1.07143E-08;0.00638295
3059;9.73939394;1.51473E-11;1.04867E-08;0.00480451
3060;9.8030303;1.452E-11;1.03457E-08;0.00321487
3061;9.86666667;1.4004E-11;1.02645E-08;0.00324778
3062;9.93636364;1.35617E-11;1.0217E-08;0.00332194
3063;10.00909091;1.31916E-11;1.01993E-08;0.005099
3064;10.07575758;1.29752E-11;1.0288E-08;0.00341212
3065;10.15151515;1.40906E-11;1.06965E-08;0.00631331
3066;10.2;1.87222E-11;1.41963E-08;0.03018598
3067;10.21515152;2.73804E-11;1.99021E-08;0.07741307
3068;10.19090909;3.92073E-11;2.63478E-08;0.11833059
3069;10.11515152;6.50693E-11;3.55264E-08;0.29604743
3070;10.05151515;9.36603E-11;4.26086E-08;0.32416997
3071;9.95454545;1.19866E-10;4.77885E-08;0.3088119
3072;9.82121212;1.38052E-10;5.03856E-08;0.27105507
3073;9.67575758;1.581E-10;5.34248E-08;0.30885753
3074;9.53333333;1.37314E-10;4.56014E-08;0.09044879
3075;9.3969697;1.08189E-10;3.63707E-08;0.02763877
3076;9.26363636;8.46674E-11;2.90109E-08;0.01584775
3077;9.13636364;6.76583E-11;2.3694E-08;0.01815398
3078;9.00909091;5.50967E-11;1.97442E-08;0.020391
3079;8.87878788;4.60307E-11;1.68888E-08;0.02488207
3080;8.76363636;3.93896E-11;1.48024E-08;0.02339599
3081;8.65454545;3.44825E-11;1.32697E-08;0.02497163
3082;8.55454545;3.06946E-11;1.20763E-08;0.03032399
3083;8.46969697;2.77874E-11;1.11818E-08;0.02445054
3084;8.42121212;2.55072E-11;1.04968E-08;0.02326211
3085;8.39393939;2.37007E-11;9.96983E-09;0.02483127
3086;8.38787879;2.22406E-11;9.56864E-09;0.02017467
3087;8.37575758;2.10359E-11;9.24542E-09;0.02394636
3088;8.34545455;1.97302E-11;8.92736E-09;0.02444284
3089;8.3030303;2.14774E-11;8.84301E-09;0.0565671
3090;8.27272727;2.77863E-11;1.11068E-08;0.06976318
3091;8.23333333;3.53771E-11;1.37328E-08;0.0896063
3092;8.18181818;4.60827E-11;1.73175E-08;0.12200481
3093;8.14545454;5.54911E-11;2.03257E-08;0.10271214
3094;8.11212121;6.18939E-11;2.24065E-08;0.07587511
3095;8.05454545;6.62303E-11;2.3948E-08;0.0653357
3096;7.97272727;6.62399E-11;2.4188E-08;0.03256165
3097;7.88484849;6.34641E-11;2.35149E-08;0.02130809
3098;7.76363636;5.78341E-11;2.17459E-08;0.01378483
3099;7.65757576;5.05134E-11;1.92871E-08;0.00586144
3100;7.53636364;4.39357E-11;1.70246E-08;0.01806573
3101;7.3969697;3.83363E-11;1.50681E-08;0.02207655
3102;7.30606061;3.36729E-11;1.34122E-08;0.02889102
3103;7.16666667;2.98732E-11;1.20496E-08;0.03324838
3104;7.04848485;2.68392E-11;1.09537E-08;0.03481298
3105;6.96969697;2.43786E-11;1.00652E-08;0.03359488
3106;6.91515151;2.23508E-11;9.33297E-09;0.03161089
3107;6.89090909;2.07147E-11;8.75704E-09;0.02743127
3108;6.87575758;1.93467E-11;8.29399E-09;0.02058978
3109;6.87575758;1.82005E-11;7.89667E-09;0.0306405
3110;6.84545454;1.72021E-11;7.56007E-09;0.02439724
3111;6.84545454;1.63283E-11;7.27312E-09;0.01732602
3112;6.82424242;1.55985E-11;7.01729E-09;0.03583001
3113;6.73939394;1.96336E-11;7.22797E-09;0.1177813
3114;6.71515151;3.05042E-11;9.96329E-09;0.21295824
3115;6.67272727;5.59567E-11;1.55769E-08;0.42231904
3116;6.59393939;9.10592E-11;2.22448E-08;0.44696441
3117;6.49393939;1.31914E-10;2.94227E-08;0.45806669
3118;6.36363636;1.77636E-10;3.69642E-08;0.5074433
3119;6.2030303;2.07503E-10;4.21714E-08;0.32941133
3120;6.05151515;2.05808E-10;4.19758E-08;0.12572107
3121;5.90606061;2.07902E-10;4.25099E-08;0.22404395
3122;5.74848485;2.01036E-10;4.11191E-08;0.18872473
3123;5.59393939;1.72534E-10;3.55392E-08;0.05032415
3124;5.43939394;1.43986E-10;2.99455E-08;0.04831116
3125;5.25757576;1.19416E-10;2.51116E-08;0.04568395
3126;5.06969697;9.94908E-11;2.11684E-08;0.04601851
3127;4.86363636;8.35149E-11;1.79823E-08;0.04506761
3128;4.65757576;7.06712E-11;1.54072E-08;0.03885447
3129;4.47878788;6.03829E-11;1.33366E-08;0.03461181
3130;4.33636364;5.21539E-11;1.16717E-08;0.03281373
3131;4.25151515;4.5646E-11;1.03521E-08;0.0351265
3132;4.20909091;4.00637E-11;9.21146E-09;0.02547442
3133;4.21515151;3.56283E-11;8.30261E-09;0.03090917
3134;4.29393939;3.21057E-11;7.58737E-09;0.02830625
3135;4.37878788;2.92681E-11;7.01867E-09;0.0258675
3136;4.5;2.70054E-11;6.57292E-09;0.0263568
3137;4.6030303;3.15274E-11;6.95519E-09;0.11126041
3138;4.67272727;5.49064E-11;1.1543E-08;0.29305798
3139;4.67575758;9.41511E-11;1.88614E-08;0.43335149
3140;4.60909091;1.44733E-10;2.78646E-08;0.52134735
3141;4.50909091;2.04362E-10;3.80576E-08;0.62441288
3142;4.39090909;2.68698E-10;4.87612E-08;0.71463841
3143;4.31818182;3.21127E-10;5.77361E-08;0.63111584
3144;4.23030303;3.43977E-10;6.22654E-08;0.4501602
3145;4.16969697;3.40552E-10;6.26108E-08;0.3180012
3146;4.13333333;2.9454E-10;5.49429E-08;0.10357175
3147;4.02121212;2.36302E-10;4.45349E-08;0.04117601
3148;3.91818182;1.86247E-10;3.55075E-08;0.0307942
3149;3.81818182;1.46983E-10;2.83658E-08;0.02742701
3150;3.74242424;1.17015E-10;2.28583E-08;0.03215631
3151;3.7;9.45761E-11;1.86966E-08;0.03557526
3152;3.67878788;7.76054E-11;1.55312E-08;0.03237911
3153;3.66363636;6.45737E-11;1.31063E-08;0.01685543
3154;3.66666667;5.46212E-11;1.12573E-08;0.01077569
3155;3.7;4.66894E-11;9.77541E-09;0.00854815
3156;3.75151515;4.06471E-11;8.65195E-09;0.00731317
3157;3.82121212;3.6009E-11;7.79615E-09;0.00657721
3158;3.93333333;3.24059E-11;7.1401E-09;0.00579013
3159;4.07272727;2.97362E-11;6.6708E-09;0.00592514
3160;4.22424242;2.76567E-11;6.32132E-09;0.00486943
3161;4.4;2.86107E-11;6.5051E-09;0.0135181
3162;4.55454546;3.573E-11;8.2655E-09;0.02949065
3163;4.65757576;5.32324E-11;1.25841E-08;0.08339026
3164;4.6969697;7.72329E-11;1.86418E-08;0.13071646
3165;4.68181818;9.74883E-11;2.40875E-08;0.11155094
3166;4.64545454;1.18851E-10;2.99326E-08;0.15060523
3167;4.57575758;1.34005E-10;3.43847E-08;0.13883468
3168;4.48181818;1.34324E-10;3.52004E-08;0.07614502
3169;4.37878788;1.2009E-10;3.20822E-08;0.02931831
3170;4.27878788;1.01394E-10;2.75742E-08;0.01375323
3171;4.14242424;8.23863E-11;2.27965E-08;0.00554442
3172;4.02121212;6.65779E-11;1.87477E-08;0.00535478
3173;3.93333333;5.42205E-11;1.55375E-08;0.00916986
3174;3.85454545;4.47428E-11;1.30407E-08;0.01569426
3175;3.76969697;3.75655E-11;1.11354E-08;0.01566791
3176;3.66666667;3.19953E-11;9.64411E-09;0.01694217
3177;3.53636364;2.73004E-11;8.36775E-09;0.01391994
3178;3.47272727;2.37979E-11;7.42825E-09;0.00766865
3179;3.44242424;2.11345E-11;6.72488E-09;0.00476591
3180;3.4969697;1.90527E-11;6.18171E-09;0.00473004
3181;3.59090909;1.74291E-11;5.76962E-09;0.00393808
3182;3.75151515;1.62661E-11;5.49731E-09;0.00388301
3183;3.93939394;1.54443E-11;5.33184E-09;0.00390618
3184;4.10606061;1.49213E-11;5.15387E-09;0.00719499
3185;4.27575758;2.67257E-11;9.04406E-09;0.0987373
3186;4.43030303;5.44386E-11;1.72649E-08;0.27849983
3187;4.51515152;1.17506E-10;3.22513E-08;0.64417252
3188;4.55454546;1.95121E-10;4.78036E-08;0.69225994
3189;4.53636364;2.90305E-10;6.45981E-08;0.90275508
3190;4.47878788;3.78399E-10;7.87909E-08;0.93875815
3191;4.4;4.35409E-10;8.7866E-08;0.79353692
3192;4.27878788;4.52982E-10;9.05231E-08;0.59841078
3193;4.15757576;4.27735E-10;8.57177E-08;0.39071084
3194;4.02121212;3.52091E-10;7.11175E-08;0.14653524
3195;3.91515151;2.5703E-10;5.20858E-08;0.03323516
3196;3.8030303;1.85059E-10;3.76276E-08;0.02461492
3197;3.71212121;1.36071E-10;2.77673E-08;0.02341099
3198;3.63636364;1.02723E-10;2.10384E-08;0.02485419
3199;3.56060606;7.98636E-11;1.64212E-08;0.02201087
3200;3.47575758;6.40327E-11;1.32209E-08;0.0209427
3201;3.38484849;5.13204E-11;1.06339E-08;0.01988335
3202;3.3;4.30981E-11;8.95924E-09;0.0259939
3203;3.24545454;3.82897E-11;7.995E-09;0.01984068
3204;3.27878788;3.23696E-11;6.78052E-09;0.01887088
3205;3.37272727;2.88307E-11;6.06227E-09;0.01791031
3206;3.50909091;2.67037E-11;5.63867E-09;0.0147584
3207;3.68181818;2.55139E-11;5.41285E-09;0.01263791
3208;3.90606061;2.49567E-11;5.32278E-09;0.00978892
3209;4.10909091;3.8511E-11;8.076E-09;0.041452
3210;4.30606061;5.79998E-11;1.22592E-08;0.03923967
3211;4.4;8.53889E-11;1.82569E-08;0.07273231
3212;4.48484848;1.21869E-10;2.62928E-08;0.13638417
3213;4.48787879;1.69418E-10;3.64434E-08;0.25106334
3214;4.46363636;2.33616E-10;4.92194E-08;0.42409418
3215;4.39090909;3.04114E-10;6.23752E-08;0.54180269
3216;4.27272727;3.45296E-10;6.9846E-08;0.46048099
3217;4.14848485;3.37407E-10;6.83865E-08;0.25796273
3218;4.01212121;2.90783E-10;5.94643E-08;0.11302333
3219;3.87878788;2.08434E-10;4.28308E-08;0.01777156
3220;3.7969697;1.47187E-10;3.03758E-08;0.01350291
3221;3.75757576;1.05849E-10;2.19496E-08;0.01272304
3222;3.74242424;7.8481E-11;1.63596E-08;0.01298625
3223;3.75454546;6.04175E-11;1.2663E-08;0.01416654
3224;3.76363636;4.78398E-11;1.00814E-08;0.01299312
3225;3.77575758;3.8801E-11;8.21967E-09;0.014174
3226;3.81818182;3.30301E-11;7.03373E-09;0.01573516
3227;3.90606061;2.94327E-11;6.30172E-09;0.0144853
3228;4.04848485;2.72685E-11;5.87063E-09;0.0148902
3229;4.22727273;2.60966E-11;5.65088E-09;0.01375196
3230;4.47878788;2.57226E-11;5.60324E-09;0.01385603
3231;4.71818182;2.58393E-11;5.66484E-09;0.01140232
3232;4.95454545;2.61599E-11;5.71276E-09;0.01335786
3233;5.17575758;3.83737E-11;8.32595E-09;0.03409049
3234;5.36969697;7.8585E-11;1.70195E-08;0.12804607
3235;5.54848485;1.76453E-10;3.625E-08;0.55303724
3236;5.7;2.76038E-10;5.43058E-08;0.58180938
3237;5.81212121;3.86706E-10;7.2927E-08;0.77686948
3238;5.87878788;4.49142E-10;8.31224E-08;0.5940183
3239;5.9;3.91363E-10;7.27127E-08;0.17700285
3240;5.85757576;2.88868E-10;5.40308E-08;0.04170763
3241;5.76666667;2.0612E-10;3.87954E-08;0.02599181
3242;5.6969697;1.60235E-10;3.04273E-08;0.02624657
3243;5.63939394;1.19632E-10;2.28893E-08;0.01013724
3244;5.60909091;8.78735E-11;1.69218E-08;0.00850467
3245;5.5969697;6.74596E-11;1.30781E-08;0.00707338
3246;5.55454546;5.42398E-11;1.0587E-08;0.00700122
3247;5.4969697;4.50586E-11;8.85674E-09;0.00660704
3248;5.43030303;3.91564E-11;7.75144E-09;0.00658126
3249;5.36969697;3.511E-11;6.99645E-09;0.01217681
3250;5.37272727;3.27537E-11;6.56844E-09;0.01344077
3251;5.43030303;3.13648E-11;6.32917E-09;0.0144905
3252;5.52727273;3.05675E-11;6.20789E-09;0.01276534
3253;5.67575758;3.03465E-11;6.20534E-09;0.0107756
3254;5.85151515;3.04943E-11;6.28064E-09;0.00958873
3255;6.03333333;3.12773E-11;6.49185E-09;0.00854754
3256;6.23030303;3.10362E-11;6.42679E-09;0.01151097
3257;6.44242424;7.15941E-11;1.47693E-08;0.09740069
3258;6.63939394;1.51016E-10;3.03305E-08;0.30935766
3259;6.8;2.40649E-10;4.65598E-08;0.43143518
3260;6.9030303;3.32494E-10;6.19383E-08;0.54243205
3261;6.90909091;3.86414E-10;7.03543E-08;0.4767149
3262;6.90606061;4.41629E-10;7.84593E-08;0.60842574
3263;6.83636364;4.54105E-10;7.9671E-08;0.45725251
3264;6.76363636;4.80057E-10;8.32738E-08;0.55518391
3265;6.68484848;4.577E-10;7.92834E-08;0.36439643
3266;6.66666667;3.54798E-10;6.15805E-08;0.14501687
3267;6.66969697;2.34831E-10;4.07569E-08;0.05034589
3268;6.68787879;1.5611E-10;2.71748E-08;0.03736886
3269;6.70909091;1.09378E-10;1.91119E-08;0.03909661
3270;6.73939394;8.06716E-11;1.41536E-08;0.0356488
3271;6.79090909;6.3149E-11;1.113E-08;0.02930975
3272;6.85151515;5.27347E-11;9.34385E-09;0.02443581
3273;6.94545454;4.6735E-11;8.32126E-09;0.03356137
3274;7.05757576;4.33833E-11;7.76736E-09;0.02625557
3275;7.18787879;4.15545E-11;7.48542E-09;0.02229155
3276;7.34848485;4.06192E-11;7.3658E-09;0.01916002
3277;7.53333333;4.06025E-11;7.41722E-09;0.01345569
3278;7.71515151;4.07178E-11;7.49683E-09;0.01218631
3279;7.93636364;4.10378E-11;7.61889E-09;0.01080728
3280;8.18484848;4.14462E-11;7.76226E-09;0.00945651
3281;8.43939394;4.09485E-11;7.53171E-09;0.01875444
3282;8.7030303;6.65173E-11;1.21929E-08;0.04194752
3283;8.90606061;1.19191E-10;2.19602E-08;0.10214691
3284;9.06666667;1.56979E-10;2.90797E-08;0.11078307
3285;9.18181818;1.71836E-10;3.20829E-08;0.08633249
3286;9.25757576;1.81108E-10;3.41714E-08;0.08293603
3287;9.28787879;1.88887E-10;3.5953E-08;0.09758971
3288;9.32727273;1.72712E-10;3.3191E-08;0.05539723
3289;9.34242424;1.48899E-10;2.87985E-08;0.05036204
3290;9.33333333;1.19031E-10;2.31509E-08;0.02702144
3291;9.33333333;9.10494E-11;1.78139E-08;0.02588398
3292;9.34242424;7.21893E-11;1.42155E-08;0.02106267
3293;9.37272727;6.02416E-11;1.19441E-08;0.02164159
3294;9.43333333;5.30854E-11;1.06035E-08;0.01913373
3295;9.4969697;4.86936E-11;9.78873E-09;0.02985989
3296;9.56060606;4.60466E-11;9.31062E-09;0.0346141
3297;9.64848485;4.44331E-11;9.04728E-09;0.02410419
3298;9.76666667;4.36925E-11;8.96649E-09;0.01892686
3299;9.86969697;4.32832E-11;8.95936E-09;0.0142161
3300;10.0030303;4.32468E-11;9.03394E-09;0.01194577
3301;10.16969697;4.33861E-11;9.1451E-09;0.01466199
3302;10.34242424;4.27629E-11;9.09368E-09;0.01249238
3303;10.50606061;4.31188E-11;9.25605E-09;0.01277142
3304;10.66060606;4.34889E-11;9.418E-09;0.01576967
3305;10.80909091;5.28928E-11;1.08079E-08;0.051112
3306;10.95454545;8.1835E-11;1.65401E-08;0.09087784
3307;11.09393939;1.29801E-10;2.57837E-08;0.17403704
3308;11.2030303;2.29275E-10;4.16423E-08;0.56742442
3309;11.28787879;2.95084E-10;5.12352E-08;0.41441982
3310;11.34848485;2.96942E-10;5.09063E-08;0.21250602
3311;11.3969697;2.72988E-10;4.67577E-08;0.13934713
3312;11.42727273;2.6124E-10;4.49347E-08;0.14581846
3313;11.42424242;2.36729E-10;4.09024E-08;0.10957114
3314;11.4030303;2.08743E-10;3.60247E-08;0.10833472
3315;11.36363636;1.64755E-10;2.8462E-08;0.03425368
3316;11.33333333;1.29328E-10;2.24197E-08;0.03464219
3317;11.26060606;1.0533E-10;1.83278E-08;0.03781323
3318;11.16363636;8.78916E-11;1.53221E-08;0.0475405
3319;11.03333333;7.60416E-11;1.3278E-08;0.04670206
3320;10.91212121;6.7803E-11;1.18646E-08;0.03971526
3321;10.77272727;6.1803E-11;1.0851E-08;0.02695719
3322;10.66363636;5.73835E-11;1.01143E-08;0.02099282
3323;10.59393939;5.4888E-11;9.71316E-09;0.02465428
3324;10.54545455;5.04994E-11;8.94018E-09;0.03214061
3325;10.51212121;4.93623E-11;8.71611E-09;0.06858619
3326;10.44242424;4.82421E-11;8.51138E-09;0.04702766
3327;10.32727273;4.7047E-11;8.28836E-09;0.04758966
3328;10.26666667;4.6151E-11;7.96516E-09;0.05017962
3329;10.20606061;5.1606E-11;7.88798E-09;0.12201493
3330;10.13636364;9.82802E-11;1.41739E-08;0.30591223
3331;10.05454545;1.57019E-10;2.15666E-08;0.39980987
3332;9.93636364;2.21496E-10;2.94705E-08;0.43952343
3333;9.77878788;2.47103E-10;3.3118E-08;0.19646891
3334;9.56363636;2.64103E-10;3.60061E-08;0.18807393
3335;9.35151515;3.23391E-10;4.36072E-08;0.50913764
3336;9.14242424;3.77697E-10;5.04743E-08;0.53135128
3337;8.93636364;3.60543E-10;4.83616E-08;0.24337966
3338;8.72727273;3.04681E-10;4.07481E-08;0.13080743
3339;8.51515151;2.42533E-10;3.22691E-08;0.0680816
3340;8.30606061;1.92132E-10;2.55933E-08;0.04316334
3341;8.10606061;1.5486E-10;2.06886E-08;0.02933326
3342;7.91212121;1.27098E-10;1.70162E-08;0.03209469
3343;7.72727273;1.06615E-10;1.4295E-08;0.0368661
3344;7.54242424;9.16185E-11;1.22997E-08;0.03693308
3345;7.37575758;7.8871E-11;1.05915E-08;0.03158242
3346;7.23636364;6.89943E-11;9.2691E-09;0.02619814
3347;7.11212121;6.12566E-11;8.23486E-09;0.02208759
3348;7.01212121;5.51706E-11;7.42279E-09;0.01967845
3349;6.92424242;5.03018E-11;6.77152E-09;0.01998788
3350;6.89393939;4.64281E-11;6.24724E-09;0.02537406
3351;6.93636364;4.33279E-11;5.82535E-09;0.02541556
3352;6.95151515;4.0796E-11;5.47526E-09;0.02838423
3353;6.9;5.43205E-11;6.78799E-09;0.11280647
3354;6.87575758;8.24094E-11;1.02928E-08;0.14506769
3355;6.82424242;1.44853E-10;1.79132E-08;0.39046357
3356;6.72727273;2.21704E-10;2.72298E-08;0.52161697
3357;6.61515151;3.17239E-10;3.86563E-08;0.75478711
3358;6.4969697;4.15127E-10;5.05531E-08;0.87802981
3359;6.41515151;4.45004E-10;5.56174E-08;0.44900801
3360;6.36969697;4.06605E-10;5.24279E-08;0.14881835
3361;6.25757576;3.79241E-10;5.03542E-08;0.18404757
3362;6.11515151;3.44159E-10;4.68001E-08;0.14972722
3363;5.96666667;2.73876E-10;3.75745E-08;0.04777159
3364;5.83030303;2.13326E-10;2.94993E-08;0.02024655
3365;5.70909091;1.67085E-10;2.32421E-08;0.01828162
3366;5.61212121;1.33162E-10;1.86381E-08;0.01602546
3367;5.53333333;1.08478E-10;1.5265E-08;0.02049028
3368;5.44242424;8.94813E-11;1.2646E-08;0.02023286
3369;5.35151515;7.54582E-11;1.07042E-08;0.02339992
3370;5.27272727;6.44992E-11;9.18669E-09;0.01844091
3371;5.23939394;5.60128E-11;8.0079E-09;0.01687304
3372;5.23939394;4.95511E-11;7.10992E-09;0.01688441
3373;5.23939394;4.32412E-11;6.21682E-09;0.01702688
3374;5.24848485;3.97697E-11;5.73514E-09;0.01916642
3375;5.20606061;3.69159E-11;5.34135E-09;0.0166966
3376;5.19393939;3.48586E-11;4.96443E-09;0.02116513
3377;5.14242424;4.8239E-11;6.84282E-09;0.05535654
3378;5.09090909;1.10002E-10;1.54408E-08;0.34307892
3379;5.04848485;2.04376E-10;2.79257E-08;0.67542131
3380;5;2.74366E-10;3.79536E-08;0.51723084
3381;4.92121212;3.27153E-10;4.61279E-08;0.51351452
3382;4.81212121;3.34171E-10;4.86227E-08;0.26650661
3383;4.66666667;3.23675E-10;4.86069E-08;0.19854435
3384;4.48484848;2.90034E-10;4.47206E-08;0.1162272
3385;4.33333333;2.5733E-10;4.06598E-08;0.0943135
3386;4.22121212;2.21907E-10;3.57675E-08;0.06673582
3387;4.07575758;1.74055E-10;2.82731E-08;0.03708051
3388;3.94848485;1.35307E-10;2.21355E-08;0.03229174
3389;3.83939394;1.06429E-10;1.75251E-08;0.02950167
3390;3.74242424;8.49499E-11;1.40775E-08;0.02694301
3391;3.63939394;6.86177E-11;1.14287E-08;0.03152482
3392;3.53939394;5.51783E-11;9.26871E-09;0.02799114
3393;3.43636364;4.60071E-11;7.79517E-09;0.02446888
3394;3.35454545;4.03558E-11;6.90273E-09;0.01816288
3395;3.33939394;3.59303E-11;6.20269E-09;0.01692646
3396;3.35151515;3.25373E-11;5.66891E-09;0.01493264
3397;3.36363636;2.99729E-11;5.26979E-09;0.01513795
3398;3.4030303;2.80015E-11;4.96825E-09;0.01324057
3399;3.46666667;2.65262E-11;4.74944E-09;0.01332968
3400;3.5;2.54588E-11;4.56781E-09;0.01716252
3401;3.52424242;3.20128E-11;5.72346E-09;0.06738251
3402;3.58787879;6.50577E-11;1.16317E-08;0.34882711
3403;3.63030303;1.12386E-10;2.01535E-08;0.36256527
3404;3.6030303;1.79455E-10;3.20136E-08;0.65498524
3405;3.50606061;2.61231E-10;4.62256E-08;0.8533591
3406;3.3969697;3.44739E-10;6.07971E-08;0.92301452
3407;3.28787879;3.81179E-10;6.77739E-08;0.55500305
3408;3.21818182;3.69536E-10;6.6824E-08;0.27462613
3409;3.09090909;3.6159E-10;6.65861E-08;0.39609086
3410;3.00909091;3.2181E-10;6.01229E-08;0.18688896
3411;2.90909091;2.52369E-10;4.75086E-08;0.03834155
3412;2.80909091;1.88918E-10;3.57757E-08;0.02460017
3413;2.72727273;1.40271E-10;2.67282E-08;0.01803695
3414;2.65757576;1.05311E-10;2.01978E-08;0.0184174
3415;2.6;7.96371E-11;1.53758E-08;0.01650494
3416;2.53636364;6.18551E-11;1.20347E-08;0.01413145
3417;2.48484849;4.91351E-11;9.63693E-09;0.01273969
3418;2.47878788;3.96981E-11;7.84972E-09;0.01270878
3419;2.51515151;3.28787E-11;6.55358E-09;0.01514044
3420;2.58181818;2.79273E-11;5.61135E-09;0.01742878
3421;2.65151515;2.44572E-11;4.95353E-09;0.01943798
3422;2.76363636;2.2151E-11;4.52281E-09;0.01956951
3423;2.8969697;2.06498E-11;4.25326E-09;0.01210372
3424;3.06969697;1.98512E-11;4.10111E-09;0.01409468
3425;3.13636364;2.82385E-11;5.85462E-09;0.04947102
3426;3.22121212;4.76529E-11;9.99827E-09;0.09030863
3427;3.29090909;7.77922E-11;1.6568E-08;0.15899703
3428;3.31818182;1.12372E-10;2.43027E-08;0.20302097
3429;3.32121212;1.57074E-10;3.423E-08;0.37242678
3430;3.31818182;1.99058E-10;4.33884E-08;0.43088093
3431;3.27272727;2.36881E-10;5.14004E-08;0.49920559
3432;3.2030303;2.49069E-10;5.42898E-08;0.32324971
3433;3.15454546;2.28121E-10;5.02339E-08;0.09944407
3434;3.10909091;2.088E-10;4.65776E-08;0.14922468
3435;3.01818182;1.70311E-10;3.83629E-08;0.04501008
3436;2.93030303;1.27344E-10;2.88692E-08;0.03139241
3437;2.87878788;9.36587E-11;2.13522E-08;0.03974809
3438;2.87575758;6.93915E-11;1.59125E-08;0.03642922
3439;2.89393939;5.23429E-11;1.20729E-08;0.04242382
3440;2.90909091;4.02719E-11;9.34702E-09;0.03584277
3441;2.93333333;3.21818E-11;7.52156E-09;0.02730338
3442;2.98484849;2.67677E-11;6.30651E-09;0.01616538
3443;3.04242424;2.30693E-11;5.48348E-09;0.01240079
3444;3.10909091;2.06903E-11;4.96513E-09;0.00899291
3445;3.13939394;1.91394E-11;4.63926E-09;0.00740999
3446;3.18484848;1.79128E-11;4.38746E-09;0.00584784
3447;3.25151515;1.70889E-11;4.23105E-09;0.00593775
3448;3.36969697;1.6728E-11;4.188E-09;0.00598685
3449;3.54242424;1.80533E-11;4.49358E-09;0.02444132
3450;3.72727273;2.79436E-11;6.99462E-09;0.04253273
3451;3.92727273;4.13128E-11;1.04507E-08;0.05663298
3452;4.10606061;6.16387E-11;1.58217E-08;0.09541528
3453;4.24848485;7.94797E-11;2.07174E-08;0.09408599
3454;4.37272727;9.6134E-11;2.54409E-08;0.11334443
3455;4.46060606;1.17028E-10;3.1344E-08;0.17850412
3456;4.52121212;1.2658E-10;3.42291E-08;0.12696886
3457;4.52121212;1.36711E-10;3.70902E-08;0.20689058
3458;4.61515151;1.33271E-10;3.60502E-08;0.16241449
3459;4.69090909;1.07328E-10;2.88413E-08;0.07751512
3460;4.75454545;8.08568E-11;2.1656E-08;0.0829389
3461;4.80606061;6.10993E-11;1.63571E-08;0.08281141
3462;4.85454546;4.76786E-11;1.27883E-08;0.07710009
3463;4.8969697;3.81717E-11;1.02722E-08;0.06780791
3464;4.95757576;3.19562E-11;8.64851E-09;0.04121447
3465;5.02121212;2.78682E-11;7.59819E-09;0.03177987
3466;5.10909091;2.53769E-11;6.97882E-09;0.02892622
3467;5.22424242;2.44819E-11;6.80032E-09;0.02829049
3468;5.35151515;2.34314E-11;6.5762E-09;0.02553841
3469;5.5030303;2.28047E-11;6.47245E-09;0.01897064
3470;5.71818182;2.2633E-11;6.50022E-09;0.0190318
3471;5.91212121;2.27108E-11;6.60392E-09;0.0170818
3472;6.0969697;2.30553E-11;6.79117E-09;0.01302124
3473;6.26969697;2.4735E-11;6.99207E-09;0.07767727
3474;6.43030303;4.3761E-11;1.20288E-08;0.18447601
3475;6.57878788;6.5364E-11;1.77144E-08;0.16434542
3476;6.70909091;9.12286E-11;2.43058E-08;0.26697422
3477;6.84242424;1.64298E-10;4.05511E-08;0.99969525
3478;6.98787879;2.10348E-10;4.92426E-08;0.54744183
3479;7.0969697;2.23249E-10;5.08025E-08;0.3721421
3480;7.18181818;2.09502E-10;4.70925E-08;0.23234892
3481;7.20606061;1.74403E-10;3.9126E-08;0.08353659
3482;7.18181818;1.4055E-10;3.16406E-08;0.0510743
3483;7.12727273;1.08725E-10;2.46063E-08;0.02599378
3484;7.03333333;8.4399E-11;1.92462E-08;0.0166983
3485;6.93636364;6.72087E-11;1.54637E-08;0.01438636
3486;6.85757576;5.54929E-11;1.28972E-08;0.01190373
3487;6.78484849;4.73817E-11;1.11307E-08;0.0120369
3488;6.70606061;4.1915E-11;9.95898E-09;0.00955896
3489;6.63939394;3.79085E-11;9.11532E-09;0.00711596
3490;6.60909091;3.51183E-11;8.54891E-09;0.00732405
3491;6.6030303;3.317E-11;8.17787E-09;0.00490588
3492;6.60909091;3.173E-11;7.92584E-09;0.00486764
3493;6.64545454;3.07112E-11;7.77391E-09;0.00492125
3494;6.70909091;2.99003E-11;7.67128E-09;0.00500678
3495;6.81818182;2.9407E-11;7.65041E-09;0.00249965
3496;6.94545454;3.04544E-11;8.04176E-09;0.0025749
3497;7.08181818;3.73208E-11;9.8511E-09;0.06861112
3498;7.21818182;4.86971E-11;1.29447E-08;0.08126589
3499;7.3030303;6.4498E-11;1.71676E-08;0.14193871
3500;7.34848485;8.78687E-11;2.30721E-08;0.258219
3501;7.37272727;1.18377E-10;3.01267E-08;0.37395664
3502;7.37272727;1.7483E-10;4.1289E-08;0.80060961
3503;7.2969697;2.36368E-10;5.17044E-08;0.86962897
3504;7.23636364;2.60553E-10;5.45148E-08;0.54555377
3505;7.16060606;2.58912E-10;5.2783E-08;0.43671415
3506;7.08181818;2.33384E-10;4.71319E-08;0.23785891
3507;6.99393939;1.82346E-10;3.66949E-08;0.0795095
3508;6.88484849;1.36578E-10;2.75441E-08;0.04106432
3509;6.77878788;1.04662E-10;2.12278E-08;0.03561738
3510;6.68484848;8.2533E-11;1.686E-08;0.03782137
3511;6.58787879;6.6836E-11;1.37528E-08;0.04353874
3512;6.49393939;5.60052E-11;1.16106E-08;0.04594099
3513;6.41818182;4.86085E-11;1.01576E-08;0.04269499
3514;6.43333333;4.35328E-11;9.17477E-09;0.0403593
3515;6.4969697;4.03332E-11;8.58032E-09;0.03532592
3516;6.61515151;3.83106E-11;8.23367E-09;0.02706821
3517;6.8030303;3.69716E-11;8.03233E-09;0.0251243
3518;7.03636364;3.64584E-11;8.01033E-09;0.02781607
3519;7.30606061;3.63038E-11;8.07261E-09;0.02495384
3520;7.5969697;3.6303E-11;7.97543E-09;0.0498376
3521;7.90909091;6.31469E-11;1.33333E-08;0.36079598
3522;8.17878788;1.24584E-10;2.50808E-08;0.72146137
3523;8.39090909;2.00977E-10;3.84986E-08;0.85246348
3524;8.54545455;3.32366E-10;5.90144E-08;1.71876557
3525;8.65757576;4.62912E-10;7.82965E-08;1.63311656
3526;8.75757576;5.60393E-10;9.34181E-08;1.487087
3527;8.83939394;6.13078E-10;1.02658E-07;1.34678059
3528;8.89090909;6.10877E-10;1.03824E-07;1.03257354
3529;8.91818182;5.57535E-10;9.64029E-08;0.70684043
3530;8.91212121;4.46496E-10;7.81572E-08;0.33119621
3531;8.86666667;3.12327E-10;5.51316E-08;0.09366648
3532;8.83030303;2.09796E-10;3.7367E-08;0.03844631
3533;8.81212121;1.46182E-10;2.62836E-08;0.03651817
3534;8.8030303;1.07819E-10;1.95803E-08;0.03665354
3535;8.78484848;8.35053E-11;1.53005E-08;0.0464102
3536;8.75757576;6.91537E-11;1.27892E-08;0.04337087
3537;8.75454546;6.06224E-11;1.13249E-08;0.03908681
3538;8.83030303;5.60255E-11;1.05911E-08;0.0247832
3539;8.99393939;5.36276E-11;1.02738E-08;0.01893143
3540;9.28484848;5.25883E-11;1.02225E-08;0.01644288
3541;9.62727273;5.25043E-11;1.03691E-08;0.01399534
3542;10;5.28022E-11;1.06108E-08;0.01143709
3543;10.38787879;5.17026E-11;1.05733E-08;0.00898
3544;10.80606061;5.70307E-11;1.16869E-08;0.02471398
3545;11.23030303;9.68806E-11;1.99276E-08;0.19367259
3546;11.61515152;1.70407E-10;3.4398E-08;0.52701264
3547;11.8969697;2.792E-10;5.39617E-08;1.04273883
3548;12.09090909;3.7801E-10;7.02564E-08;1.13230603
3549;12.20909091;4.45936E-10;8.11435E-08;1.05103176
3550;12.25757576;5.09449E-10;9.20076E-08;1.15221487
3551;12.25454545;5.56287E-10;1.00945E-07;1.140955
3552;12.21818182;5.4448E-10;1.00058E-07;0.867169
3553;12.13030303;4.68255E-10;8.6967E-08;0.53302139
3554;12;3.6327E-10;6.78428E-08;0.31234526
3555;11.88484848;2.48928E-10;4.67203E-08;0.11799941
3556;11.8;1.70324E-10;3.22555E-08;0.07523605
3557;11.73636364;1.24131E-10;2.37547E-08;0.07383375
3558;11.70606061;9.61464E-11;1.86025E-08;0.07349092
3559;11.65454545;7.91942E-11;1.54927E-08;0.07575442
3560;11.59090909;6.93905E-11;1.37511E-08;0.0594319
3561;11.52727273;6.40332E-11;1.28609E-08;0.06594862
3562;11.50606061;6.06807E-11;1.23643E-08;0.05786761
3563;11.53939394;6.05049E-11;1.25292E-08;0.05493168
3564;11.65454545;5.85683E-11;1.23305E-08;0.0485369
3565;11.83030303;5.81287E-11;1.24557E-08;0.04660829
3566;12.06060606;5.81291E-11;1.26902E-08;0.04609477
3567;12.28181818;5.75786E-11;1.28208E-08;0.04305521
3568;12.51818182;5.72013E-11;1.24693E-08;0.06841123
3569;12.77878788;1.00477E-10;2.05777E-08;0.36101211
3570;12.98484848;1.57787E-10;3.16996E-08;0.39462152
3571;13.10606061;2.69678E-10;5.18261E-08;1.01978874
3572;13.13030303;3.89075E-10;7.20853E-08;1.14154769
3573;13.02727273;5.04666E-10;9.18423E-08;1.27166419
3574;12.88484848;5.81619E-10;1.06553E-07;1.20557372
3575;12.7030303;5.91124E-10;1.10681E-07;0.92215537
3576;12.49090909;5.21911E-10;9.98972E-08;0.5308349
3577;12.24848485;4.15753E-10;8.09057E-08;0.29159717
3578;11.98787879;3.06754E-10;6.06091E-08;0.14552935
3579;11.73636364;2.10561E-10;4.20958E-08;0.06371656
3580;11.51212121;1.46962E-10;2.97822E-08;0.04067964
3581;11.31818182;1.06838E-10;2.193E-08;0.04042014
3582;11.11515152;8.34817E-11;1.73594E-08;0.04262082
3583;10.91515152;6.95796E-11;1.46376E-08;0.05766439
3584;10.7;6.09545E-11;1.29558E-08;0.07055763
3585;10.49090909;5.4904E-11;1.17926E-08;0.0695611
3586;10.36666667;5.13193E-11;1.11443E-08;0.06707288
3587;10.31515152;4.88088E-11;1.0715E-08;0.0719693
3588;10.35454545;4.98802E-11;1.09432E-08;0.06356553
3589;10.42121212;5.06822E-11;1.1128E-08;0.0513891
3590;10.54242424;5.12153E-11;1.12609E-08;0.04787227
3591;10.69393939;5.36455E-11;1.18391E-08;0.03455829
3592;10.86060606;5.43849E-11;1.1482E-08;0.06897971
3593;11.05757576;8.88668E-11;1.79183E-08;0.2613904
3594;11.22727273;1.55407E-10;2.98213E-08;0.54578883
3595;11.32727273;2.80471E-10;5.02136E-08;1.20827812
3596;11.31212121;4.26302E-10;7.30915E-08;1.35566534
3597;11.21818182;5.5627E-10;9.44399E-08;1.38936233
3598;11.07272727;6.39364E-10;1.10494E-07;1.27171681
3599;10.85454545;6.62397E-10;1.18181E-07;1.05840373
3600;10.63030303;6.30646E-10;1.16251E-07;0.8049579
3601;10.3969697;5.55916E-10;1.05094E-07;0.57439128
3602;10.13030303;4.43976E-10;8.49258E-08;0.32138071
3603;9.88484848;2.91444E-10;5.58997E-08;0.08179844
3604;9.63939394;1.82695E-10;3.50091E-08;0.04030533
3605;9.3969697;1.19272E-10;2.28101E-08;0.03988231
3606;9.16060606;8.58653E-11;1.64195E-08;0.02941355
3607;8.92121212;6.66657E-11;1.27596E-08;0.02561946
3608;8.74242424;5.51308E-11;1.05671E-08;0.02578948
3609;8.57575758;4.81075E-11;9.24032E-09;0.02362731
3610;8.46666667;4.38437E-11;8.44218E-09;0.02318003
3611;8.44545455;4.12036E-11;7.95826E-09;0.02038748
3612;8.48787879;3.96067E-11;7.67778E-09;0.01877204
3613;8.58484849;3.86893E-11;7.53329E-09;0.01441238
3614;8.72727273;3.85189E-11;7.53575E-09;0.0156054
3615;8.93333333;3.89175E-11;7.64786E-09;0.02262056
3616;9.16969697;4.8995E-11;9.44267E-09;0.06421165
3617;9.42727273;1.07009E-10;2.02841E-08;0.28735129
3618;9.64545454;2.05244E-10;3.81518E-08;0.61258116
3619;9.76666667;3.35943E-10;6.14222E-08;0.92444349
3620;9.77272727;4.64959E-10;8.46898E-08;1.07706825
3621;9.65757576;5.58583E-10;1.03373E-07;1.07763876
3622;9.51818182;6.09286E-10;1.16121E-07;1.00336427
3623;9.33636364;6.08153E-10;1.19978E-07;0.84871709
3624;9.13636364;5.60851E-10;1.14325E-07;0.63546352
3625;8.88181818;4.74142E-10;9.89961E-08;0.42660436
3626;8.6030303;3.57888E-10;7.5542E-08;0.22237182
3627;8.32424242;2.2334E-10;4.73922E-08;0.05978504
3628;8.05757576;1.34108E-10;2.85742E-08;0.02300048
3629;7.87575758;8.44488E-11;1.80502E-08;0.02203723
3630;7.69090909;5.75426E-11;1.23445E-08;0.01972299
3631;7.54242424;4.33359E-11;9.33065E-09;0.02354809
3632;7.4030303;3.55582E-11;7.6923E-09;0.0192195
3633;7.29393939;3.12367E-11;6.79549E-09;0.01425995
3634;7.2969697;2.8955E-11;6.33912E-09;0.01285601
3635;7.39393939;2.7792E-11;6.12848E-09;0.01012785
3636;7.52727273;2.74883E-11;6.10831E-09;0.00919635
3637;7.72727273;2.75825E-11;6.18169E-09;0.00753299
3638;8;2.58513E-11;5.84047E-09;0.00674078
3639;8.31818182;2.76921E-11;6.31729E-09;0.00667738
3640;8.65757576;4.37534E-11;9.95908E-09;0.0327798
3641;8.95757576;1.01429E-10;2.29809E-08;0.20556008
3642;9.24242424;1.8521E-10;4.12293E-08;0.47933881
3643;9.43030303;2.85458E-10;6.22339E-08;0.72592066
3644;9.4969697;3.85996E-10;8.27152E-08;0.91409126
3645;9.45151515;4.68185E-10;9.99501E-08;0.99235133
3646;9.34848485;5.09919E-10;1.10252E-07;0.92217038
3647;9.17878788;5.08062E-10;1.12333E-07;0.77432545
3648;8.95151515;4.72005E-10;1.06969E-07;0.59936176
3649;8.66969697;4.01502E-10;9.28069E-08;0.42087314
3650;8.40606061;2.98211E-10;6.96293E-08;0.21517957
3651;8.16666667;1.80308E-10;4.22773E-08;0.08166207
3652;7.96060606;1.03135E-10;2.42882E-08;0.03726608
3653;7.78484849;6.24987E-11;1.47652E-08;0.04175601
3654;7.63636364;4.20508E-11;9.97839E-09;0.03366138
3655;7.52121212;3.23666E-11;7.72444E-09;0.02678056
3656;7.41212121;2.75709E-11;6.62435E-09;0.022736
3657;7.31212121;2.46444E-11;5.96304E-09;0.02413824
3658;7.38484849;2.20071E-11;5.36026E-09;0.03108857
3659;7.46666667;2.23586E-11;5.48584E-09;0.0348186
3660;7.63333333;2.37086E-11;5.87031E-09;0.02492235
3661;7.86666667;2.4895E-11;6.22674E-09;0.01786737
3662;8.14545454;2.44925E-11;6.18549E-09;0.02693284
3663;8.47272727;2.46588E-11;6.29287E-09;0.02298953
3664;8.79090909;3.13213E-11;7.83267E-09;0.04966904
3665;9.14545454;8.79557E-11;2.17081E-08;0.2679656
3666;9.47575758;1.57982E-10;3.84395E-08;0.4401489
3667;9.66666667;2.52514E-10;5.99627E-08;0.75795801
3668;9.73333333;3.48392E-10;8.10336E-08;0.95073333
3669;9.71818182;4.21317E-10;9.75288E-08;0.98427775
3670;9.65151515;4.57218E-10;1.07087E-07;0.90897181
3671;9.52424242;4.58702E-10;1.09877E-07;0.76932726
3672;9.34545455;4.03973E-10;9.88841E-08;0.52818186
3673;9.14545454;3.55075E-10;8.86877E-08;0.43667125
3674;8.93939394;2.62741E-10;6.63841E-08;0.24005551
3675;8.67575758;1.53172E-10;3.88948E-08;0.09100524
3676;8.43636364;8.43034E-11;2.15352E-08;0.04381914
3677;8.25151515;5.00272E-11;1.28374E-08;0.05332368
3678;8.10606061;3.4189E-11;8.8204E-09;0.04912039
3679;7.95454545;2.71135E-11;7.04028E-09;0.04616187
3680;7.7969697;2.02229E-11;5.28398E-09;0.04465876
3681;7.69393939;2.03269E-11;5.353E-09;0.045016
3682;7.73333333;2.01214E-11;5.34994E-09;0.0308904
3683;7.76969697;2.02797E-11;5.44866E-09;0.02487273
3684;7.83030303;2.03819E-11;5.53683E-09;0.02154229
3685;7.97272727;2.05874E-11;5.65955E-09;0.01686561
3686;8.21818182;2.07842E-11;5.78581E-09;0.01751984
3687;8.53636364;2.18288E-11;6.16042E-09;0.01351325
3688;8.83030303;3.14407E-11;8.70211E-09;0.03427938
3689;9.13636364;9.73821E-11;2.68609E-08;0.24657578
3690;9.39090909;1.43458E-10;3.95002E-08;0.30019007
3691;9.4969697;1.51905E-10;4.20182E-08;0.22592985
3692;9.53030303;1.89294E-10;5.17349E-08;0.4834786
3693;9.48787879;2.36273E-10;6.31003E-08;0.72584188
3694;9.37878788;3.10613E-10;8.1024E-08;0.99972972
3695;9.2030303;3.13696E-10;8.16356E-08;0.69850383
3696;8.97272727;2.89124E-10;7.55639E-08;0.54646642
3697;8.69393939;1.91427E-10;5.01423E-08;0.19192149
3698;8.40606061;1.08018E-10;2.84172E-08;0.05414771
3699;8.13030303;6.19081E-11;1.64025E-08;0.02523943
3700;7.88484849;3.99759E-11;1.06711E-08;0.02557804
3701;7.68484848;2.90232E-11;7.81004E-09;0.02295641
3702;7.52727273;2.31183E-11;6.26403E-09;0.04542882
3703;7.37272727;2.69556E-11;7.38162E-09;0.04073062
3704;7.1969697;2.22116E-11;6.13614E-09;0.03433519
3705;7.06969697;1.96161E-11;5.46835E-09;0.03384618
3706;7.02727273;1.84652E-11;5.19545E-09;0.03548727
3707;7.02424242;1.82737E-11;5.19011E-09;0.03809784
3708;7.13939394;1.80155E-11;5.16722E-09;0.04048189
3709;7.28181818;1.83825E-11;5.32885E-09;0.03183535
3710;7.42727273;1.98377E-11;5.8183E-09;0.03567327
3711;7.62121212;1.97035E-11;5.84787E-09;0.02765401
3712;7.79393939;2.77522E-11;8.00956E-09;0.05909888
3713;8.03333333;7.48586E-11;2.15249E-08;0.24128903
3714;8.23636364;1.48493E-10;4.14827E-08;0.69326225
3715;8.3;2.22557E-10;6.0145E-08;0.98568144
3716;8.31212121;2.77888E-10;7.3693E-08;1.03008229
3717;8.26363636;3.00025E-10;7.94943E-08;0.86703897
3718;8.15757576;3.35124E-10;8.94869E-08;1.018474
3719;7.98181818;3.1045E-10;8.42999E-08;0.66170121
3720;7.74242424;3.09018E-10;8.56888E-08;0.72061438
3721;7.45151515;2.51815E-10;7.09471E-08;0.42970143
3722;7.14545454;2.13975E-10;6.12244E-08;0.36731659
3723;6.86969697;1.25193E-10;3.60923E-08;0.11500949
3724;6.6030303;6.82668E-11;1.98326E-08;0.06103215
3725;6.3969697;4.08835E-11;1.19554E-08;0.06139812
3726;6.18787879;2.75417E-11;8.10983E-09;0.06026434
3727;5.99393939;2.07022E-11;6.14352E-09;0.0520901
3728;5.7969697;1.67789E-11;5.02616E-09;0.03424412
3729;5.65151515;1.50097E-11;4.54178E-09;0.02693096
3730;5.65454546;1.41143E-11;4.31726E-09;0.02264545
3731;5.67272727;1.46612E-11;4.53859E-09;0.01903274
3732;5.78484849;1.407E-11;4.4093E-09;0.01585713
3733;5.93636364;1.40475E-11;4.45936E-09;0.01426717
3734;6.1;1.40144E-11;4.50894E-09;0.01284747
3735;6.29393939;1.43945E-11;4.69702E-09;0.01101474
3736;6.49090909;2.08969E-11;6.75348E-09;0.02868844
3737;6.71515151;7.06191E-11;2.28487E-08;0.24783779
3738;6.91818182;1.24376E-10;4.01084E-08;0.45581792
3739;7.04545455;1.92887E-10;6.13363E-08;0.83050685
3740;7.11212121;2.66862E-10;8.35743E-08;1.17791333
3741;7.10909091;2.15279E-10;6.78491E-08;0.44494505
3742;7.08484849;2.09796E-10;6.67104E-08;0.56069989
3743;7.04242424;2.18639E-10;7.04586E-08;0.6166552
3744;6.95454545;2.02216E-10;6.61251E-08;0.48666254
3745;6.88484849;1.6795E-10;5.5616E-08;0.35220564
3746;6.78484849;1.27306E-10;4.25432E-08;0.24035365
3747;6.68181818;7.73804E-11;2.6038E-08;0.12816669
3748;6.60606061;4.25327E-11;1.44323E-08;0.08007401
3749;6.52424242;2.6009E-11;8.90179E-09;0.07407984
3750;6.48787879;1.85454E-11;6.40731E-09;0.06273403
3751;6.40606061;1.65928E-11;5.79681E-09;0.05282578
3752;6.36060606;1.42236E-11;5.02409E-09;0.05184488
3753;6.35454546;1.2692E-11;4.53463E-09;0.04059669
3754;6.41212121;1.17994E-11;4.26509E-09;0.04742313
3755;6.5;1.13447E-11;4.15001E-09;0.04686154
3756;6.60606061;1.0969E-11;4.06506E-09;0.03547885
3757;6.74242424;1.15001E-11;4.32072E-09;0.02903018
3758;6.8969697;1.19987E-11;4.57389E-09;0.02563937
3759;7.02727273;1.25642E-11;4.85787E-09;0.03126427
3760;7.16666667;1.31224E-11;4.93424E-09;0.063856
3761;7.33636364;2.78842E-11;1.04949E-08;0.12608145
3762;7.4969697;4.85871E-11;1.82137E-08;0.24963514
3763;7.57272727;6.59148E-11;2.45768E-08;0.30428804
3764;7.61818182;8.15314E-11;3.02742E-08;0.34190956
3765;7.55454546;8.71325E-11;3.22793E-08;0.33108878
3766;7.48181818;7.01954E-11;2.61917E-08;0.14479973
3767;7.4030303;6.18759E-11;2.33249E-08;0.113134
3768;7.2969697;5.58416E-11;2.12863E-08;0.0978851
3769;7.1969697;5.4305E-11;2.09585E-08;0.0936561
3770;7.09090909;4.91357E-11;1.91435E-08;0.09752623
3771;6.96363636;5.11912E-11;2.01212E-08;0.12287643
3772;6.83333333;3.27426E-11;1.30194E-08;0.03499698
3773;6.69393939;2.25535E-11;9.05015E-09;0.06683413
3774;6.59090909;1.74864E-11;7.07827E-09;0.06748687
3775;6.50909091;1.45291E-11;5.93803E-09;0.04265745
3776;6.44545454;1.29397E-11;5.33507E-09;0.05421954
3777;6.3969697;1.19773E-11;4.98101E-09;0.05926807
3778;6.38181818;1.14624E-11;4.80651E-09;0.07512887
3779;6.38484849;1.12876E-11;4.77557E-09;0.0653788
3780;6.40909091;1.101E-11;4.70403E-09;0.05826227
3781;6.41212121;1.07973E-11;4.65771E-09;0.05320379
3782;6.49090909;1.1021E-11;4.79929E-09;0.05512136
3783;6.59393939;1.11632E-11;4.90627E-09;0.05709505
3784;6.71212121;1.10172E-11;4.77965E-09;0.06195305
3785;6.79393939;3.51635E-11;1.42644E-08;0.2917043
3786;6.83030303;6.34076E-11;2.50348E-08;0.48424896
3787;6.85151515;8.73221E-11;3.37625E-08;0.53353785
3788;6.82424242;1.11101E-10;4.2001E-08;0.71453957
3789;6.74242424;1.43467E-10;5.28496E-08;0.99211119
3790;6.63030303;1.36218E-10;5.03202E-08;1.34235923
3791;6.51212121;1.64994E-10;6.19288E-08;1.30627595
3792;6.43636364;1.65243E-10;6.31847E-08;0.74648628
3793;6.36666667;1.45188E-10;5.63054E-08;0.48680199
3794;6.31515152;1.24156E-10;4.8653E-08;0.413105
3795;6.25757576;9.12196E-11;3.59957E-08;0.19033302
3796;6.19393939;6.10878E-11;2.42488E-08;0.11260564
3797;6.13939394;4.29121E-11;1.71427E-08;0.08970302
3798;6.11818182;3.21076E-11;1.29181E-08;0.08435969
3799;6.08484849;2.5578E-11;1.03723E-08;0.08005524
3800;6.06969697;2.11591E-11;8.65555E-09;0.07276593
3801;6.08484849;1.85977E-11;7.6785E-09;0.0677059
3802;6.1030303;1.7162E-11;7.16002E-09;0.04939157
3803;6.14848485;1.59348E-11;6.72187E-09;0.04475215
3804;6.23333333;1.54474E-11;6.59393E-09;0.03812152
3805;6.34545454;1.48446E-11;6.41719E-09;0.02786964
3806;6.46666667;1.46882E-11;6.43447E-09;0.02080356
3807;6.57878788;1.44186E-11;6.40339E-09;0.0175145
3808;6.72121212;1.43961E-11;6.36917E-09;0.02984668
3809;6.85757576;1.99317E-11;8.87716E-09;0.06083397
3810;6.98484848;2.86532E-11;1.28809E-08;0.12176445
3811;7.09090909;4.39298E-11;1.98925E-08;0.29996373
3812;7.17878788;5.96663E-11;2.72021E-08;0.41258622
3813;7.24545455;6.6599E-11;3.07279E-08;0.26857522
3814;7.33030303;7.22054E-11;3.37495E-08;0.28855356
3815;7.38181818;8.98493E-11;4.22907E-08;0.69724563
3816;7.39393939;9.04847E-11;4.29275E-08;0.40235595
3817;7.41515151;8.259E-11;3.94993E-08;0.27433646
3818;7.43636364;7.00683E-11;3.37019E-08;0.20687242
3819;7.46363636;5.45836E-11;2.63467E-08;0.13275538
3820;7.4969697;3.93759E-11;1.9087E-08;0.07045052
3821;7.56363636;2.95903E-11;1.44061E-08;0.07228676
3822;7.66363636;2.37816E-11;1.16378E-08;0.07826928
3823;7.78484849;2.02595E-11;9.97786E-09;0.07177881
3824;7.9030303;1.82702E-11;9.06438E-09;0.0666908
3825;8.03636364;1.71376E-11;8.5707E-09;0.07329801
3826;8.22727273;1.66189E-11;8.38801E-09;0.06807713
3827;8.38181818;1.64293E-11;8.37653E-09;0.05216618
3828;8.58484849;1.66281E-11;8.56685E-09;0.0598119
3829;8.8030303;1.64509E-11;8.5675E-09;0.06592142
3830;9.04848485;1.65996E-11;8.74186E-09;0.0729702
3831;9.3030303;1.57994E-11;8.40881E-09;0.07972549
3832;9.57272727;1.97795E-11;1.01909E-08;0.20637527
3833;9.83030303;4.3943E-11;2.18209E-08;1.10240975
3834;10.07575758;7.84876E-11;3.78999E-08;1.4372448
3835;10.27272727;1.22661E-10;5.81485E-08;1.8726779
3836;10.38787879;1.69867E-10;8.05721E-08;2.17889616
3837;10.41515152;2.09532E-10;1.02003E-07;2.16580306
3838;10.41212121;2.24922E-10;1.14544E-07;1.78176414
3839;10.43030303;2.21297E-10;1.18889E-07;1.37116634
3840;10.43030303;2.00186E-10;1.13324E-07;0.993858
3841;10.33939394;1.70476E-10;1.00971E-07;0.68243478
3842;10.21212121;1.30813E-10;8.01008E-08;0.39396773
3843;10.10606061;8.34036E-11;5.20607E-08;0.13630615
3844;9.98787879;4.76449E-11;3.02141E-08;0.04234919
3845;9.96969697;3.0423E-11;1.9586E-08;0.0327445
3846;9.96666667;2.19334E-11;1.4341E-08;0.03014383
3847;9.93636364;1.77747E-11;1.18137E-08;0.03092747
3848;9.92121212;1.52765E-11;1.03435E-08;0.0288688
3849;9.93333333;1.47689E-11;1.02145E-08;0.01867637
3850;9.96060606;1.43229E-11;1.01252E-08;0.01732924
3851;10;1.39203E-11;1.00649E-08;0.01798232
3852;10.06363636;1.38993E-11;1.02307E-08;0.05452081
3853;10.17272727;1.33549E-11;9.9828E-09;0.08100741
3854;10.29090909;1.36367E-11;1.03663E-08;0.07993548
3855;10.42424242;1.30919E-11;9.9368E-09;0.09085879
3856;10.55454545;1.54956E-11;1.17803E-08;0.13157154
3857;10.68787879;2.20383E-11;1.67935E-08;0.23148234
3858;10.76969697;3.02322E-11;2.32692E-08;0.24377666
3859;10.76363636;3.63294E-11;2.83043E-08;0.26887956
3860;10.76060606;5.49363E-11;4.33184E-08;0.65202154
3861;10.70909091;6.43329E-11;5.1661E-08;0.55088586
3862;10.62424242;6.73455E-11;5.51296E-08;0.49239308
3863;10.50606061;6.38235E-11;5.31777E-08;0.40000621
3864;10.36363636;5.02183E-11;4.2292E-08;0.20848046
3865;10.1969697;3.59252E-11;3.05332E-08;0.08760345
3866;10.02727273;2.67929E-11;2.29912E-08;0.0433303
3867;9.83030303;2.12147E-11;1.8374E-08;0.02987034
3868;9.65757576;1.60538E-11;1.40205E-08;0.01756823
3869;9.54545455;1.32232E-11;1.16444E-08;0.01444358
3870;9.46969697;1.15184E-11;1.02298E-08;0.01106213
3871;9.40606061;1.03806E-11;9.29563E-09;0.01129196
3872;9.33636364;9.32094E-12;8.41516E-09;0.0116776
3873;9.29090909;9.4315E-12;8.58326E-09;0.01199344
3874;9.30909091;9.53817E-12;8.75497E-09;0.01138516
3875;9.37272727;9.58595E-12;8.87371E-09;0.0116073
3876;9.43636364;9.5687E-12;8.92802E-09;0.01198389
3877;9.47575758;9.67002E-12;9.08856E-09;0.023278
3878;9.46363636;9.68977E-12;9.1698E-09;0.01972118
3879;9.45757576;9.67664E-12;9.21294E-09;0.02004804
3880;9.49393939;1.24916E-11;1.1778E-08;0.07191448
3881;9.50606061;1.76272E-11;1.6515E-08;0.14381897
3882;9.52424242;2.32269E-11;2.16494E-08;0.19318496
3883;9.50909091;3.08158E-11;2.85402E-08;0.32846432
3884;9.42424242;3.2748E-11;3.05304E-08;0.1977583
3885;9.28181818;4.55207E-11;4.22747E-08;0.80936491
3886;9.11818182;5.89747E-11;5.5145E-08;0.98991938
3887;8.90909091;6.68096E-11;6.34535E-08;0.89801812
3888;8.66969697;6.20525E-11;5.9874E-08;0.50189837
3889;8.39090909;6.16144E-11;6.03728E-08;0.66968437
3890;8.10909091;5.67148E-11;5.64276E-08;0.48139264
3891;7.85757576;4.54888E-11;4.45902E-08;0.18744733
3892;7.60909091;3.07697E-11;2.96132E-08;0.05844022
3893;7.36363636;2.20269E-11;2.07385E-08;0.06468171
3894;7.09090909;1.66305E-11;1.53374E-08;0.0508049
3895;6.82727273;1.33616E-11;1.20972E-08;0.03403323
3896;6.57272727;1.13548E-11;1.01241E-08;0.02218935
3897;6.36363636;9.96887E-12;8.76144E-09;0.01993457
3898;6.25757576;9.15381E-12;7.94129E-09;0.01425518
3899;6.22424242;8.72211E-12;7.48201E-09;0.01377438
3900;6.22727273;8.66307E-12;7.35581E-09;0.01182407
3901;6.27272727;8.64451E-12;7.27952E-09;0.00926546
3902;6.34242424;8.6901E-12;7.26221E-09;0.00765482
3903;6.41818182;9.43302E-12;7.79916E-09;0.00902948
3904;6.52727273;1.53548E-11;1.2625E-08;0.07259277
3905;6.66969697;3.2505E-11;2.65785E-08;0.43228425
3906;6.74848485;5.49439E-11;4.56813E-08;0.82378352
3907;6.81818182;7.59765E-11;6.52333E-08;0.93335271
3908;6.83939394;9.52566E-11;8.5253E-08;1.02121512
3909;6.81818182;1.04757E-10;9.7688E-08;0.864117
3910;6.81818182;8.66031E-11;8.25143E-08;0.36253794
3911;6.75454545;7.91516E-11;7.68831E-08;0.38777476
3912;6.63030303;8.07484E-11;8.02832E-08;0.42043226
3913;6.46060606;6.6199E-11;6.66751E-08;0.20462158
3914;6.32727273;5.4387E-11;5.51125E-08;0.14680864
3915;6.15454546;3.9085E-11;3.94861E-08;0.07501926
3916;6;2.23523E-11;2.23427E-08;0.02839106
3917;5.83636364;1.4076E-11;1.38862E-08;0.02977583
3918;5.71818182;9.79034E-12;9.53745E-09;0.0265193
3919;5.56969697;7.3419E-12;7.07848E-09;0.01720526
3920;5.43333333;6.03681E-12;5.7689E-09;0.01491671
3921;5.35151515;5.34565E-12;5.06423E-09;0.01357493
3922;5.40909091;5.06437E-12;4.76284E-09;0.01102999
3923;5.56666667;5.13992E-12;4.80375E-09;0.00909772
3924;5.78787879;5.28166E-12;4.91949E-09;0.00667861
3925;6.06363636;5.51053E-12;5.12003E-09;0.0041069
3926;6.37272727;5.78959E-12;5.37155E-09;0.00354259
3927;6.74242424;7.2405E-12;6.72689E-09;0.00377635
3928;7.09090909;1.64622E-11;1.54793E-08;0.0269471
3929;7.43030303;3.1999E-11;3.08261E-08;0.0926828
3930;7.75757576;5.17736E-11;5.18114E-08;0.19245866
3931;7.95454545;6.90488E-11;7.22841E-08;0.23503309
3932;8.03333333;8.04203E-11;8.79511E-08;0.22901168
3933;8.07575758;8.63593E-11;9.80266E-08;0.19839414
3934;8.04242424;8.74501E-11;1.0208E-07;0.15749556
3935;7.87575758;7.25631E-11;8.59301E-08;0.08080384
3936;7.76060606;6.79934E-11;8.13441E-08;0.07178521
3937;7.63636364;5.92313E-11;7.11197E-08;0.04885016
3938;7.43939394;4.81196E-11;5.76665E-08;0.03209818
3939;7.27575758;3.06225E-11;3.62953E-08;0.01353944
3940;7.13030303;1.70325E-11;1.98536E-08;0.0068832
3941;6.99393939;1.00055E-11;1.14669E-08;0.00585434
3942;6.88484849;6.85899E-12;7.7673E-09;0.00261388
3943;6.77878788;5.58338E-12;6.24849E-09;0.00418412
3944;6.69393939;5.00236E-12;5.53252E-09;0.00473456
3945;6.73030303;4.78261E-12;5.24034E-09;0.00373503
3946;6.88787879;4.23775E-12;4.60712E-09;0.00358614
3947;7.09393939;4.24711E-12;4.58269E-09;0.00400227
3948;7.35757576;4.46062E-12;4.78675E-09;0.00359723
3949;7.64848485;4.62133E-12;4.93744E-09;0.0029448
3950;8.02727273;4.99281E-12;5.31803E-09;0.00251013
3951;8.44242424;6.65384E-12;7.08316E-09;0.002682
3952;8.83636364;1.68499E-11;1.80647E-08;0.0084267
3953;9.24242424;3.24063E-11;3.5295E-08;0.01857621
3954;9.59393939;4.94428E-11;5.51476E-08;0.02846167
3955;9.83939394;6.38836E-11;7.32379E-08;0.03307527
3956;9.97575758;7.21371E-11;8.48343E-08;0.03093158
3957;10.03939394;7.57038E-11;9.08427E-08;0.02545171
3958;10.05757576;7.73167E-11;9.40501E-08;0.01996958
3959;10.03939394;7.0915E-11;8.70202E-08;0.01272118
3960;9.98484849;5.2055E-11;6.37572E-08;0.00580328
3961;9.94545455;3.51099E-11;4.25571E-08;0.00316892
3962;9.9030303;2.61736E-11;3.13236E-08;0.00231424
3963;9.81818182;1.59019E-11;1.87191E-08;0.00108865
3964;9.73636364;8.49894E-12;9.8141E-09;0.00060297
3965;9.70606061;6.20966E-12;7.03833E-09;0.00043119
3966;9.69090909;5.31234E-12;5.91672E-09;0.0003709
3967;9.71212121;5.10005E-12;5.58817E-09;0.00031376
3968;9.85151515;5.02984E-12;5.42744E-09;0.00028827
3969;9.96969697;5.12862E-12;5.4564E-09;0.0002816
3970;10.07575758;5.27635E-12;5.54313E-09;0.00024418
3971;10.23333333;5.71965E-12;5.94555E-09;0.00016829
3972;10.42424242;5.75231E-12;5.91995E-09;0.00014803
3973;10.63030303;6.03406E-12;6.15196E-09;0.00012655
3974;10.87575758;6.39868E-12;6.46813E-09;0.00010499
3975;11.16060606;6.638E-12;6.65331E-09;0.00010706
3976;11.46969697;1.28748E-11;1.28611E-08;0.00041183
3977;11.79393939;1.90215E-11;1.90119E-08;0.00063934
3978;12.04242424;2.69781E-11;2.71105E-08;0.00106745
3979;12.19393939;3.23444E-11;3.27272E-08;0.00126221
3980;12.24848485;4.32146E-11;4.42427E-08;0.0024478
3981;12.24242424;4.86138E-11;5.0429E-08;0.00268263
3982;12.19393939;5.01627E-11;5.25623E-08;0.00261352
3983;12.10606061;5.2723E-11;5.57199E-08;0.00279109
3984;11.98181818;5.20866E-11;5.53775E-08;0.00256377
3985;11.85151515;4.63926E-11;4.93798E-08;0.00183638
3986;11.68181818;3.68314E-11;3.89529E-08;0.00112425
3987;11.51818182;2.42104E-11;2.52731E-08;0.00049717
3988;11.37575758;1.32805E-11;1.36169E-08;0.00021536
3989;11.24848485;9.50745E-12;9.57451E-09;0.00016044
3990;11.12727273;8.00529E-12;7.92813E-09;0.00010871
3991;10.98181818;7.45941E-12;7.26622E-09;0.00009758
3992;10.86060606;7.26609E-12;6.97692E-09;0.00007075
3993;10.81515152;7.30675E-12;6.93739E-09;0.00006424
3994;10.85151515;7.38241E-12;6.9427E-09;0.00003527
3995;10.96969697;7.57368E-12;7.05726E-09;0.00002701
3996;11.14848485;7.9236E-12;7.32088E-09;0.00001805
3997;11.38484848;8.25362E-12;7.5691E-09;0.00002677
3998;11.63333333;8.58019E-12;7.8294E-09;0.0000248
3999;11.88484848;1.07025E-11;9.73505E-09;0.00002492
