t;soil_temperature;AA_input_rate_phloem;sucrose_input_rate;cytokinins_root_shoot_xylem;C_mineralN_soil
0;12;NA;NA;NA;NA
1;13.23913043;NA;NA;NA;0.428571004
2;13.19166667;NA;NA;NA;0.428571009
3;13.152;NA;NA;NA;0.428571013
4;13.12307692;NA;NA;NA;0.428571017
5;13.09259259;NA;NA;NA;0.428571022
6;13.06071429;NA;NA;NA;0.428571026
7;13.03103448;NA;NA;NA;0.42857103
8;13.00333333;NA;NA;NA;0.428571034
9;12.98709677;NA;NA;NA;0.428571039
10;12.996875;NA;NA;NA;0.428571043
11;13.03030303;NA;NA;NA;0.428571047
12;13.05151515;NA;NA;NA;0.428571051
13;13.08484848;NA;NA;NA;0.428571056
14;13.13333333;NA;NA;NA;0.42857106
15;13.20606061;NA;NA;NA;0.428571064
16;13.30909091;NA;NA;NA;0.428571069
17;13.43030303;NA;NA;NA;0.428571073
18;13.54545455;NA;NA;NA;0.428571078
19;13.64545455;NA;NA;NA;0.428571082
20;13.74545455;NA;NA;NA;0.428571087
21;13.82121212;NA;NA;NA;0.428571091
22;13.85757576;NA;NA;NA;0.428571096
23;13.88787879;NA;NA;NA;0.4285711
24;13.90909091;NA;NA;NA;0.428571105
25;13.90606061;NA;NA;NA;0.42857111
26;13.91515152;NA;NA;NA;0.428571114
27;13.92121212;NA;NA;NA;0.428571119
28;13.94242424;NA;NA;NA;0.428571123
29;13.97272727;NA;NA;NA;0.428571128
30;14.01515152;NA;NA;NA;0.428571133
31;14.05757576;NA;NA;NA;0.428571137
32;14.10606061;NA;NA;NA;0.428571142
33;14.15454545;NA;NA;NA;0.428571147
34;14.22424242;NA;NA;NA;0.428571151
35;14.34848485;NA;NA;NA;0.428571156
36;14.42424242;NA;NA;NA;0.428571161
37;14.5;NA;NA;NA;0.428571166
38;14.56060606;NA;NA;NA;0.42857117
39;14.58787879;NA;NA;NA;0.428571175
40;14.63939394;NA;NA;NA;0.42857118
41;14.7;NA;NA;NA;0.428571185
42;14.73939394;NA;NA;NA;0.42857119
43;14.68484848;NA;NA;NA;0.428571195
44;14.59393939;NA;NA;NA;0.4285712
45;14.45757576;NA;NA;NA;0.428571204
46;14.3;NA;NA;NA;0.428571209
47;14.11515152;NA;NA;NA;0.428571214
48;13.93333333;NA;NA;NA;0.428571218
49;13.71515152;NA;NA;NA;0.428571223
50;13.47575758;NA;NA;NA;0.428571227
51;13.23030303;NA;NA;NA;0.428571232
52;12.98181818;NA;NA;NA;0.428571236
53;12.70909091;NA;NA;NA;0.42857124
54;12.45454545;NA;NA;NA;0.428571244
55;12.22121212;NA;NA;NA;0.428571248
56;11.98787879;NA;NA;NA;0.428571252
57;11.76060606;NA;NA;NA;0.428571256
58;11.58484848;NA;NA;NA;0.42857126
59;11.42727273;NA;NA;NA;0.428571264
60;11.33939394;NA;NA;NA;0.428571267
61;11.29393939;NA;NA;NA;0.428571271
62;11.29393939;NA;NA;NA;0.428571275
63;11.24848485;NA;NA;NA;0.428571278
64;11.2;NA;NA;NA;0.428571282
65;11.15151515;NA;NA;NA;0.428571286
66;11.11212121;NA;NA;NA;0.428571289
67;11.01515152;NA;NA;NA;0.428571293
68;10.77575758;NA;NA;NA;0.428571297
69;10.56969697;NA;NA;NA;0.4285713
70;10.36060606;1.12E-08;5.41E-07;0;0.428571304
71;10.15151515;1.12E-08;5.41E-07;0;0.428571307
72;9.97272727;1.14E-08;5.35E-07;0;0.428571313
73;9.78484848;4.14E-09;1.88E-07;0;0.428570728
74;9.5969697;3.26E-09;1.43E-07;0;0.428570123
75;9.43939394;2.77E-09;1.17E-07;0;0.428569589
76;9.34545455;2.39E-09;9.64E-08;0;0.428569094
77;9.25454546;2.10E-09;8.05E-08;0;0.428568631
78;9.14242424;1.88E-09;6.87E-08;0;0.428568196
79;9.02121212;1.72E-09;5.99E-08;0;0.428567783
80;8.9;1.59E-09;5.32E-08;0;0.428567394
81;8.79090909;1.50E-09;4.81E-08;0;0.428567024
82;8.74848485;1.42E-09;4.42E-08;0;0.42856667
83;8.78484848;1.37E-09;4.14E-08;0;0.428566329
84;8.87575758;1.34E-09;3.94E-08;0;0.428566
85;9.00606061;1.32E-09;3.79E-08;0;0.428565664
86;9.22121212;1.32E-09;3.71E-08;0;0.428565346
87;9.42727273;1.32E-09;3.67E-08;0;0.428565035
88;9.61818182;1.34E-09;3.65E-08;0;0.428564731
89;9.81818182;1.36E-09;3.67E-08;0;0.428564431
90;9.96060606;1.38E-09;3.71E-08;0;0.428564136
91;10.02727273;1.40E-09;3.76E-08;0;0.428563847
92;10.00909091;1.41E-09;3.80E-08;0;0.428563563
93;9.94242424;1.42E-09;3.85E-08;0;0.428563285
94;9.8;1.42E-09;3.88E-08;0;0.428563013
95;9.6030303;1.42E-09;3.91E-08;0;0.428562748
96;9.41212121;1.40E-09;3.93E-08;0;0.428562481
97;9.23030303;1.39E-09;3.95E-08;0;0.42856222
98;9.03333333;1.38E-09;3.97E-08;0;0.428561966
99;8.85151515;1.36E-09;3.99E-08;0;0.428561716
100;8.70606061;1.34E-09;4.02E-08;0;0.428561478
101;8.66969697;1.33E-09;4.07E-08;0;0.428561241
102;8.62727273;1.32E-09;4.12E-08;0;0.428561008
103;8.56363636;1.31E-09;4.16E-08;0;0.428560777
104;8.51515151;1.30E-09;4.21E-08;0;0.428560548
105;8.48181818;1.29E-09;4.27E-08;0;0.42856032
106;8.51212121;1.29E-09;4.34E-08;0;0.428560088
107;8.57878788;1.29E-09;4.42E-08;0;0.428559857
108;8.68181818;1.29E-09;4.51E-08;0;0.428559625
109;8.82727273;1.30E-09;4.63E-08;0;0.428559392
110;8.95757576;1.31E-09;4.75E-08;0;0.428559158
111;9.17878788;1.33E-09;4.89E-08;0;0.428558922
112;9.42424242;1.36E-09;5.07E-08;0;0.428558695
113;9.66060606;1.39E-09;5.26E-08;0;0.428558464
114;9.86363636;1.41E-09;5.44E-08;0;0.42855823
115;9.96666667;1.43E-09;5.60E-08;0;0.428557994
116;9.97272727;1.44E-09;5.73E-08;0;0.428557756
117;9.93030303;1.45E-09;5.83E-08;0;0.428557517
118;9.86666667;1.44E-09;5.92E-08;0;0.428557276
119;9.72727273;1.43E-09;5.97E-08;0;0.428557036
120;9.6030303;1.42E-09;6.01E-08;0;0.428556794
121;9.49090909;1.40E-09;6.04E-08;0;0.428556551
122;9.37878788;1.38E-09;6.06E-08;0;0.428556308
123;9.32424242;1.37E-09;6.09E-08;0;0.428556063
124;9.30606061;1.35E-09;6.13E-08;0;0.428555816
125;9.31212121;1.34E-09;6.17E-08;0;0.428555567
126;9.31515152;1.33E-09;6.22E-08;0;0.428555316
127;9.35454546;1.33E-09;6.28E-08;0;0.428555062
128;9.40909091;1.33E-09;6.34E-08;0;0.428554805
129;9.4969697;1.33E-09;6.42E-08;0;0.428554545
130;9.59090909;1.33E-09;6.51E-08;0;0.428554281
131;9.72727273;1.34E-09;6.62E-08;0;0.428553986
132;9.91212121;1.35E-09;6.74E-08;0;0.428553686
133;10.12727273;1.37E-09;6.90E-08;0;0.42855338
134;10.35454545;1.39E-09;7.06E-08;0;0.428553068
135;10.63939394;1.42E-09;7.26E-08;0;0.428552747
136;10.94242424;1.46E-09;7.49E-08;0;0.428552424
137;11.25151515;1.50E-09;7.73E-08;0;0.428552096
138;11.54242424;1.54E-09;7.98E-08;0;0.428551761
139;11.74848485;1.57E-09;8.20E-08;0;0.428551419
140;11.9030303;1.60E-09;8.40E-08;0;0.428551067
141;11.9969697;1.62E-09;8.57E-08;0;0.428550706
142;12.04545455;1.63E-09;8.70E-08;0;0.428550337
143;12.11818182;1.64E-09;8.83E-08;0;0.428549962
144;12.12424242;1.64E-09;8.91E-08;0;0.428549583
145;12.10909091;1.63E-09;8.96E-08;0;0.428549203
146;12.13636364;1.63E-09;9.02E-08;0;0.428548818
147;12.18484848;1.62E-09;9.08E-08;0;0.428548427
148;12.27272727;1.62E-09;9.16E-08;0;0.428548029
149;12.39090909;1.62E-09;9.25E-08;0;0.428547622
150;12.51818182;1.62E-09;9.34E-08;0;0.428547205
151;12.63030303;1.63E-09;9.43E-08;0;0.42854678
152;12.74242424;1.63E-09;9.51E-08;0;0.428546347
153;12.83333333;1.63E-09;9.58E-08;0;0.428545905
154;12.95454545;1.63E-09;9.67E-08;0;0.428545454
155;13.09393939;1.64E-09;9.76E-08;0;0.428544994
156;13.26060606;1.65E-09;9.87E-08;0;0.428544526
157;13.48787879;1.66E-09;1.00E-07;0;0.428544052
158;13.73636364;1.68E-09;1.02E-07;0;0.428543572
159;13.98181818;1.70E-09;1.04E-07;0;0.428543082
160;14.22121212;1.72E-09;1.05E-07;0;0.428542586
161;14.42727273;1.74E-09;1.07E-07;0;0.428542129
162;14.62727273;1.76E-09;1.09E-07;0;0.428541661
163;14.80606061;1.78E-09;1.10E-07;0;0.428541182
164;14.96363636;1.80E-09;1.11E-07;0;0.428540692
165;15.04848485;1.80E-09;1.12E-07;0;0.428540191
166;15.10909091;1.81E-09;1.12E-07;0;0.42853968
167;15.15151515;1.80E-09;1.12E-07;0;0.428539159
168;15.14545455;1.79E-09;1.11E-07;0;0.428538629
169;15.11818182;1.78E-09;1.10E-07;0;0.42853809
170;15.08484848;1.76E-09;1.09E-07;0;0.428537543
171;15.06666667;1.74E-09;1.08E-07;0;0.428536988
172;15.06060606;1.72E-09;1.07E-07;0;0.428536426
173;15.05151515;1.70E-09;1.06E-07;0;0.428535857
174;15.04545455;1.68E-09;1.05E-07;0;0.428535281
175;15.08181818;1.66E-09;1.04E-07;0;0.4285347
176;15.09393939;1.65E-09;1.02E-07;0;0.428534112
177;15.10606061;1.63E-09;1.01E-07;0;0.42853352
178;15.13030303;1.61E-09;1.00E-07;0;0.428532924
179;15.14848485;1.60E-09;9.88E-08;0;0.428532322
180;15.16060606;1.58E-09;9.75E-08;0;0.428531717
181;15.16060606;1.56E-09;9.62E-08;0;0.428531108
182;15.16363636;1.54E-09;9.49E-08;0;0.428530496
183;15.18484848;1.52E-09;9.36E-08;0;0.428529881
184;15.22121212;1.51E-09;9.24E-08;0;0.428529263
185;15.28484848;1.49E-09;9.14E-08;0;0.428528644
186;15.35757576;1.48E-09;9.04E-08;0;0.428528022
187;15.38181818;1.47E-09;8.91E-08;0;0.428527397
188;15.39090909;1.45E-09;8.78E-08;0;0.428526771
189;15.36666667;1.43E-09;8.61E-08;0;0.428526125
190;15.23030303;1.39E-09;8.41E-08;0;0.428525481
191;15.05454545;1.36E-09;8.17E-08;0;0.428524841
192;14.85454545;1.31E-09;7.93E-08;0;0.428524205
193;14.64242424;1.27E-09;7.67E-08;0;0.428523575
194;14.46969697;1.23E-09;7.43E-08;0;0.428522951
195;14.28181818;1.19E-09;7.21E-08;0;0.428522353
196;14.1;1.15E-09;6.97E-08;0;0.42852176
197;13.89393939;1.11E-09;6.74E-08;0;0.428521174
198;13.68484848;1.07E-09;6.51E-08;0;0.428520596
199;13.47272727;1.03E-09;6.29E-08;0;0.428520027
200;13.24545455;9.96E-10;6.07E-08;0;0.428519466
201;13.03333333;9.60E-10;5.85E-08;0;0.428518914
202;12.86060606;9.27E-10;5.66E-08;0;0.428518371
203;12.71818182;8.98E-10;5.48E-08;0;0.428517836
204;12.55757576;8.68E-10;5.31E-08;0;0.428517309
205;12.40909091;8.41E-10;5.15E-08;0;0.428516791
206;12.28181818;8.16E-10;4.99E-08;0;0.428516281
207;12.16969697;7.93E-10;4.85E-08;0;0.428515779
208;12.05151515;7.71E-10;4.71E-08;0;0.428515285
209;11.98181818;7.52E-10;4.59E-08;0;0.428514797
210;11.94848485;7.36E-10;4.49E-08;0;0.428514317
211;11.94242424;7.22E-10;4.39E-08;0;0.428513841
212;11.95454545;7.10E-10;4.31E-08;0;0.428513371
213;11.93333333;6.97E-10;4.22E-08;0;0.428512907
214;11.91212121;6.85E-10;4.14E-08;0;0.428512449
215;11.9030303;6.74E-10;4.06E-08;0;0.428511996
216;11.83333333;6.60E-10;3.97E-08;0;0.428511549
217;11.76666667;6.47E-10;3.88E-08;0;0.428511109
218;11.69090909;6.34E-10;3.80E-08;0;0.428510676
219;11.6;6.20E-10;3.71E-08;0;0.428510249
220;11.52727273;6.07E-10;3.63E-08;0;0.428509829
221;11.45151515;5.93E-10;3.55E-08;0;0.428509415
222;11.38484848;5.81E-10;3.47E-08;0;0.428509007
223;11.33636364;5.69E-10;3.40E-08;0;0.428508605
224;11.3030303;5.59E-10;3.33E-08;0;0.428508209
225;11.28484848;5.49E-10;3.27E-08;0;0.428507818
226;11.31212121;5.41E-10;3.22E-08;0;0.42850743
227;11.36666667;5.34E-10;3.17E-08;0;0.428507047
228;11.47575758;5.29E-10;3.13E-08;0;0.428506664
229;11.59393939;5.23E-10;3.08E-08;0;0.428506278
230;11.62121212;5.17E-10;3.03E-08;0;0.428505896
231;11.75757576;5.14E-10;3.00E-08;0;0.428505516
232;11.88181818;5.12E-10;2.97E-08;0;0.428505139
233;11.97575758;5.09E-10;2.94E-08;0;0.428504765
234;12.06666667;5.06E-10;2.91E-08;0;0.428504395
235;12.10606061;5.02E-10;2.87E-08;0;0.42850403
236;12.07878788;4.95E-10;2.82E-08;0;0.428503669
237;12.06363636;4.88E-10;2.77E-08;0;0.428503313
238;12.00606061;4.79E-10;2.72E-08;0;0.428502963
239;11.93030303;4.69E-10;2.66E-08;0;0.428502619
240;11.83939394;4.59E-10;2.60E-08;0;0.42850228
241;11.71515152;4.48E-10;2.54E-08;0;0.428501948
242;11.56969697;4.36E-10;2.47E-08;0;0.428501623
243;11.3969697;4.23E-10;2.40E-08;0;0.428501304
244;11.17878788;4.09E-10;2.33E-08;0;0.428500993
245;10.92424242;3.93E-10;2.25E-08;0;0.428500689
246;10.70606061;3.79E-10;2.17E-08;0;0.428500392
247;10.48484848;3.66E-10;2.10E-08;0;0.428500103
248;10.25151515;3.71E-10;2.22E-08;0;0.428499816
249;10.06969697;3.27E-10;1.84E-08;0;0.428499546
250;9.91515151;2.92E-10;1.54E-08;0.00000004;0.428499288
251;9.78484848;2.60E-10;1.29E-08;0.00000004;0.42849904
252;9.69393939;2.37E-10;1.11E-08;0.00000004;0.428498804
253;9.64545454;2.17E-10;9.64E-09;0.00000004;0.428498578
254;9.63030303;2.01E-10;8.48E-09;0.00000005;0.428498362
255;9.57272727;1.87E-10;7.54E-09;0.00000004;0.428498153
256;9.55151515;1.80E-10;7.01E-09;0.0000001;0.428497953
257;9.60909091;2.11E-10;8.82E-09;0.00000122;0.428497758
258;9.57575758;2.19E-10;9.48E-09;0.00000083;0.428497563
259;9.48484849;2.70E-10;1.32E-08;0.00000311;0.42849737
260;9.34848485;3.34E-10;1.92E-08;0.00000554;0.42849717
261;9.17878788;4.12E-10;2.80E-08;0.00000849;0.428496957
262;8.99393939;4.51E-10;3.45E-08;0.00000618;0.428496727
263;8.92424242;4.70E-10;3.92E-08;0.00000494;0.428496477
264;8.74545454;5.21E-10;4.81E-08;0.00000924;0.428496212
265;8.58484849;4.77E-10;4.43E-08;0.00000131;0.428495934
266;8.45454545;4.23E-10;3.76E-08;0.0000003;0.428495657
267;8.32121212;5.30E-10;3.99E-08;0.00000016;0.428495376
268;8.24545454;6.09E-10;4.09E-08;0.00000024;0.428495089
269;8.22121212;2.12E-10;6.41E-09;0.00000021;0.428494853
270;8.20606061;3.27E-10;1.02E-08;0.0000003;0.42849464
271;8.21515152;4.07E-10;1.26E-08;0.00000038;0.42849443
272;8.25151515;4.68E-10;1.44E-08;0.00000043;0.428494218
273;8.3;5.21E-10;1.57E-08;0.00000034;0.428494002
274;8.38787879;5.79E-10;1.73E-08;0.00000038;0.428493782
275;8.51212121;6.22E-10;1.82E-08;0.0000004;0.428493556
276;8.64545454;6.65E-10;1.90E-08;0.00000047;0.428493326
277;8.81818182;7.08E-10;1.98E-08;0.00000048;0.428493091
278;9.03333333;7.55E-10;2.07E-08;0.00000043;0.428492855
279;9.26666667;7.97E-10;2.13E-08;0.00000045;0.428492612
280;9.51818182;8.50E-10;2.23E-08;0.00000072;0.428492366
281;9.76969697;1.05E-09;2.99E-08;0.00000367;0.428492115
282;10.0030303;1.47E-09;5.16E-08;0.00001028;0.428491839
283;10.19090909;1.79E-09;7.38E-08;0.00000951;0.428491513
284;10.36060606;2.08E-09;9.75E-08;0.00001063;0.428491134
285;10.5030303;2.44E-09;1.30E-07;0.00001544;0.428490698
286;10.5969697;2.64E-09;1.54E-07;0.00001292;0.428490182
287;10.66060606;2.85E-09;1.81E-07;0.00001499;0.428489565
288;10.75757576;2.91E-09;1.94E-07;0.00001164;0.428488841
289;10.84242424;2.73E-09;1.77E-07;0.00000469;0.428488032
290;10.86969697;2.58E-09;1.59E-07;0.00000238;0.428487196
291;11.00909091;2.45E-09;1.42E-07;0.00000203;0.428486352
292;11.16969697;2.30E-09;1.23E-07;0.0000019;0.428485517
293;11.34545455;2.18E-09;1.09E-07;0.00000163;0.428484659
294;11.53636364;2.09E-09;9.73E-08;0.00000146;0.4284838
295;11.75454545;2.00E-09;8.66E-08;0.00000117;0.428482937
296;11.99393939;1.92E-09;7.73E-08;0.00000109;0.428482077
297;12.24545455;1.84E-09;6.88E-08;0.00000112;0.428481223
298;12.4969697;1.77E-09;6.12E-08;0.00000106;0.428480378
299;12.77575758;1.71E-09;5.45E-08;0.00000098;0.428479546
300;13.07272727;1.65E-09;4.84E-08;0.00000078;0.428478728
301;13.34242424;1.58E-09;4.27E-08;0.0000007;0.428477923
302;13.61818182;1.52E-09;3.76E-08;0.00000049;0.428477135
303;13.89393939;1.46E-09;3.30E-08;0.00000079;0.428476372
304;14.16666667;1.39E-09;2.86E-08;0.00000082;0.42847562
305;14.37575758;1.45E-09;2.90E-08;0.00000249;0.428474885
306;14.56363636;1.61E-09;3.33E-08;0.0000056;0.428474154
307;14.71212121;1.97E-09;4.59E-08;0.00001043;0.428473401
308;14.81212121;2.19E-09;5.51E-08;0.00000886;0.428472612
309;14.86969697;2.50E-09;6.91E-08;0.00001223;0.428471797
310;14.86666667;3.11E-09;1.04E-07;0.0000223;0.428470932
311;14.78181818;3.29E-09;1.19E-07;0.00001471;0.428470041
312;14.66363636;3.13E-09;1.11E-07;0.00000444;0.428469197
313;14.54242424;2.95E-09;1.01E-07;0.00000696;0.428468329
314;14.43030303;2.65E-09;8.36E-08;0.00000417;0.428467466
315;14.33333333;2.30E-09;6.40E-08;0.00000191;0.428466627
316;14.25454545;2.00E-09;5.01E-08;0.00000066;0.428465779
317;14.17878788;1.77E-09;3.95E-08;0.00000047;0.428464971
318;14.09090909;1.54E-09;3.08E-08;0.00000028;0.428464192
319;14;1.35E-09;2.39E-08;0.00000028;0.428463454
320;13.90909091;1.17E-09;1.84E-08;0.00000028;0.428462758
321;13.80606061;1.01E-09;1.41E-08;0.00000029;0.428462103
322;13.69393939;8.66E-10;1.07E-08;0.00000043;0.42846149
323;13.6;7.45E-10;8.23E-09;0.00000045;0.428460914
324;13.49090909;6.45E-10;6.39E-09;0.00000076;0.428460374
325;13.41818182;5.66E-10;5.09E-09;0.00000193;0.428459866
326;13.36969697;5.08E-10;4.20E-09;0.0000022;0.428459386
327;13.30909091;5.19E-10;4.20E-09;0.0000025;0.42845893
328;13.24242424;4.81E-10;3.64E-09;0.00000282;0.428458496
329;13.11212121;7.29E-10;6.74E-09;0.00000434;0.428458084
330;12.94545455;1.40E-09;2.01E-08;0.00001325;0.428457668
331;12.75151515;2.10E-09;4.44E-08;0.00001931;0.428457174
332;12.52121212;2.87E-09;8.73E-08;0.00003368;0.428456523
333;12.26363636;3.93E-09;1.71E-07;0.00006308;0.428455703
334;12.00606061;4.18E-09;2.17E-07;0.00004311;0.428454722
335;11.72121212;4.72E-09;3.02E-07;0.00006891;0.428453482
336;11.42121212;4.39E-09;3.13E-07;0.00004142;0.428451798
337;11.13333333;3.81E-09;2.80E-07;0.00001861;0.428449724
338;10.88181818;3.31E-09;2.38E-07;0.00000759;0.428447496
339;10.63030303;2.97E-09;2.05E-07;0.00000513;0.428445354
340;10.37878788;2.69E-09;1.76E-07;0.00000526;0.428443403
341;10.14242424;2.42E-09;1.50E-07;0.00000463;0.428441588
342;9.94848485;2.17E-09;1.27E-07;0.00000391;0.428439884
343;9.8;1.93E-09;1.06E-07;0.00000337;0.428438267
344;9.71212121;1.73E-09;8.91E-08;0.00000394;0.428436708
345;9.64848485;1.54E-09;7.43E-08;0.00000376;0.428435223
346;9.56969697;1.38E-09;6.17E-08;0.00000299;0.4284338
347;9.5;1.23E-09;5.11E-08;0.0000026;0.428432444
348;9.4;1.09E-09;4.20E-08;0.00000288;0.428431153
349;9.31212121;9.70E-10;3.45E-08;0.00000298;0.428429914
350;9.1969697;8.58E-10;2.81E-08;0.00000282;0.42842876
351;9.15151515;7.60E-10;2.28E-08;0.00000265;0.428427668
352;9.12121212;6.70E-10;1.84E-08;0.00000226;0.428426634
353;9.1030303;6.61E-10;1.78E-08;0.00000269;0.428425651
354;9.1030303;6.98E-10;1.94E-08;0.00000378;0.428424695
355;9.07878788;7.46E-10;2.19E-08;0.00000438;0.428423741
356;9.01818182;7.83E-10;2.42E-08;0.00000496;0.428422782
357;8.95757576;8.74E-10;2.98E-08;0.00000635;0.428421801
358;8.85454546;1.12E-09;4.65E-08;0.00001827;0.428420779
359;8.71212121;1.18E-09;5.46E-08;0.00001261;0.428419666
360;8.57575758;1.26E-09;6.48E-08;0.00001568;0.428418491
361;8.41212121;1.34E-09;7.63E-08;0.00001688;0.428417263
362;8.28787879;1.17E-09;6.37E-08;0.00000356;0.42841601
363;8.18787879;1.05E-09;5.39E-08;0.00000174;0.428414802
364;8.11515152;9.45E-10;4.54E-08;0.0000015;0.428413648
365;8.06666667;8.48E-10;3.81E-08;0.00000125;0.428412558
366;8.04242424;7.61E-10;3.19E-08;0.00000125;0.42841152
367;8.03636364;6.82E-10;2.66E-08;0.00000103;0.428410528
368;8.04545455;6.10E-10;2.20E-08;0.00000075;0.428409588
369;8.06060606;5.43E-10;1.81E-08;0.00000102;0.428408691
370;8.07272727;4.81E-10;1.48E-08;0.00000078;0.428407839
371;8.10909091;4.24E-10;1.19E-08;0.00000053;0.428407025
372;8.16060606;3.73E-10;9.60E-09;0.00000081;0.428406252
373;8.22727273;3.25E-10;7.64E-09;0.00000085;0.428405514
374;8.2969697;2.82E-10;6.05E-09;0.00000117;0.428404812
375;8.36060606;2.43E-10;4.74E-09;0.0000015;0.428404141
376;8.41515151;1.85E-10;3.13E-09;0.0000015;0.428403503
377;8.47272727;3.16E-10;6.57E-09;0.00000703;0.428402891
378;8.53030303;5.90E-10;1.78E-08;0.00001825;0.428402267
379;8.61515152;8.26E-10;3.33E-08;0.00002024;0.42840155
380;8.69090909;1.18E-09;6.60E-08;0.00003991;0.428400667
381;8.79090909;1.34E-09;9.09E-08;0.00002961;0.428399542
382;8.88181818;1.54E-09;1.24E-07;0.00003463;0.428398237
383;8.99090909;1.51E-09;1.30E-07;0.00001514;0.428396807
384;9.04848485;1.43E-09;1.25E-07;0.00000755;0.42839531
385;9.10606061;1.31E-09;1.11E-07;0.00000294;0.428393811
386;9.17272727;1.18E-09;9.44E-08;0.00000198;0.428392352
387;9.26363636;1.07E-09;8.04E-08;0.00000206;0.428390946
388;9.4;9.71E-10;6.80E-08;0.00000253;0.428389574
389;9.53939394;8.75E-10;5.66E-08;0.00000394;0.428388258
390;9.63030303;7.85E-10;4.68E-08;0.00000307;0.428386988
391;9.7;7.01E-10;3.82E-08;0.00000269;0.428385765
392;9.76666667;6.22E-10;3.09E-08;0.0000032;0.428384592
393;9.8030303;5.59E-10;2.56E-08;0.00000192;0.428383478
394;9.86060606;4.89E-10;2.02E-08;0.00000141;0.428382413
395;9.93333333;4.24E-10;1.57E-08;0.00000244;0.428381401
396;10.01818182;3.66E-10;1.21E-08;0.00000624;0.42838044
397;10.10909091;3.13E-10;9.18E-09;0.00000524;0.428379527
398;10.21515152;2.65E-10;6.87E-09;0.00000583;0.428378659
399;10.30606061;2.21E-10;5.08E-09;0.0000045;0.428377833
400;10.37878788;1.84E-10;3.76E-09;0.00000276;0.428377048
401;10.44848485;2.36E-10;5.18E-09;0.00000938;0.428376296
402;10.48787879;5.07E-10;1.68E-08;0.00003413;0.428375542
403;10.46363636;8.42E-10;4.09E-08;0.00005923;0.428374673
404;10.38181818;1.07E-09;6.61E-08;0.00006362;0.428373566
405;10.26666667;1.52E-09;1.25E-07;0.00012144;0.428372213
406;10.16666667;1.94E-09;2.00E-07;0.00015542;0.428370473
407;10.06666667;2.24E-09;2.71E-07;0.00016814;0.42836816
408;9.96363636;2.16E-09;2.87E-07;0.00011173;0.428365156
409;9.86060606;1.92E-09;2.66E-07;0.00006139;0.428361459
410;9.74545454;1.61E-09;2.21E-07;0.00001921;0.428357371
411;9.61212121;1.45E-09;1.92E-07;0.0000091;0.428353344
412;9.45454545;1.35E-09;1.73E-07;0.00000632;0.42834961
413;9.29393939;1.26E-09;1.56E-07;0.00000779;0.428346198
414;9.1030303;1.16E-09;1.38E-07;0.00000821;0.428343078
415;8.91515151;1.06E-09;1.20E-07;0.00000844;0.428340152
416;8.69393939;9.55E-10;1.03E-07;0.00000853;0.428337416
417;8.47575758;8.60E-10;8.78E-08;0.00000863;0.428334841
418;8.32121212;7.73E-10;7.47E-08;0.00000711;0.428332422
419;8.16666667;6.94E-10;6.33E-08;0.00000599;0.428330147
420;8.03636364;6.26E-10;5.38E-08;0.00000614;0.428327979
421;7.91212121;5.64E-10;4.56E-08;0.00000536;0.428325923
422;7.8;5.08E-10;3.85E-08;0.00000559;0.428323971
423;7.75454545;4.59E-10;3.26E-08;0.00000423;0.42832211
424;7.76363636;4.28E-10;2.90E-08;0.00000467;0.428320337
425;7.76363636;5.55E-10;4.32E-08;0.00004345;0.428318573
426;7.76969697;7.23E-10;6.79E-08;0.00007615;0.428316659
427;7.77272727;9.02E-10;1.01E-07;0.00010422;0.428314428
428;7.79393939;1.07E-09;1.40E-07;0.00012285;0.428311754
429;7.83030303;1.02E-09;1.42E-07;0.00006235;0.4283087
430;7.86969697;1.13E-09;1.72E-07;0.00010414;0.428305303
431;7.88181818;1.24E-09;2.08E-07;0.00014622;0.428301355
432;7.84545454;1.13E-09;2.00E-07;0.0000663;0.428296831
433;7.8030303;9.81E-10;1.76E-07;0.00002433;0.428291924
434;7.75757576;8.57E-10;1.51E-07;0.0000058;0.428287008
435;7.73939394;7.85E-10;1.34E-07;0.00000444;0.428282379
436;7.77878788;7.40E-10;1.22E-07;0.00000477;0.428278101
437;7.85151515;6.96E-10;1.10E-07;0.00000702;0.428274168
438;7.94545454;6.52E-10;9.76E-08;0.00001325;0.428270519
439;8.00606061;6.07E-10;8.59E-08;0.00001315;0.428267069
440;8.05454545;5.55E-10;7.38E-08;0.00001313;0.42826385
441;8.1030303;5.08E-10;6.31E-08;0.00001239;0.428260817
442;8.15757576;4.65E-10;5.38E-08;0.00001335;0.428257939
443;8.25151515;4.22E-10;4.49E-08;0.00001457;0.428255183
444;8.38484848;3.87E-10;3.80E-08;0.00001561;0.42825257
445;8.54848485;3.57E-10;3.22E-08;0.00001855;0.428250023
446;8.72424242;3.25E-10;2.69E-08;0.00001835;0.428247618
447;8.92727273;2.98E-10;2.24E-08;0.00001937;0.428245289
448;9.11515152;2.70E-10;1.85E-08;0.00002056;0.42824305
449;9.34848485;3.40E-10;2.47E-08;0.00006015;0.428240862
450;9.54242424;6.25E-10;6.10E-08;0.00020426;0.428238475
451;9.63939394;1.03E-09;1.29E-07;0.00037148;0.428235383
452;9.7;1.41E-09;2.10E-07;0.00046958;0.428231217
453;9.68787879;1.63E-09;2.73E-07;0.00046216;0.42822567
454;9.65151515;1.70E-09;3.13E-07;0.00047822;0.428218479
455;9.5969697;1.51E-09;2.95E-07;0.00032816;0.428209286
456;9.51818182;1.35E-09;2.77E-07;0.00029746;0.428198552
457;9.4030303;1.12E-09;2.36E-07;0.00017299;0.428186834
458;9.3030303;9.02E-10;1.87E-07;0.00005452;0.42817503
459;9.20606061;8.22E-10;1.67E-07;0.00003563;0.428164026
460;9.1;7.89E-10;1.56E-07;0.00002919;0.42815425
461;8.94242424;7.53E-10;1.44E-07;0.00002413;0.428145794
462;8.76060606;7.00E-10;1.29E-07;0.00001973;0.428138507
463;8.56969697;6.41E-10;1.14E-07;0.00001705;0.428132067
464;8.39393939;5.75E-10;9.76E-08;0.00001426;0.42812627
465;8.27272727;5.14E-10;8.32E-08;0.00001149;0.428120915
466;8.16666667;4.58E-10;7.05E-08;0.00001142;0.428115921
467;8.06969697;4.08E-10;5.95E-08;0.00001011;0.428111232
468;8.01818182;3.67E-10;5.04E-08;0.00000867;0.428106767
469;7.98181818;3.28E-10;4.23E-08;0.00000746;0.428102546
470;7.98181818;2.94E-10;3.55E-08;0.00000891;0.42809857
471;8.01515151;2.65E-10;2.99E-08;0.00000921;0.42809479
472;8.06060606;2.40E-10;2.52E-08;0.00000807;0.428091148
473;8.09090909;2.35E-10;2.38E-08;0.00001475;0.428087683
474;8.08484849;2.44E-10;2.50E-08;0.00002511;0.428084292
475;8.03939394;3.48E-10;4.24E-08;0.00012342;0.428080828
476;7.91212121;5.09E-10;7.63E-08;0.00027909;0.428076887
477;7.72121212;6.05E-10;1.02E-07;0.00030485;0.428072152
478;7.52121212;8.87E-10;1.68E-07;0.00070701;0.428066555
479;7.27878788;9.31E-10;1.92E-07;0.00051946;0.428059438
480;7.03030303;8.72E-10;1.92E-07;0.00038378;0.428051042
481;6.78484849;7.36E-10;1.68E-07;0.00021049;0.42804167
482;6.51515152;5.59E-10;1.27E-07;0.0000471;0.428032086
483;6.27272727;4.81E-10;1.07E-07;0.00002622;0.428023046
484;6.02121212;4.39E-10;9.63E-08;0.00001891;0.428014725
485;5.79090909;3.99E-10;8.58E-08;0.00001656;0.428007177
486;5.5969697;3.64E-10;7.67E-08;0.00001445;0.428000238
487;5.39090909;3.30E-10;6.79E-08;0.00001159;0.427993845
488;5.19090909;2.98E-10;5.99E-08;0.00001028;0.427987905
489;5.00606061;2.68E-10;5.26E-08;0.00000713;0.427982353
490;4.88787879;2.43E-10;4.65E-08;0.00000593;0.427977128
491;4.83636364;2.22E-10;4.14E-08;0.00000274;0.427972185
492;4.86969697;2.04E-10;3.70E-08;0.00000139;0.427967481
493;4.95757576;1.88E-10;3.30E-08;0.00000142;0.427963031
494;5.1;1.76E-10;2.97E-08;0.00000137;0.427958752
495;5.24848485;1.64E-10;2.65E-08;0.00000135;0.427954659
496;5.38787879;1.53E-10;2.37E-08;0.00000137;0.427950697
497;5.50909091;2.35E-10;4.26E-08;0.00011996;0.427946826
498;5.6;3.82E-10;8.15E-08;0.0004332;0.42794245
499;5.65151515;5.66E-10;1.32E-07;0.00074669;0.427936876
500;5.67878788;7.70E-10;1.86E-07;0.00105715;0.427929616
501;5.66060606;9.12E-10;2.26E-07;0.00122841;0.427919964
502;5.61818182;9.25E-10;2.36E-07;0.00119099;0.427907828
503;5.55757576;8.31E-10;2.21E-07;0.0009446;0.427893225
504;5.48787879;6.85E-10;1.91E-07;0.00065313;0.427876785
505;5.40606061;5.15E-10;1.49E-07;0.00032298;0.42785931
506;5.35151515;3.58E-10;1.04E-07;0.00007284;0.427841746
507;5.33636364;3.15E-10;9.10E-08;0.0000543;0.427824912
508;5.36060606;3.09E-10;8.86E-08;0.00005805;0.427809051
509;5.43333333;3.11E-10;8.84E-08;0.00005305;0.427794291
510;5.55151515;3.14E-10;8.76E-08;0.00006107;0.427780691
511;5.66060606;3.14E-10;8.56E-08;0.00007052;0.427768319
512;5.8030303;3.11E-10;8.26E-08;0.00006189;0.427757164
513;5.93030303;3.02E-10;7.78E-08;0.00005835;0.427747184
514;6.08484849;2.89E-10;7.17E-08;0.00005173;0.427738237
515;6.28787879;2.71E-10;6.45E-08;0.00004955;0.427730151
516;6.50909091;2.52E-10;5.71E-08;0.00004062;0.427722728
517;6.7969697;2.32E-10;4.97E-08;0.00003876;0.427715828
518;7.10909091;2.13E-10;4.29E-08;0.00003574;0.427709312
519;7.43636364;1.96E-10;3.68E-08;0.00003683;0.427703085
520;7.77575758;1.85E-10;3.24E-08;0.00003975;0.427697153
521;8.04848485;2.14E-10;3.81E-08;0.00015469;0.427691334
522;8.31515152;3.52E-10;7.23E-08;0.00063958;0.427685024
523;8.5030303;3.90E-10;8.68E-08;0.00045301;0.427677575
524;8.61515152;4.61E-10;1.10E-07;0.00064327;0.427669242
525;8.64242424;6.31E-10;1.58E-07;0.00131581;0.427659727
526;8.57272727;6.12E-10;1.60E-07;0.0008635;0.427648591
527;8.5030303;5.92E-10;1.59E-07;0.00078488;0.42763645
528;8.40909091;4.61E-10;1.26E-07;0.0001754;0.427624008
529;8.30909091;4.34E-10;1.21E-07;0.00026921;0.427612198
530;8.22121212;3.38E-10;9.11E-08;0.00002106;0.427601128
531;8.11515152;2.90E-10;7.49E-08;0.00002083;0.427591247
532;7.96666667;2.47E-10;6.06E-08;0.00000831;0.427582308
533;7.83030303;2.12E-10;4.93E-08;0.00000754;0.42757405
534;7.69090909;1.83E-10;4.01E-08;0.00000416;0.427566355
535;7.54242424;1.60E-10;3.30E-08;0.00000401;0.427559101
536;7.39090909;1.39E-10;2.69E-08;0.00000394;0.427552325
537;7.2;1.22E-10;2.21E-08;0;0.42754591
538;7.07272727;1.08E-10;1.82E-08;0;0.427539849
539;7.05454546;9.65E-11;1.52E-08;0;0.427534055
540;7.11515151;8.63E-11;1.26E-08;0;0.427528538
541;7.2;7.77E-11;1.05E-08;0;0.42752321
542;7.25151515;6.98E-11;8.78E-09;0;0.427518074
543;7.29090909;6.24E-11;7.27E-09;0;0.427513174
544;7.31818182;5.56E-11;6.00E-09;0;0.427508446
545;7.2969697;1.07E-10;1.42E-08;0.00016037;0.427503825
546;7.3030303;2.26E-10;4.01E-08;0.00066718;0.427498762
547;7.27272727;4.17E-10;8.97E-08;0.00146681;0.427492155
548;7.19393939;6.28E-10;1.49E-07;0.00218848;0.427483001
549;7.1;7.59E-10;1.90E-07;0.00236959;0.427470901
550;6.97878788;7.69E-10;2.05E-07;0.0021185;0.427455671
551;6.82121212;6.12E-10;1.76E-07;0.00097145;0.427437779
552;6.63636364;4.58E-10;1.39E-07;0.00034855;0.427418784
553;6.45454545;3.42E-10;1.06E-07;0.00004969;0.42740027
554;6.34545454;2.90E-10;8.98E-08;0.0000322;0.42738344
555;6.21818182;2.57E-10;7.86E-08;0.00002362;0.427368547
556;6.09393939;2.30E-10;6.92E-08;0.00001936;0.427355443
557;5.97878788;2.05E-10;6.01E-08;0.0000197;0.427343765
558;5.88484849;1.80E-10;5.14E-08;0.0000147;0.427333199
559;5.85151515;1.59E-10;4.40E-08;0.00000979;0.427323452
560;5.79393939;1.39E-10;3.71E-08;0.00000979;0.427314451
561;5.76363636;1.23E-10;3.14E-08;0.00000975;0.427306013
562;5.76969697;1.10E-10;2.72E-08;0.00001079;0.427298012
563;5.81212121;9.87E-11;2.31E-08;0.00001042;0.427290444
564;5.92727273;8.93E-11;1.99E-08;0.00001034;0.427283202
565;6.13333333;8.11E-11;1.71E-08;0.00000531;0.427276263
566;6.35757576;7.50E-11;1.47E-08;0.00004904;0.427269517
567;6.61818182;6.97E-11;1.26E-08;0.00008503;0.427262982
568;6.88787879;6.44E-11;1.06E-08;0.00009817;0.427256689
569;7.14848485;8.60E-11;1.43E-08;0.0002691;0.427250498
570;7.44848485;1.73E-10;3.39E-08;0.00092753;0.427243948
571;7.70606061;2.31E-10;4.96E-08;0.00090972;0.427236156
572;7.85757576;2.57E-10;5.81E-08;0.00078963;0.427227329
573;7.94242424;3.07E-10;7.35E-08;0.00102545;0.427217583
574;8.0030303;3.89E-10;9.85E-08;0.00154184;0.427206761
575;8.11212121;3.77E-10;1.02E-07;0.00082599;0.427194892
576;8.23939394;3.34E-10;9.29E-08;0.00049993;0.42718262
577;8.37272727;2.84E-10;7.84E-08;0.00028484;0.427170619
578;8.54848485;2.33E-10;6.14E-08;0.00014024;0.427159347
579;8.71515152;2.00E-10;4.96E-08;0.0001557;0.427148844
580;8.86969697;1.71E-10;3.94E-08;0.00017259;0.427138955
581;9.04545455;1.49E-10;3.17E-08;0.00017493;0.427129525
582;9.22424242;1.31E-10;2.55E-08;0.00018225;0.427120514
583;9.3969697;1.15E-10;2.03E-08;0.00023424;0.427111888
584;9.57878788;1.02E-10;1.61E-08;0.0002315;0.427103592
585;9.75757576;9.01E-11;1.28E-08;0.00023535;0.427095595
586;9.91212121;7.89E-11;1.00E-08;0.00021645;0.427087919
587;10.0969697;6.87E-11;7.82E-09;0.00018744;0.427080459
588;10.31212121;5.75E-11;5.77E-09;0.00021076;0.42707325
589;10.56666667;4.97E-11;4.43E-09;0.00024497;0.427066255
590;10.84242424;4.22E-11;3.36E-09;0.00024294;0.427059416
591;11.13939394;3.53E-11;2.51E-09;0.00024389;0.427052706
592;11.40909091;2.93E-11;1.87E-09;0.00022974;0.427046122
593;11.65757576;4.15E-11;2.60E-09;0.0002029;0.427039643
594;11.9;8.32E-11;6.30E-09;0.00043486;0.427033127
595;12.11818182;1.90E-10;2.06E-08;0.00107124;0.427026105
596;12.29090909;3.39E-10;5.00E-08;0.00183842;0.427017336
597;12.41818182;3.93E-10;6.92E-08;0.00135972;0.427006253
598;12.52727273;4.23E-10;8.35E-08;0.00121503;0.426994271
599;12.6;3.81E-10;8.03E-08;0.00056776;0.426982295
600;12.63333333;3.08E-10;6.51E-08;0.00017268;0.426970807
601;12.65757576;2.45E-10;5.01E-08;0.0000872;0.426959759
602;12.68181818;1.94E-10;3.74E-08;0.00005069;0.426949122
603;12.68787879;1.56E-10;2.81E-08;0.00005011;0.426938885
604;12.68484848;1.26E-10;2.10E-08;0.00003724;0.426929135
605;12.66666667;1.04E-10;1.60E-08;0.0000373;0.426919771
606;12.62121212;8.47E-11;1.19E-08;0.00002397;0.426910854
607;12.57878788;6.91E-11;8.87E-09;0.00003552;0.426902362
608;12.50909091;5.62E-11;6.55E-09;0.0000458;0.426894251
609;12.42424242;4.55E-11;4.80E-09;0.00004604;0.426886552
610;12.35757576;3.63E-11;3.49E-09;0.00003282;0.426879191
611;12.31212121;2.89E-11;2.53E-09;0.00003318;0.426872148
612;12.28181818;2.29E-11;1.83E-09;0.00004413;0.426865384
613;12.26363636;1.81E-11;1.34E-09;0.00003239;0.426858867
614;12.22727273;1.45E-11;1.01E-09;0.00003268;0.42685258
615;12.22727273;1.21E-11;7.95E-10;0.00003195;0.426846484
616;12.22424242;1.07E-11;6.69E-10;0.00004268;0.426840564
617;12.19393939;1.88E-11;1.25E-09;0.00010708;0.426834797
618;12.12727273;9.90E-11;1.11E-08;0.00106101;0.426829029
619;12.04242424;2.19E-10;3.43E-08;0.0020801;0.426822242
620;11.9;3.45E-10;6.43E-08;0.00292061;0.42681298
621;11.72121212;3.89E-10;8.19E-08;0.00193967;0.426801747
622;11.49393939;4.96E-10;1.12E-07;0.00321641;0.426789644
623;11.22121212;6.06E-10;1.44E-07;0.00417988;0.426775997
624;10.9030303;6.00E-10;1.50E-07;0.00294983;0.426761197
625;10.60909091;4.93E-10;1.28E-07;0.00127753;0.426746227
626;10.31212121;3.70E-10;9.60E-08;0.00029152;0.426732214
627;9.99393939;2.93E-10;7.54E-08;0.00022707;0.426719322
628;9.66060606;2.00E-10;5.15E-08;0.00015178;0.426704969
629;9.33030303;1.60E-10;4.13E-08;0.00009819;0.426691571
630;8.9969697;1.34E-10;3.46E-08;0.00005094;0.426679087
631;8.66363636;1.14E-10;2.91E-08;0.00003314;0.426667462
632;8.33333333;9.69E-11;2.46E-08;0.00002542;0.426656671
633;8.01212121;8.38E-11;2.10E-08;0.00002511;0.426646514
634;7.74242424;7.32E-11;1.81E-08;0.00001321;0.426636913
635;7.50606061;6.43E-11;1.56E-08;0.00000644;0.426627869
636;7.36060606;5.73E-11;1.37E-08;0.00000643;0.426619176
637;7.27575758;5.13E-11;1.20E-08;0;0.426610885
638;7.26969697;4.63E-11;1.06E-08;0;0.42660288
639;7.20909091;4.20E-11;9.37E-09;0;0.426595108
640;7.19393939;3.82E-11;8.30E-09;0;0.426587641
641;7.15454546;4.44E-11;1.00E-08;0.00051008;0.426580415
642;7.08181818;7.24E-11;1.91E-08;0.0017963;0.426573151
643;6.94848485;1.44E-10;4.66E-08;0.00382182;0.426565128
644;6.77272727;2.52E-10;9.00E-08;0.00530347;0.426554838
645;6.58787879;3.67E-10;1.32E-07;0.00637871;0.426540736
646;6.41212121;4.05E-10;1.48E-07;0.00456049;0.426522559
647;6.23939394;3.78E-10;1.41E-07;0.00286161;0.426500761
648;6.03030303;3.54E-10;1.36E-07;0.00274931;0.42647639
649;5.81212121;2.94E-10;1.16E-07;0.00112538;0.426450673
650;5.60909091;2.30E-10;9.14E-08;0.00021847;0.426424675
651;5.43636364;1.92E-10;7.63E-08;0.00018718;0.426399508
652;5.3;1.69E-10;6.73E-08;0.00018212;0.426375675
653;5.2;1.53E-10;6.07E-08;0.00016628;0.426353413
654;5.12727273;1.40E-10;5.56E-08;0.00017359;0.426332682
655;5.09090909;1.30E-10;5.17E-08;0.00018613;0.426313374
656;5.07272727;1.21E-10;4.79E-08;0.00015412;0.426295327
657;5.06060606;1.11E-10;4.41E-08;0.00011616;0.426278536
658;5.03636364;1.02E-10;4.02E-08;0.00011876;0.426262864
659;5.03030303;9.32E-11;3.66E-08;0.00010671;0.426248166
660;5.06666667;8.51E-11;3.32E-08;0.00013002;0.426234326
661;5.13636364;7.83E-11;3.03E-08;0.00012091;0.426221149
662;5.26969697;7.22E-11;2.76E-08;0.00012429;0.426208608
663;5.48484848;6.70E-11;2.53E-08;0.00008854;0.426196547
664;5.72424242;6.18E-11;2.31E-08;0.00005456;0.42618502
665;5.98787879;5.84E-11;2.11E-08;0.0000552;0.426173926
666;6.21212121;5.57E-11;1.99E-08;0.00009979;0.426163173
667;6.37575758;5.75E-11;2.10E-08;0.00035444;0.426152717
668;6.50909091;6.18E-11;2.37E-08;0.00044424;0.426142314
669;6.55151515;8.01E-11;3.38E-08;0.00177771;0.426131757
670;6.52727273;1.33E-10;6.11E-08;0.00540019;0.426120174
671;6.41515151;1.85E-10;8.94E-08;0.00498857;0.426106305
672;6.33939394;1.98E-10;9.87E-08;0.00276903;0.426089576
673;6.1969697;1.76E-10;8.88E-08;0.00096641;0.426070778
674;6.08484849;1.46E-10;7.33E-08;0.00021672;0.426051266
675;5.99393939;1.26E-10;6.21E-08;0.00018915;0.4260321
676;5.96666667;1.12E-10;5.45E-08;0.00020589;0.426013677
677;5.96666667;1.01E-10;4.83E-08;0.00022267;0.425996307
678;5.96060606;9.16E-11;4.29E-08;0.00018778;0.425979983
679;5.95454545;8.28E-11;3.82E-08;0.00017738;0.425964624
680;5.95757576;7.51E-11;3.41E-08;0.00012886;0.425950098
681;5.95454545;6.79E-11;3.03E-08;0.00009963;0.425936353
682;5.97272727;6.16E-11;2.70E-08;0.00011107;0.425923281
683;6.01212121;5.61E-11;2.42E-08;0.00011481;0.425910799
684;6.06969697;5.13E-11;2.16E-08;0.00014727;0.425898847
685;6.14242424;4.68E-11;1.93E-08;0.00013237;0.425887424
686;6.23333333;4.29E-11;1.72E-08;0.00014783;0.425876425
687;6.34242424;3.96E-11;1.55E-08;0.00014752;0.425865757
688;6.45454545;3.64E-11;1.38E-08;0.00011774;0.42585541
689;6.55757576;3.55E-11;1.28E-08;0.0002329;0.425845417
690;6.66060606;3.92E-11;1.44E-08;0.00073922;0.42583565
691;6.76666667;4.60E-11;1.78E-08;0.00095896;0.425825866
692;6.85757576;5.43E-11;2.28E-08;0.00101118;0.42581578
693;6.91818182;7.25E-11;3.37E-08;0.00244111;0.425805038
694;6.95757576;8.48E-11;4.32E-08;0.00174955;0.425793219
695;6.93333333;9.92E-11;5.43E-08;0.0023233;0.425779886
696;6.84242424;9.75E-11;5.61E-08;0.00081855;0.425765444
697;6.72727273;8.72E-11;5.10E-08;0.00021825;0.425750375
698;6.6;7.67E-11;4.46E-08;0.00008497;0.425735325
699;6.50606061;6.80E-11;3.91E-08;0.00006759;0.425720669
700;6.43030303;6.08E-11;3.44E-08;0.00006675;0.425706593
701;6.34848485;5.46E-11;3.04E-08;0.00006675;0.425693128
702;6.27272727;4.93E-11;2.69E-08;0.00006672;0.425680207
703;6.22727273;4.47E-11;2.39E-08;0.00008332;0.425667851
704;6.21212121;4.07E-11;2.13E-08;0.0000832;0.425655999
705;6.2;3.72E-11;1.90E-08;0.0000825;0.425644609
706;6.1969697;3.41E-11;1.69E-08;0.00006794;0.425633649
707;6.2030303;3.12E-11;1.51E-08;0.00003342;0.425623023
708;6.25151515;2.87E-11;1.36E-08;0.00001666;0.425612761
709;6.33030303;2.64E-11;1.21E-08;0.00001684;0.425602799
710;6.41515151;2.43E-11;1.08E-08;0.00001796;0.425593178
711;6.38787879;2.25E-11;9.66E-09;0.0001877;0.425583907
712;6.38787879;2.08E-11;8.61E-09;0.00017718;0.425574935
713;6.41515151;2.28E-11;9.24E-09;0.00070751;0.425566198
714;6.44242424;3.00E-11;1.28E-08;0.00148799;0.425557525
715;6.45757576;4.61E-11;2.18E-08;0.00298337;0.425548527
716;6.43333333;7.64E-11;3.91E-08;0.00540671;0.42553851
717;6.37878788;1.05E-10;5.75E-08;0.00475716;0.425526419
718;6.35151515;1.01E-10;5.82E-08;0.00053861;0.425512435
719;6.2969697;9.78E-11;5.87E-08;0.00081531;0.425496971
720;6.22424242;9.46E-11;5.88E-08;0.00087408;0.425481115
721;6.12424242;8.71E-11;5.53E-08;0.00051673;0.425464917
722;6.05757576;7.68E-11;4.89E-08;0.00018836;0.425448697
723;6.01212121;6.79E-11;4.30E-08;0.00019506;0.425432921
724;5.95757576;6.09E-11;3.82E-08;0.00010073;0.425417591
725;5.8969697;5.48E-11;3.40E-08;0.00012761;0.425402972
726;5.85757576;4.96E-11;3.04E-08;0.00012663;0.425389048
727;5.82424242;4.48E-11;2.71E-08;0.00016486;0.425375721
728;5.79393939;4.07E-11;2.42E-08;0.00019572;0.425362932
729;5.77272727;3.80E-11;2.17E-08;0.00016538;0.425350588
730;5.77272727;3.56E-11;1.96E-08;0.00016785;0.425338722
731;5.78787879;3.32E-11;1.76E-08;0.00010934;0.425327339
732;5.82727273;3.10E-11;1.59E-08;0.00008899;0.425316331
733;5.92121212;2.92E-11;1.44E-08;0.00009177;0.425305643
734;6.01515152;2.74E-11;1.31E-08;0.00007415;0.425295223
735;6.12727273;2.58E-11;1.19E-08;0.00007438;0.425285061
736;6.22424242;2.43E-11;1.08E-08;0.00009452;0.425275212
737;6.28181818;2.42E-11;1.02E-08;0.00035589;0.42526565
738;6.34545454;2.95E-11;1.27E-08;0.00154358;0.425256244
739;6.4;4.07E-11;1.89E-08;0.00251628;0.425246665
740;6.43333333;5.98E-11;3.01E-08;0.00433687;0.425236373
741;6.40909091;9.21E-11;4.87E-08;0.00718932;0.425224671
742;6.33939394;1.25E-10;6.75E-08;0.00700255;0.425210491
743;6.23030303;1.48E-10;8.08E-08;0.00585305;0.425194049
744;6.24242424;1.56E-10;8.58E-08;0.00399293;0.425175218
745;6.20606061;1.41E-10;7.77E-08;0.00127525;0.425154882
746;6.12727273;1.23E-10;6.64E-08;0.00043062;0.425134101
747;6.05454546;1.08E-10;5.73E-08;0.00030784;0.425113897
748;5.95454545;9.61E-11;5.01E-08;0.00022998;0.425094637
749;5.9;8.62E-11;4.42E-08;0.0001885;0.425076383
750;5.89090909;7.77E-11;3.93E-08;0.00014001;0.425059077
751;5.84848485;7.01E-11;3.50E-08;0.00014294;0.42504268
752;5.77272727;6.32E-11;3.11E-08;0.00009796;0.425027126
753;5.67575758;5.71E-11;2.77E-08;0.00007563;0.425012338
754;5.62121212;5.15E-11;2.46E-08;0.00008885;0.424998117
755;5.59393939;4.70E-11;2.22E-08;0.00006588;0.42498449
756;5.58787879;4.31E-11;2.00E-08;0.00006845;0.424971408
757;5.62424242;3.96E-11;1.81E-08;0.00008945;0.424958788
758;5.67575758;3.64E-11;1.64E-08;0.00008979;0.424946685
759;5.72727273;3.36E-11;1.49E-08;0.00008251;0.424934892
760;5.78181818;3.11E-11;1.35E-08;0.00006356;0.424923467
761;5.82121212;3.21E-11;1.38E-08;0.00067479;0.424912394
762;5.82727273;4.10E-11;1.87E-08;0.00330716;0.424901414
763;5.77878788;5.77E-11;2.88E-08;0.00498751;0.424889992
764;5.7;8.04E-11;4.36E-08;0.00655996;0.424877313
765;5.56969697;1.08E-10;6.14E-08;0.00809393;0.424862783
766;5.38787879;1.20E-10;7.09E-08;0.00502392;0.4248459
767;5.15757576;1.22E-10;7.42E-08;0.0037032;0.424826948
768;4.9030303;1.18E-10;7.25E-08;0.00265761;0.424806649
769;4.61212121;1.08E-10;6.76E-08;0.00172545;0.424785458
770;4.33636364;9.30E-11;5.79E-08;0.00037202;0.424763954
771;4.08181818;8.09E-11;4.99E-08;0.00030102;0.424742633
772;3.85757576;7.13E-11;4.38E-08;0.00019336;0.424721944
773;3.63030303;6.36E-11;3.88E-08;0.00010468;0.424702063
774;3.42424242;5.70E-11;3.46E-08;0.00009358;0.42468298
775;3.21818182;5.14E-11;3.12E-08;0.0000467;0.424664702
776;3.02424242;4.66E-11;2.81E-08;0.00002956;0.424647164
777;2.85151515;4.23E-11;2.55E-08;0.00001464;0.424630309
778;2.69090909;3.85E-11;2.33E-08;0;0.424614087
779;2.60909091;3.54E-11;2.14E-08;0;0.42459839
780;2.61212121;3.29E-11;1.98E-08;0;0.424583138
781;2.67575758;3.08E-11;1.86E-08;0;0.424568304
782;2.74848485;2.86E-11;1.72E-08;0;0.424554014
783;2.82121212;2.72E-11;1.63E-08;0;0.424540058
784;2.88484849;2.58E-11;1.54E-08;0;0.424526566
785;2.95151515;2.61E-11;1.57E-08;0.00031741;0.424513561
786;2.97575758;3.50E-11;2.20E-08;0.00462057;0.424500773
787;2.96060606;5.22E-11;3.51E-08;0.00692141;0.424487568
788;2.86969697;7.68E-11;5.38E-08;0.00993458;0.424473009
789;2.73636364;1.03E-10;7.29E-08;0.01135715;0.424455931
790;2.56060606;1.25E-10;8.74E-08;0.01139953;0.424435385
791;2.36060606;1.28E-10;8.94E-08;0.00706474;0.424411925
792;2.14242424;1.16E-10;8.21E-08;0.00370476;0.424385687
793;1.9030303;9.65E-11;6.89E-08;0.00133764;0.424357687
794;1.66666667;7.64E-11;5.45E-08;0.00031028;0.424328697
795;1.46363636;6.23E-11;4.44E-08;0.00022712;0.42429936
796;1.27575758;5.12E-11;3.64E-08;0.00020853;0.424270287
797;1.07272727;4.29E-11;3.05E-08;0.00021821;0.424241618
798;0.9030303;3.64E-11;2.60E-08;0.00016695;0.42421344
799;0.74848485;3.10E-11;2.22E-08;0.00017883;0.424185769
800;0.65757576;2.69E-11;1.93E-08;0.00015983;0.424158499
801;0.56363636;2.32E-11;1.68E-08;0.00010383;0.424131695
802;0.50606061;2.02E-11;1.47E-08;0.00005655;0.424105297
803;0.48787879;1.79E-11;1.31E-08;0.00005406;0.424079249
804;0.52424242;1.64E-11;1.21E-08;0.00001997;0.424053507
805;0.56666667;1.55E-11;1.15E-08;0.00001;0.424028128
806;0.64242424;1.52E-11;1.14E-08;0.00001022;0.424003112
807;0.71515151;1.53E-11;1.15E-08;0.00001052;0.423978532
808;0.85151515;1.59E-11;1.21E-08;0.0000104;0.423954346
809;0.97878788;1.87E-11;1.44E-08;0.00043062;0.423930645
810;1.04545454;2.57E-11;2.02E-08;0.0022165;0.423907432
811;1.0969697;4.12E-11;3.36E-08;0.0065015;0.423884356
812;1.06666667;6.79E-11;5.58E-08;0.01209327;0.423860699
813;0.94545455;8.01E-11;6.68E-08;0.00739431;0.423835623
814;0.75454546;7.89E-11;6.68E-08;0.00455542;0.42380892
815;0.53030303;8.28E-11;7.03E-08;0.0074183;0.423780659
816;0.28181818;7.59E-11;6.51E-08;0.00425218;0.423751004
817;0.0030303;5.80E-11;5.03E-08;0.00095595;0.423720495
818;-0.25151515;4.08E-11;3.56E-08;0.00011919;0.423689826
819;-0.43939394;2.84E-11;2.48E-08;0.00007597;0.423659327
820;-0.61212121;1.99E-11;1.73E-08;0.00006289;0.423629257
821;-0.76060606;1.41E-11;1.23E-08;0.00005702;0.423599762
822;-0.91818182;1.00E-11;8.82E-09;0.00002236;0.423570942
823;-1.03333333;7.21E-12;6.37E-09;0.00001103;0.423542746
824;-1.11212121;5.32E-12;4.72E-09;0.0000101;0.423515182
825;-1.17272727;3.91E-12;3.49E-09;0.00000983;0.423488123
826;-1.19393939;2.86E-12;2.57E-09;0;0.423461547
827;-1.18181818;2.12E-12;1.92E-09;0;0.423435382
828;-1.15757576;1.60E-12;1.46E-09;0;0.4234096
829;-1.08484848;1.23E-12;1.14E-09;0;0.423384096
830;-0.95757576;9.72E-13;9.03E-10;0;0.423358815
831;-0.81818182;7.75E-13;7.27E-10;0;0.423333677
832;-0.68484848;6.25E-13;5.91E-10;0;0.42330868
833;-0.56666667;1.46E-12;1.40E-09;0.00010798;0.423283868
834;-0.44242424;4.22E-12;4.12E-09;0.00059797;0.423259205
835;-0.33030303;1.06E-11;1.06E-08;0.00216007;0.423234585
836;-0.25757576;1.96E-11;2.01E-08;0.00369355;0.423209859
837;-0.24848485;2.63E-11;2.76E-08;0.00323795;0.423184969
838;-0.24545454;2.83E-11;3.04E-08;0.00214128;0.423159897
839;-0.24545454;2.59E-11;2.83E-08;0.00105287;0.423134729
840;-0.26969697;2.14E-11;2.37E-08;0.00053497;0.423109643
841;-0.35454546;1.67E-11;1.87E-08;0.00031167;0.42308489
842;-0.43939394;1.21E-11;1.37E-08;0.0001271;0.423060569
843;-0.50909091;8.57E-12;9.72E-09;0.00010976;0.423036699
844;-0.55151515;6.03E-12;6.88E-09;0.00010761;0.423013284
845;-0.56969697;4.26E-12;4.89E-09;0.0000947;0.422990306
846;-0.62424242;2.95E-12;3.41E-09;0.00011267;0.422967867
847;-0.62727273;2.04E-12;2.37E-09;0.00005988;0.422945852
848;-0.62727273;1.41E-12;1.66E-09;0.00004491;0.422924275
849;-0.66363636;9.75E-13;1.15E-09;0.00002857;0.422903197
850;-0.63636364;6.74E-13;8.05E-10;0.00001403;0.422882503
851;-0.56060606;4.64E-13;5.60E-10;0.00001412;0.4228621
852;-0.47575758;3.18E-13;3.87E-10;0.00001422;0.422841975
853;-0.36969697;2.25E-13;2.77E-10;0.00002601;0.422822092
854;-0.2;1.63E-13;2.03E-10;0.00001319;0.422802385
855;-0.02424242;1.22E-13;1.53E-10;0.000013;0.422782804
856;0.13030303;7.99E-13;1.02E-09;0;0.422763375
857;0.20606061;2.41E-12;3.09E-09;0.000099;0.422744246
858;0.23333333;4.84E-12;6.33E-09;0.00034096;0.422725448
859;0.358;8.96E-12;1.19E-08;0.00086355;0.422706746
860;1.221;1.80E-11;2.45E-08;0.00139382;0.422686823
861;3.055;3.71E-11;5.11E-08;0.00307514;0.422663695
862;2.623;5.03E-11;6.84E-08;0.00579162;0.422641041
863;2.947;6.04E-11;8.11E-08;0.00497132;0.42261698
864;0.681;4.96E-11;6.67E-08;0.00238723;0.422596207
865;-0.47878788;3.63E-11;4.92E-08;0.0005269;0.422576881
866;-0.63636364;2.54E-11;3.45E-08;0.00005292;0.422557607
867;-0.80606061;1.75E-11;2.38E-08;0.00003727;0.422538619
868;-0.98484848;1.21E-11;1.65E-08;0.00002485;0.422520058
869;-1.16060606;8.55E-12;1.16E-08;0.0000245;0.422502015
870;-1.33030303;6.08E-12;8.28E-09;0.00001182;0.422484494
871;-1.52121212;4.37E-12;5.97E-09;0.00008455;0.422467537
872;-1.72424242;3.17E-12;4.34E-09;0.00010794;0.422451149
873;-1.90606061;2.33E-12;3.20E-09;0.00010642;0.422435294
874;-2.05151515;1.68E-12;2.31E-09;0.0001009;0.422419903
875;-2.11818182;1.20E-12;1.66E-09;0.00008636;0.422404842
876;-2.12121212;8.67E-13;1.21E-09;0.00007348;0.422390051
877;-2.07878788;6.29E-13;8.82E-10;0.00006078;0.422375461
878;-2.01818182;4.57E-13;6.46E-10;0.00007133;0.422361053
879;-1.9030303;3.39E-13;4.81E-10;0.000059;0.422346791
880;-1.78787879;2.50E-13;3.58E-10;0.00005727;0.422332612
881;-1.67878788;2.31E-12;3.32E-09;0.00071441;0.422318526
882;-1.56969697;8.42E-12;1.20E-08;0.00394863;0.422304311
883;0.25;2.07E-11;2.83E-08;0.00779099;0.422287125
884;1.976;4.71E-11;5.98E-08;0.01087132;0.422265983
885;2.731;7.19E-11;8.48E-08;0.01018788;0.422241673
886;3.271;8.96E-11;9.99E-08;0.00859216;0.422214558
887;3.486;9.62E-11;1.04E-07;0.00591213;0.422185362
888;3.055;9.39E-11;9.91E-08;0.00457377;0.422155794
889;1.545;7.23E-11;7.58E-08;0.00112809;0.422128905
890;0.034;4.66E-11;4.86E-08;0.00029988;0.422104847
891;-2.20606061;3.01E-11;3.12E-08;0.00027556;0.422085058
892;-2.28484848;2.06E-11;2.12E-08;0.00023137;0.422065467
893;-2.35757576;1.41E-11;1.46E-08;0.00028169;0.422046156
894;-2.44848485;9.91E-12;1.02E-08;0.00025667;0.422027246
895;-2.53636364;6.90E-12;7.12E-09;0.000253;0.422008706
896;-2.61818182;4.85E-12;5.02E-09;0.00022469;0.421990572
897;-2.71515152;3.45E-12;3.58E-09;0.00020608;0.421972874
898;-2.79090909;2.44E-12;2.54E-09;0.00017375;0.421955586
899;-2.8;1.72E-12;1.80E-09;0.00015015;0.421938602
900;-2.77272727;1.22E-12;1.28E-09;0.00009504;0.421921867
901;-2.71515152;8.71E-13;9.23E-10;0.00006816;0.42190534
902;-2.63030303;6.28E-13;6.70E-10;0.00005638;0.421888985
903;-2.51818182;4.63E-13;4.98E-10;0.00005512;0.421872804
904;-2.39090909;3.47E-13;3.75E-10;0.00006515;0.421856741
905;-2.26666667;2.26E-12;2.44E-09;0.00047305;0.421840744
906;-2.16363636;9.71E-12;1.05E-08;0.00411021;0.421824659
907;-2.12424242;2.22E-11;2.37E-08;0.00799695;0.421808155
908;-2.16969697;3.59E-11;3.73E-08;0.00975241;0.421790991
909;-2.28181818;4.82E-11;4.83E-08;0.0101197;0.421773082
910;0.142;5.95E-11;5.79E-08;0.00882978;0.42174979
911;0.358;6.31E-11;6.03E-08;0.00654212;0.421725117
912;0.142;5.69E-11;5.41E-08;0.00365425;0.421700406
913;-3.11515151;4.15E-11;3.94E-08;0.0010709;0.421681835
914;-3.35757576;2.88E-11;2.73E-08;0.00028596;0.421663735
915;-3.54545455;1.96E-11;1.85E-08;0.00020094;0.421646128
916;-3.73030303;1.33E-11;1.26E-08;0.00016545;0.421629042
917;-3.8969697;9.09E-12;8.60E-09;0.00013795;0.421612465
918;-4.04242424;6.28E-12;5.95E-09;0.00011908;0.421596369
919;-4.20606061;4.39E-12;4.18E-09;0.00012086;0.42158077
920;-4.34545454;3.12E-12;2.97E-09;0.00009316;0.42156563
921;-4.5;2.23E-12;2.14E-09;0.00007852;0.421550953
922;-4.60909091;1.56E-12;1.50E-09;0.00006549;0.421536672
923;-4.66969697;1.10E-12;1.07E-09;0.00005114;0.421522721
924;-4.66363636;7.72E-13;7.52E-10;0.00004324;0.421508972
925;-4.54848485;5.47E-13;5.36E-10;0.00003459;0.421495344
926;-4.3969697;3.88E-13;3.83E-10;0.0000336;0.421481769
927;-4.18181818;2.73E-13;2.71E-10;0.00003434;0.421468167
928;-3.97575758;1.94E-13;1.94E-10;0.00002448;0.421454563
929;-3.77878788;2.66E-12;2.67E-09;0.00046966;0.421440932
930;-3.62727273;1.38E-11;1.40E-08;0.00468815;0.421427093
931;-3.52424242;3.59E-11;3.60E-08;0.01152618;0.421412493
932;0.142;6.63E-11;6.41E-08;0.01595558;0.421390498
933;0.681;8.46E-11;7.92E-08;0.01227835;0.42136537
934;2.3;1.11E-10;1.01E-07;0.01135625;0.421334065
935;1.868;1.11E-10;9.97E-08;0.00802362;0.421302036
936;1.221;9.41E-11;8.46E-08;0.00431728;0.42127075
937;-4.00909091;5.80E-11;5.22E-08;0.00110098;0.421251014
938;-4.18787879;3.73E-11;3.36E-08;0.00022696;0.421231686
939;-4.34545454;2.34E-11;2.11E-08;0.00017323;0.421212838
940;-4.47575758;1.47E-11;1.32E-08;0.00012026;0.421194476
941;-4.61212121;9.52E-12;8.58E-09;0.00011219;0.421176671
942;-4.71818182;6.09E-12;5.51E-09;0.00005099;0.421159308
943;-4.81212121;4.06E-12;3.68E-09;0.00004651;0.421142443
944;-4.9;2.69E-12;2.45E-09;0.00003774;0.42112598
945;-4.97878788;1.76E-12;1.61E-09;0.00002673;0.421109977
946;-4.96060606;1.13E-12;1.04E-09;0.00004256;0.421094209
947;-4.9;7.26E-13;6.72E-10;0.00003192;0.421078647
948;-4.79090909;4.79E-13;4.46E-10;0.00003912;0.421063262
949;-4.6;3.13E-13;2.93E-10;0.00002002;0.421047897
950;-4.3969697;2.01E-13;1.90E-10;0.00002033;0.42103255
951;-4.17878788;1.28E-13;1.22E-10;0.00002934;0.421017204
952;-3.94545455;7.65E-14;7.32E-11;0.00004065;0.421001845
953;-3.72121212;3.10E-12;2.99E-09;0.00040688;0.42098645
954;-3.47575758;7.51E-12;7.36E-09;0.00078541;0.420970963
955;-3.25151515;1.71E-11;1.70E-08;0.00376457;0.420955209
956;0.25;3.24E-11;3.25E-08;0.00612036;0.420933245
957;0.897;4.50E-11;4.56E-08;0.00438519;0.420909331
958;1.437;5.44E-11;5.58E-08;0.00332726;0.42088356
959;1.545;5.67E-11;5.88E-08;0.0022882;0.420856982
960;1.545;5.16E-11;5.40E-08;0.00095582;0.420830042
961;1.545;4.59E-11;4.84E-08;0.00062824;0.420802929
962;1.545;4.01E-11;4.26E-08;0.00034369;0.42077571
963;1.76;3.78E-11;4.05E-08;0.00038962;0.420747842
964;1.868;3.74E-11;4.04E-08;0.00039487;0.4207196
965;2.084;3.84E-11;4.19E-08;0.0003831;0.420690629
966;2.084;3.86E-11;4.25E-08;0.000386;0.420661492
967;2.623;4.22E-11;4.70E-08;0.00046667;0.420630609
968;2.623;4.44E-11;4.99E-08;0.00038528;0.420599472
969;2.623;4.53E-11;5.15E-08;0.00021604;0.420568102
970;2.623;4.55E-11;5.23E-08;0.00019378;0.420536544
971;2.3;4.31E-11;5.01E-08;0.0001064;0.420505779
972;2.192;4.03E-11;4.74E-08;0.00004263;0.420475248
973;2.3;3.92E-11;4.67E-08;0.00002164;0.420444425
974;2.516;4.02E-11;4.85E-08;0.00002214;0.420413057
975;2.516;4.04E-11;4.92E-08;0;0.420381757
976;2.408;3.96E-11;4.88E-08;0;0.420350849
977;2.408;3.93E-11;4.82E-08;0.00005876;0.420320056
978;2.623;4.07E-11;5.05E-08;0.00023199;0.420288837
979;2.839;4.34E-11;5.46E-08;0.00058819;0.420257199
980;3.594;5.05E-11;6.46E-08;0.0015368;0.420223668
981;3.702;5.50E-11;7.16E-08;0.00173445;0.420190006
982;3.486;5.55E-11;7.37E-08;0.00139788;0.420157037
983;3.271;5.30E-11;7.16E-08;0.00049408;0.420124699
984;2.947;4.85E-11;6.64E-08;0.00015032;0.420093374
985;2.947;4.47E-11;6.19E-08;0.00006647;0.420062409
986;2.839;4.15E-11;5.78E-08;0;0.420032058
987;2.731;3.85E-11;5.41E-08;0;0.420002502
988;2.623;3.59E-11;5.08E-08;0;0.419973795
989;3.055;3.52E-11;5.00E-08;0;0.419945056
990;3.163;3.42E-11;4.89E-08;0;0.419917177
991;4.242;3.63E-11;5.19E-08;0;0.419888767
992;3.702;3.46E-11;4.97E-08;0;0.419863152
993;3.702;3.31E-11;4.77E-08;0;0.41983906
994;3.702;3.14E-11;4.54E-08;0;0.41981643
995;3.271;2.88E-11;4.17E-08;0;0.419795498
996;3.055;2.62E-11;3.80E-08;0;0.419775815
997;2.839;2.40E-11;3.50E-08;0;0.419756947
998;2.839;2.23E-11;3.25E-08;0;0.419738752
999;3.055;2.10E-11;3.06E-08;0;0.419721117
1000;3.379;2.01E-11;2.92E-08;0;0.41970408
1001;4.026;1.97E-11;2.85E-08;0.00006014;0.419687476
1002;4.457;1.98E-11;2.88E-08;0.00076643;0.419671559
1003;5.321;2.13E-11;3.09E-08;0.00224181;0.419655819
1004;5.968;2.35E-11;3.41E-08;0.00382219;0.419640169
1005;6.184;2.52E-11;3.66E-08;0.00343297;0.419624369
1006;6.831;2.69E-11;3.91E-08;0.00310132;0.419607786
1007;7.047;2.73E-11;3.99E-08;0.00205296;0.419591051
1008;7.262;2.63E-11;3.84E-08;0.0005737;0.419574103
1009;7.802;2.49E-11;3.59E-08;0.00007653;0.419556778
1010;8.018;2.31E-11;3.27E-08;0;0.419539594
1011;8.126;2.13E-11;2.96E-08;0;0.419522783
1012;8.126;1.95E-11;2.66E-08;0;0.419506442
1013;8.557;1.82E-11;2.42E-08;0;0.41949018
1014;8.773;1.69E-11;2.19E-08;0;0.419474199
1015;8.773;1.56E-11;1.98E-08;0;0.419458628
1016;8.773;1.45E-11;1.79E-08;0;0.419443453
1017;8.557;1.34E-11;1.61E-08;0;0.419428914
1018;9.097;1.26E-11;1.48E-08;0;0.419414113
1019;9.528;1.19E-11;1.36E-08;0;0.419399286
1020;9.312;1.10E-11;1.22E-08;0;0.419385062
1021;9.528;1.04E-11;1.12E-08;0;0.419371033
1022;8.665;9.54E-12;1.00E-08;0;0.419358082
1023;9.097;9.04E-12;9.23E-09;0;0.419344956
1024;8.449;8.33E-12;8.29E-09;0;0.419332686
1025;6.831;7.55E-12;7.40E-09;0.00010605;0.419322066
1026;8.665;8.33E-12;8.04E-09;0.00211688;0.419309925
1027;9.744;1.11E-11;1.03E-08;0.00804684;0.419296795
1028;10.283;1.44E-11;1.33E-08;0.00749429;0.419282788
1029;10.715;1.88E-11;1.71E-08;0.00870191;0.4192676
1030;10.931;2.43E-11;2.14E-08;0.0107498;0.419251153
1031;10.499;2.62E-11;2.29E-08;0.00423932;0.419234329
1032;10.068;2.66E-11;2.31E-08;0.00276269;0.419217289
1033;9.636;2.53E-11;2.17E-08;0.0006721;0.419200431
1034;8.989;2.32E-11;1.97E-08;0.00023982;0.419184223
1035;8.881;2.15E-11;1.80E-08;0.00014352;0.419168222
1036;8.126;1.95E-11;1.62E-08;0.00009142;0.41915322
1037;8.773;1.84E-11;1.51E-08;0.00004762;0.419137761
1038;8.018;1.67E-11;1.36E-08;0.00004572;0.419123389
1039;8.557;1.57E-11;1.27E-08;0.00004733;0.419108722
1040;8.233;1.44E-11;1.16E-08;0.00023314;0.41909469
1041;7.91;1.32E-11;1.05E-08;0.00027457;0.419081248
1042;7.802;1.22E-11;9.67E-09;0.00035721;0.419068133
1043;7.478;1.13E-11;8.87E-09;0.00035056;0.419055541
1044;7.478;1.05E-11;8.21E-09;0.00030118;0.419043175
1045;7.478;9.85E-12;7.61E-09;0.00030184;0.419030963
1046;7.047;9.10E-12;6.98E-09;0.00019639;0.419019325
1047;7.047;8.51E-12;6.49E-09;0.00009839;0.419007865
1048;7.155;7.99E-12;6.04E-09;0.00009924;0.418996438
1049;6.939;7.73E-12;5.64E-09;0.00013793;0.418985402
1050;7.37;7.72E-12;5.66E-09;0.00072565;0.418974131
1051;7.586;8.30E-12;6.21E-09;0.00248155;0.418962775
1052;8.126;9.31E-12;7.23E-09;0.00305732;0.418950925
1053;8.665;1.02E-11;8.24E-09;0.0021097;0.418938497
1054;9.204;1.20E-11;9.98E-09;0.00536464;0.418925383
1055;9.312;1.35E-11;1.17E-08;0.00422527;0.418911774
1056;9.312;1.38E-11;1.23E-08;0.00100753;0.418897823
1057;9.528;1.34E-11;1.21E-08;0.00029254;0.418883397
1058;9.744;1.27E-11;1.15E-08;0.00005942;0.418868654
1059;9.96;1.20E-11;1.08E-08;0.00006036;0.418853709
1060;9.96;1.11E-11;9.99E-09;0.00006052;0.418838939
1061;8.989;1.01E-11;9.03E-09;0.00005732;0.418825379
1062;8.989;9.41E-12;8.38E-09;0;0.418811961
1063;8.881;8.76E-12;7.77E-09;0;0.418798819
1064;8.557;8.22E-12;7.26E-09;0;0.418786156
1065;8.665;7.82E-12;6.87E-09;0.00005648;0.418773538
1066;8.126;7.32E-12;6.39E-09;0.0000556;0.418761594
1067;7.802;6.89E-12;5.99E-09;0.00010948;0.41875001
1068;7.694;6.53E-12;5.64E-09;0.00010896;0.418738644
1069;7.262;6.11E-12;5.26E-09;0.00010626;0.41872775
1070;6.399;5.68E-12;4.86E-09;0.00010083;0.418717626
1071;5.644;5.29E-12;4.52E-09;0.00009626;0.418708131
1072;4.889;4.95E-12;4.22E-09;0.00004592;0.418699211
1073;5.213;4.92E-12;4.16E-09;0.00023019;0.418690076
1074;5.968;5.46E-12;4.71E-09;0.00250445;0.418680383
1075;7.155;7.20E-12;6.15E-09;0.00794058;0.418669678
1076;7.694;9.42E-12;8.10E-09;0.00784549;0.418658303
1077;8.449;1.26E-11;1.06E-08;0.01003407;0.418645813
1078;8.665;1.57E-11;1.31E-08;0.00873811;0.418632496
1079;9.204;2.01E-11;1.61E-08;0.01224794;0.418617752
1080;9.312;2.37E-11;1.85E-08;0.00915185;0.41860195
1081;8.341;2.48E-11;1.92E-08;0.00480881;0.418586551
1082;7.155;2.35E-11;1.82E-08;0.00092033;0.418571862
1083;6.723;2.23E-11;1.72E-08;0.0007925;0.418557191
1084;5.968;2.08E-11;1.60E-08;0.00055557;0.418543162
1085;5.536;1.95E-11;1.50E-08;0.00049261;0.418529469
1086;5.752;1.86E-11;1.43E-08;0.00055067;0.418515546
1087;5.968;1.77E-11;1.37E-08;0.00050874;0.418501464
1088;6.615;1.70E-11;1.32E-08;0.00069211;0.418486926
1089;6.723;1.61E-11;1.26E-08;0.00069868;0.418472569
1090;6.292;1.50E-11;1.17E-08;0.00059833;0.418458865
1091;6.399;1.42E-11;1.12E-08;0.00049424;0.418445237
1092;6.831;1.36E-11;1.07E-08;0.00056584;0.418431404
1093;6.939;1.28E-11;1.02E-08;0.00045689;0.418417695
1094;6.939;1.21E-11;9.64E-09;0.00034348;0.418404241
1095;5.536;1.10E-11;8.81E-09;0.00031492;0.418392298
1096;4.673;1.01E-11;8.18E-09;0.00044778;0.4183811
1097;4.35;9.51E-12;7.72E-09;0.00073167;0.418370104
1098;3.594;9.81E-12;7.36E-09;0.00097322;0.41835975
1099;2.408;9.65E-12;7.33E-09;0.00128509;0.418350185
1100;3.163;1.05E-11;8.11E-09;0.00285177;0.418339854
1101;3.271;1.15E-11;9.16E-09;0.00394277;0.418329261
1102;3.594;1.27E-11;1.04E-08;0.00370721;0.418318121
1103;3.379;1.36E-11;1.14E-08;0.00337364;0.418306892
1104;3.271;1.42E-11;1.21E-08;0.0025294;0.418295478
1105;2.839;1.40E-11;1.21E-08;0.00107478;0.418284164
1106;2.408;1.34E-11;1.16E-08;0.00047677;0.418272878
1107;2.731;1.28E-11;1.12E-08;0.00044326;0.418260601
1108;2.731;1.21E-11;1.07E-08;0.00039927;0.418247762
1109;2.623;1.14E-11;1.01E-08;0.00057303;0.41823459
1110;2.084;1.06E-11;9.44E-09;0.00046805;0.418221566
1111;1.652;9.88E-12;8.86E-09;0.00037224;0.418208636
1112;1.329;9.25E-12;8.36E-09;0.00040487;0.418195696
1113;1.437;8.77E-12;7.98E-09;0.00036722;0.418182313
1114;1.329;8.28E-12;7.58E-09;0.00032193;0.418168787
1115;1.437;7.86E-12;7.25E-09;0.00028389;0.418154936
1116;1.652;7.50E-12;6.97E-09;0.00032936;0.418140688
1117;1.76;7.15E-12;6.69E-09;0.00037346;0.418126194
1118;1.76;6.81E-12;6.41E-09;0.0003737;0.418111623
1119;1.76;6.49E-12;6.15E-09;0.00029085;0.418096998
1120;1.976;6.23E-12;5.95E-09;0.00029529;0.418082078
1121;2.192;6.00E-12;5.77E-09;0.00029982;0.418066941
1122;2.623;6.55E-12;5.96E-09;0.00129492;0.418051366
1123;2.731;7.01E-12;6.43E-09;0.00222332;0.41803575
1124;3.055;7.75E-12;7.20E-09;0.00297408;0.418019782
1125;2.623;8.21E-12;7.75E-09;0.00211777;0.418004363
1126;2.408;8.72E-12;8.38E-09;0.00218935;0.417989115
1127;2.192;9.11E-12;8.90E-09;0.0018738;0.417974028
1128;1.868;9.15E-12;9.04E-09;0.0011571;0.417959141
1129;1.329;8.88E-12;8.84E-09;0.00060424;0.417944657
1130;1.221;8.53E-12;8.57E-09;0.00040442;0.417930049
1131;1.113;8.15E-12;8.25E-09;0.00044185;0.417915338
1132;1.113;7.80E-12;7.93E-09;0.00044202;0.41790039
1133;0.897;7.39E-12;7.56E-09;0.00035658;0.417885542
1134;0.681;6.99E-12;7.20E-09;0.00031247;0.41787075
1135;0.358;6.57E-12;6.81E-09;0.00026753;0.417856138
1136;0.30606061;6.22E-12;6.50E-09;0.00022271;0.417841372
1137;0.24545454;5.88E-12;6.19E-09;0.0002211;0.417826467
1138;0.19393939;5.56E-12;5.90E-09;0.00021262;0.417811466
1139;0.13939394;5.26E-12;5.62E-09;0.00024807;0.417796363
1140;0.08484849;4.97E-12;5.36E-09;0.00028147;0.417781165
1141;0.02121212;4.70E-12;5.10E-09;0.00031435;0.41776589
1142;-0.05151515;4.45E-12;4.86E-09;0.00042219;0.41775056
1143;-0.12727273;4.21E-12;4.63E-09;0.00041913;0.417735199
1144;-0.19393939;3.99E-12;4.42E-09;0.00041609;0.417719812
1145;-0.26060606;3.78E-12;4.22E-09;0.00041609;0.417704415
1146;-0.33636364;3.91E-12;4.11E-09;0.00072577;0.417689039
1147;-0.41818182;3.92E-12;4.11E-09;0.00093417;0.41767368
1148;-0.51515152;4.03E-12;4.25E-09;0.00125633;0.417658352
1149;-0.61818182;4.22E-12;4.48E-09;0.00129354;0.417643054
1150;-0.73333333;4.34E-12;4.66E-09;0.00085885;0.417627797
1151;-0.83636364;4.56E-12;4.96E-09;0.00138385;0.417612561
1152;-0.93333333;4.67E-12;5.11E-09;0.00103628;0.417597328
1153;-1.02727273;4.64E-12;5.11E-09;0.00064142;0.417582098
1154;-1.10909091;4.50E-12;4.98E-09;0.00051255;0.417566867
1155;-1.17575758;4.33E-12;4.82E-09;0.00057664;0.417551617
1156;-1.23636364;4.16E-12;4.65E-09;0.00047143;0.417536363
1157;-1.29393939;3.98E-12;4.47E-09;0.00040113;0.417521104
1158;-1.35151515;3.80E-12;4.29E-09;0.00036771;0.417505851
1159;-1.4030303;3.63E-12;4.11E-09;0.00033428;0.417490607
1160;-1.44545455;3.46E-12;3.94E-09;0.00029866;0.417475371
1161;-1.48181818;3.30E-12;3.78E-09;0.00030086;0.417460146
1162;-1.5;3.15E-12;3.62E-09;0.00023717;0.41744491
1163;-1.50909091;3.00E-12;3.47E-09;0.00020899;0.417429662
1164;-1.50909091;2.86E-12;3.33E-09;0.00017914;0.417414399
1165;-1.5;2.73E-12;3.19E-09;0.00017914;0.417399117
1166;-1.48484849;2.60E-12;3.06E-09;0.00017914;0.417383812
1167;-1.46363636;2.48E-12;2.94E-09;0.00018041;0.417368481
1168;-1.44545455;2.36E-12;2.82E-09;0.00017914;0.417353136
1169;-1.43030303;2.26E-12;2.71E-09;0.0001514;0.417337788
1170;-1.41818182;2.44E-12;2.77E-09;0.00081677;0.417322432
1171;-1.40606061;2.81E-12;3.16E-09;0.00247163;0.417307035
1172;0.142;3.52E-12;3.94E-09;0.00312541;0.417289315
1173;0.25;4.24E-12;4.74E-09;0.00294825;0.417271379
1174;0.358;4.79E-12;5.40E-09;0.00176417;0.417253246
1175;0.358;5.28E-12;6.01E-09;0.00160144;0.417235065
1176;0.142;5.44E-12;6.26E-09;0.00075211;0.417217154
1177;-1.32424242;5.22E-12;6.04E-09;0.0003608;0.417201341
1178;-1.32121212;5.06E-12;5.89E-09;0.00018965;0.417185431
1179;-1.32424242;4.87E-12;5.69E-09;0.00018965;0.417169446
1180;-1.35151515;4.65E-12;5.46E-09;0.00021972;0.417153431
1181;-1.35454546;4.43E-12;5.22E-09;0.00021972;0.41713736
1182;-1.35757576;4.21E-12;4.99E-09;0.00028054;0.417121241
1183;-1.35151515;4.00E-12;4.76E-09;0.00027858;0.417105078
1184;-1.34242424;3.80E-12;4.54E-09;0.00024762;0.417088873
1185;-1.33333333;3.60E-12;4.32E-09;0.00027663;0.417072636
1186;-1.31515151;3.41E-12;4.12E-09;0.000287;0.417056365
1187;-1.29090909;3.24E-12;3.93E-09;0.0001806;0.417040059
1188;-1.25757576;3.07E-12;3.74E-09;0.00018997;0.417023714
1189;-1.20606061;2.91E-12;3.57E-09;0.00022004;0.417007314
1190;-1.15151515;2.76E-12;3.41E-09;0.00015945;0.416990861
1191;-1.09090909;2.62E-12;3.26E-09;0.00016059;0.416974352
1192;-1.01818182;2.48E-12;3.11E-09;0.00012848;0.416957779
1193;-0.93333333;2.36E-12;2.98E-09;0.00013033;0.416941134
1194;-0.85454546;2.41E-12;2.94E-09;0.00032263;0.416924419
1195;0.142;2.61E-12;3.22E-09;0.00073839;0.41690624
1196;0.897;3.18E-12;3.94E-09;0.00177016;0.41688704
1197;1.005;3.90E-12;4.86E-09;0.00222754;0.416867862
1198;1.221;4.41E-12;5.60E-09;0.0007208;0.416848565
1199;1.652;4.95E-12;6.39E-09;0.0007385;0.41682888
1200;2.192;5.54E-12;7.28E-09;0.00069128;0.416808714
1201;1.868;5.65E-12;7.54E-09;0.0000871;0.416789476
1202;1.868;5.66E-12;7.64E-09;0;0.416770579
1203;1.437;5.49E-12;7.48E-09;0;0.416752597
1204;0.789;5.19E-12;7.14E-09;0;0.416735672
1205;1.113;5.06E-12;7.03E-09;0;0.416718396
1206;1.652;5.03E-12;7.04E-09;0;0.416700564
1207;1.868;4.97E-12;7.01E-09;0;0.416682717
1208;2.192;4.96E-12;7.05E-09;0;0.41666475
1209;1.868;4.82E-12;6.90E-09;0;0.416647598
1210;1.437;4.61E-12;6.67E-09;0;0.416631271
1211;0.789;4.33E-12;6.31E-09;0;0.416615895
1212;1.005;4.18E-12;6.15E-09;0;0.41660033
1213;1.545;4.13E-12;6.13E-09;0;0.416584242
1214;1.113;3.94E-12;5.90E-09;0;0.416568887
1215;0.142;3.62E-12;5.46E-09;0;0.416554741
1216;1.005;3.57E-12;5.44E-09;0.00015756;0.416539594
1217;0.789;3.52E-12;5.38E-09;0.00048187;0.416524812
1218;1.113;4.23E-12;6.18E-09;0.00432101;0.416509657
1219;2.408;6.39E-12;8.24E-09;0.01014699;0.416492791
1220;4.134;1.08E-11;1.18E-08;0.01508816;0.41647342
1221;5.428;1.79E-11;1.64E-08;0.01865635;0.416451997
1222;5.428;2.55E-11;2.07E-08;0.01668989;0.416430422
1223;5.536;3.14E-11;2.41E-08;0.00993712;0.416408636
1224;5.86;3.63E-11;2.69E-08;0.00849954;0.416386031
1225;4.35;3.53E-11;2.60E-08;0.00187326;0.416365739
1226;4.026;3.36E-11;2.46E-08;0.00058884;0.416345581
1227;3.486;3.12E-11;2.29E-08;0.00037998;0.416325958
1228;3.702;2.96E-11;2.17E-08;0.00043438;0.416305802
1229;3.486;2.75E-11;2.03E-08;0.00028619;0.416285823
1230;3.594;2.59E-11;1.93E-08;0.00019257;0.416265624
1231;3.379;2.41E-11;1.81E-08;0.00014229;0.416245792
1232;3.271;2.25E-11;1.71E-08;0.0000944;0.416226162
1233;2.839;2.09E-11;1.60E-08;0.00009196;0.416207233
1234;2.516;1.94E-11;1.50E-08;0.00003859;0.416188755
1235;1.329;1.74E-11;1.36E-08;0.00003587;0.416171856
1236;0.897;1.60E-11;1.26E-08;0;0.416155305
1237;0.897;1.49E-11;1.19E-08;0;0.416138535
1238;0.142;1.35E-11;1.09E-08;0.00003332;0.416122533
1239;1.56666667;1.32E-11;1.07E-08;0.00003244;0.416104412
1240;1.68787879;1.25E-11;1.03E-08;0;0.416086179
1241;1.81212121;1.23E-11;1.01E-08;0.00029;0.416067896
1242;0.789;1.27E-11;1.04E-08;0.00453974;0.416050997
1243;1.868;1.61E-11;1.28E-08;0.01189845;0.416032222
1244;3.271;2.20E-11;1.67E-08;0.01483846;0.41601083
1245;4.457;3.18E-11;2.23E-08;0.02239899;0.415986937
1246;5.213;4.24E-11;2.78E-08;0.02006529;0.415960789
1247;5.428;5.27E-11;3.28E-08;0.019858;0.415933356
1248;4.565;5.43E-11;3.36E-08;0.0060215;0.415907198
1249;3.594;5.13E-11;3.18E-08;0.00174175;0.415882261
1250;2.731;4.67E-11;2.91E-08;0.00032178;0.415858296
1251;1.329;4.13E-11;2.59E-08;0.00025828;0.415836209
1252;1.005;3.74E-11;2.36E-08;0.00025328;0.415813883
1253;0.789;3.40E-11;2.16E-08;0.0002143;0.415791292
1254;0.358;3.05E-11;1.95E-08;0.00017381;0.415768902
1255;0.46969697;2.79E-11;1.80E-08;0.00013345;0.415745782
1256;0.33636364;2.54E-11;1.65E-08;0.00010012;0.415722497
1257;0.23333333;2.31E-11;1.52E-08;0.00009603;0.415699045
1258;0.15454545;2.10E-11;1.40E-08;0.00005765;0.415675469
1259;0.11212121;1.91E-11;1.29E-08;0.00005766;0.415651676
1260;0.07878788;1.74E-11;1.19E-08;0.00005806;0.415627759
1261;0.08787879;1.59E-11;1.10E-08;0.00008891;0.415603649
1262;0.12121212;1.46E-11;1.02E-08;0.00014322;0.415579343
1263;0.16060606;1.35E-11;9.51E-09;0.00017308;0.41555488
1264;0.23030303;1.24E-11;8.89E-09;0.00021328;0.415530254
1265;0.466;1.17E-11;8.44E-09;0.0003515;0.415505177
1266;1.329;1.21E-11;8.77E-09;0.00127185;0.415478443
1267;1.329;1.28E-11;9.34E-09;0.00238271;0.415451969
1268;1.652;1.41E-11;1.05E-08;0.00339334;0.415425011
1269;2.084;1.60E-11;1.20E-08;0.00416129;0.415397336
1270;2.3;1.77E-11;1.35E-08;0.00310764;0.415369479
1271;1.903;1.82E-11;1.41E-08;0.00191023;0.415342776
1272;2.092;1.86E-11;1.46E-08;0.00138481;0.415315893
1273;1.431;1.75E-11;1.40E-08;0.00021442;0.415290605
1274;1.431;1.67E-11;1.34E-08;0.00014314;0.415265448
1275;2.28;1.65E-11;1.34E-08;0.00022808;0.415238758
1276;0.702;1.47E-11;1.21E-08;0.00026466;0.41521545
1277;0.705;1.37E-11;1.14E-08;0.0001418;0.41519211
1278;0.703;1.28E-11;1.08E-08;0.00018248;0.415168778
1279;0.705;1.20E-11;1.02E-08;0.00014797;0.415145477
1280;0.708;1.12E-11;9.65E-09;0.00018509;0.41512223
1281;0.717;1.05E-11;9.16E-09;0.0001876;0.415099049
1282;0.726;9.90E-12;8.71E-09;0.00014088;0.415075955
1283;0.737;9.33E-12;8.29E-09;0.00009314;0.415052966
1284;0.759;8.81E-12;7.93E-09;0.00009256;0.415030078
1285;0.807;8.37E-12;7.62E-09;0.00009135;0.415007267
1286;0.864;7.98E-12;7.36E-09;0.00009465;0.414984536
1287;0.963;7.65E-12;7.14E-09;0.00009805;0.414961836
1288;1.136;7.42E-12;7.00E-09;0.00009882;0.414939068
1289;1.333;7.25E-12;6.93E-09;0.00004913;0.414916239
1290;1.506;7.43E-12;7.07E-09;0.00030629;0.414893437
1291;1.686;7.67E-12;7.42E-09;0.0003975;0.414870679
1292;1.847;8.12E-12;8.00E-09;0.00079852;0.414848017
1293;2.03;9.06E-12;9.06E-09;0.00216763;0.414825385
1294;2.275;9.89E-12;1.01E-08;0.00127718;0.414802669
1295;2.469;1.06E-11;1.11E-08;0.00105583;0.414780004
1296;2.616;1.14E-11;1.22E-08;0.00158601;0.414757445
1297;2.771;1.15E-11;1.26E-08;0.00010673;0.414735039
1298;2.81;1.13E-11;1.25E-08;0;0.414713022
1299;2.791;1.10E-11;1.24E-08;0;0.41469147
1300;2.792;1.07E-11;1.21E-08;0.00005343;0.414670326
1301;2.801;1.04E-11;1.19E-08;0.00010637;0.414649563
1302;2.794;1.00E-11;1.16E-08;0.00016208;0.414629209
1303;2.799;9.68E-12;1.14E-08;0.00021657;0.414609252
1304;2.822;9.36E-12;1.11E-08;0.00033219;0.414589619
1305;2.862;9.05E-12;1.08E-08;0.00039363;0.414570307
1306;2.911;8.77E-12;1.06E-08;0.00040422;0.414551292
1307;2.979;8.50E-12;1.04E-08;0.00029325;0.414532567
1308;3.056;8.25E-12;1.02E-08;0.00023828;0.41451413
1309;3.148;8.01E-12;9.96E-09;0.00017786;0.414495939
1310;3.246;7.78E-12;9.78E-09;0.00018064;0.414478033
1311;3.336;7.56E-12;9.60E-09;0.00018224;0.414460443
1312;3.417;7.32E-12;9.38E-09;0.0002403;0.414443154
1313;3.478;7.11E-12;9.19E-09;0.00043285;0.414426211
1314;3.529;7.49E-12;9.22E-09;0.00140233;0.414409585
1315;3.59;7.99E-12;9.65E-09;0.00263831;0.414393207
1316;3.716;8.57E-12;1.02E-08;0.00240755;0.414376939
1317;3.866;8.86E-12;1.06E-08;0.00119382;0.414360716
1318;3.974;9.11E-12;1.09E-08;0.00122746;0.414344609
1319;4.115;9.98E-12;1.18E-08;0.00328134;0.414328573
1320;4.344;1.05E-11;1.25E-08;0.00160549;0.414312391
1321;4.532;1.05E-11;1.26E-08;0.00058001;0.414296184
1322;4.66;1.02E-11;1.23E-08;0.00014312;0.414280043
1323;4.714;9.78E-12;1.19E-08;0.00014344;0.414264086
1324;4.777;9.36E-12;1.15E-08;0.0001428;0.414248282
1325;4.85;8.94E-12;1.11E-08;0.00014031;0.414232668
1326;4.88;8.52E-12;1.06E-08;0.00006938;0.414217279
1327;4.896;8.11E-12;1.02E-08;0.00006952;0.414202123
1328;4.904;7.72E-12;9.76E-09;0;0.414187218
1329;4.905;7.30E-12;9.30E-09;0;0.414172599
1330;4.912;6.94E-12;8.91E-09;0;0.4141582
1331;4.934;6.60E-12;8.55E-09;0;0.414144051
1332;4.946;6.29E-12;8.20E-09;0;0.414130142
1333;4.944;5.98E-12;7.87E-09;0;0.414116486
1334;4.957;5.69E-12;7.55E-09;0;0.41410305
1335;4.969;5.42E-12;7.24E-09;0;0.414089832
1336;4.997;5.16E-12;6.94E-09;0;0.414076796
1337;4.982;5.02E-12;6.73E-09;0.00012223;0.414064012
1338;4.987;5.42E-12;7.17E-09;0.00253328;0.414051393
1339;5.142;5.90E-12;7.77E-09;0.00224551;0.414038705
1340;5.374;7.14E-12;9.00E-09;0.00549232;0.41402579
1341;5.687;9.12E-12;1.08E-08;0.00766977;0.414012418
1342;6.035;1.27E-11;1.34E-08;0.0127576;0.413998333
1343;6.545;1.62E-11;1.59E-08;0.00962547;0.413983126
1344;6.758;1.76E-11;1.71E-08;0.00305873;0.413967183
1345;6.655;1.73E-11;1.68E-08;0.00075486;0.413950967
1346;6.459;1.64E-11;1.59E-08;0.00030379;0.413934684
1347;6.302;1.54E-11;1.50E-08;0.00022836;0.413918443
1348;6.266;1.44E-11;1.41E-08;0.00015617;0.413902126
1349;6.319;1.35E-11;1.33E-08;0.00007968;0.413885737
1350;6.335;1.27E-11;1.25E-08;0.00008298;0.413869386
1351;6.4;1.19E-11;1.18E-08;0.00008423;0.413853069
1352;6.55;1.12E-11;1.12E-08;0.00008496;0.413836729
1353;6.671;1.05E-11;1.06E-08;0.00008303;0.41382047
1354;6.681;9.83E-12;1.01E-08;0.00008798;0.413804441
1355;6.682;9.21E-12;9.52E-09;0.00025939;0.41378862
1356;6.615;8.63E-12;9.00E-09;0.00033543;0.413773168
1357;6.436;8.08E-12;8.52E-09;0.00025203;0.413758114
1358;6.32;7.58E-12;8.06E-09;0.0003456;0.413743413
1359;6.385;7.13E-12;7.65E-09;0.00024804;0.413728906
1360;6.357;6.71E-12;7.27E-09;0.00024523;0.413714616
1361;6.226;6.30E-12;6.88E-09;0.00033633;0.41370072
1362;6.23;6.77E-12;7.04E-09;0.0023104;0.413686994
1363;6.385;7.41E-12;7.60E-09;0.00365014;0.41367318
1364;6.692;8.64E-12;8.62E-09;0.00563574;0.413659037
1365;7.032;1.09E-11;1.03E-08;0.00908929;0.413644363
1366;7.39;1.51E-11;1.28E-08;0.01560544;0.413628853
1367;7.7;1.80E-11;1.49E-08;0.00825699;0.413612378
1368;7.765;1.99E-11;1.61E-08;0.00597231;0.413595183
1369;7.68;1.99E-11;1.61E-08;0.00212728;0.413577609
1370;7.33;1.87E-11;1.52E-08;0.00070059;0.413560155
1371;6.915;1.74E-11;1.42E-08;0.00060401;0.41354297
1372;6.678;1.61E-11;1.33E-08;0.00051885;0.413525932
1373;6.597;1.50E-11;1.24E-08;0.00043332;0.413508924
1374;6.563;1.40E-11;1.17E-08;0.00035663;0.41349197
1375;6.594;1.30E-11;1.10E-08;0.00035977;0.413475021
1376;6.673;1.21E-11;1.04E-08;0.00027582;0.41345809
1377;6.769;1.14E-11;9.83E-09;0.00037096;0.413441206
1378;6.881;1.06E-11;9.30E-09;0.00038615;0.413424415
1379;6.985;9.95E-12;8.81E-09;0.00039485;0.413407724
1380;7.045;9.31E-12;8.34E-09;0.00039567;0.413391184
1381;7.12;8.71E-12;7.90E-09;0.00029937;0.413374822
1382;7.195;8.16E-12;7.50E-09;0.000302;0.413358682
1383;7.31;7.65E-12;7.12E-09;0.00020582;0.413342676
1384;7.41;7.17E-12;6.75E-09;0.0002132;0.413326853
1385;7.525;6.72E-12;6.41E-09;0.00022078;0.413311172
1386;7.7;7.02E-12;6.28E-09;0.00081852;0.413295614
1387;8.015;7.20E-12;6.51E-09;0.00172194;0.413279939
1388;8.385;7.73E-12;7.07E-09;0.00287081;0.413264
1389;8.81;8.70E-12;7.96E-09;0.00456362;0.413247624
1390;9.25;1.10E-11;9.57E-09;0.01013944;0.413230605
1391;9.795;1.47E-11;1.18E-08;0.01402038;0.413212452
1392;10.235;1.72E-11;1.34E-08;0.00842964;0.413193122
1393;10.36;1.78E-11;1.37E-08;0.00410227;0.413173121
1394;10.33;1.67E-11;1.29E-08;0.0015922;0.413152825
1395;10.245;1.55E-11;1.21E-08;0.00146054;0.413132518
1396;10.29;1.43E-11;1.12E-08;0.00147374;0.413112121
1397;10.395;1.32E-11;1.05E-08;0.00163008;0.413091654
1398;10.52;1.21E-11;9.71E-09;0.00129596;0.41307119
1399;10.58;1.11E-11;9.02E-09;0.00131561;0.413050913
1400;10.61;1.02E-11;8.35E-09;0.0014749;0.413030873
1401;10.625;9.36E-12;7.76E-09;0.00280952;0.41301113
1402;10.48;8.58E-12;7.18E-09;0.00226508;0.412991917
1403;10;7.81E-12;6.58E-09;0.00213127;0.412973628
1404;9.535;7.12E-12;6.05E-09;0.00154817;0.412956224
1405;9.065;6.51E-12;5.57E-09;0.00169451;0.41293973
1406;8.645;5.97E-12;5.14E-09;0.00129787;0.412923912
1407;8.37;5.47E-12;4.74E-09;0.00125925;0.412908631
1408;8.17;5.06E-12;4.42E-09;0.00111901;0.412893759
1409;7.915;5.55E-12;4.10E-09;0.00137671;0.4128794
1410;7.665;7.32E-12;4.47E-09;0.00630077;0.412865415
1411;7.67;1.05E-11;5.88E-09;0.01681524;0.412851266
1412;8.01;1.64E-11;8.38E-09;0.02403525;0.412836199
1413;8.5;2.38E-11;1.16E-08;0.02321436;0.412819635
1414;8.84;3.18E-11;1.49E-08;0.02227849;0.41280139
1415;9.015;3.77E-11;1.77E-08;0.01609485;0.412781413
1416;9.03;3.98E-11;1.89E-08;0.00829476;0.412759927
1417;8.835;3.84E-11;1.85E-08;0.00316431;0.412737477
1418;8.365;3.51E-11;1.72E-08;0.00092393;0.412715027
1419;7.91;3.19E-11;1.59E-08;0.00070635;0.41269278
1420;7.615;2.90E-11;1.48E-08;0.00059104;0.412670712
1421;7.33;2.64E-11;1.37E-08;0.0004904;0.412648962
1422;7.1;2.41E-11;1.27E-08;0.00048825;0.41262756
1423;6.978;2.21E-11;1.19E-08;0.00049585;0.41260639
1424;6.923;2.03E-11;1.12E-08;0.00049364;0.412585411
1425;7.065;1.88E-11;1.06E-08;0.00038791;0.412564388
1426;7.15;1.74E-11;9.98E-09;0.00038183;0.41254347
1427;7.225;1.61E-11;9.44E-09;0.00050054;0.412522685
1428;7.33;1.49E-11;8.95E-09;0.00051141;0.41250205
1429;7.42;1.38E-11;8.46E-09;0.00041535;0.412481649
1430;7.525;1.28E-11;8.01E-09;0.00043249;0.412461446
1431;7.705;1.19E-11;7.60E-09;0.00043064;0.412441313
1432;7.855;1.10E-11;7.21E-09;0.00043152;0.412421334
1433;7.975;1.02E-11;6.83E-09;0.00032637;0.412401585
1434;8.09;1.03E-11;6.58E-09;0.00085938;0.412382103
1435;8.235;1.06E-11;6.89E-09;0.00329851;0.412362745
1436;8.475;1.13E-11;7.54E-09;0.00456797;0.41234324
1437;8.81;1.36E-11;9.04E-09;0.01048044;0.412323235
1438;9.315;1.72E-11;1.12E-08;0.01378261;0.412302147
1439;9.705;1.83E-11;1.23E-08;0.00455309;0.412280004
1440;9.76;1.83E-11;1.25E-08;0.00320543;0.412257381
1441;9.715;1.70E-11;1.19E-08;0.00085159;0.412234626
1442;9.605;1.56E-11;1.12E-08;0.00071804;0.412211954
1443;9.495;1.43E-11;1.05E-08;0.00058855;0.412189492
1444;9.41;1.30E-11;9.61E-09;0.00058242;0.412167301
1445;9.33;1.21E-11;8.99E-09;0.00058034;0.412145447
1446;9.26;1.13E-11;8.42E-09;0.00057794;0.412123927
1447;9.195;1.05E-11;7.90E-09;0.00069942;0.412102781
1448;9.11;9.80E-12;7.41E-09;0.00070087;0.412082055
1449;9.06;9.14E-12;6.96E-09;0.00058155;0.412061692
1450;9.045;8.53E-12;6.55E-09;0.0005714;0.41204168
1451;9.035;7.98E-12;6.17E-09;0.00056893;0.41202199
1452;9.005;7.45E-12;5.81E-09;0.00044463;0.412002655
1453;8.98;6.96E-12;5.47E-09;0.00032778;0.411983664
1454;8.935;6.50E-12;5.15E-09;0.00021068;0.41196505
1455;8.865;6.08E-12;4.85E-09;0.00020971;0.411946839
1456;8.77;5.70E-12;4.59E-09;0.0001045;0.411928986
1457;8.695;5.33E-12;4.32E-09;0.00010466;0.411911576
1458;8.65;5.27E-12;4.14E-09;0.00090164;0.41189451
1459;8.675;5.29E-12;4.16E-09;0.00209459;0.411877635
1460;8.795;5.60E-12;4.48E-09;0.00402769;0.411860745
1461;8.985;6.25E-12;5.14E-09;0.00517032;0.411843663
1462;9.115;6.96E-12;5.90E-09;0.00385825;0.411826332
1463;9.205;7.74E-12;6.72E-09;0.0043667;0.41180878
1464;9.265;8.26E-12;7.31E-09;0.00214261;0.411790929
1465;9.24;8.41E-12;7.51E-09;0.00108719;0.411772902
1466;9.085;8.23E-12;7.35E-09;0.00045315;0.411754921
1467;8.91;7.90E-12;7.04E-09;0.00057467;0.411737057
1468;8.865;7.54E-12;6.69E-09;0.00069522;0.41171918
1469;8.81;7.16E-12;6.32E-09;0.00082283;0.411701355
1470;8.825;6.78E-12;5.97E-09;0.00059247;0.411683542
1471;8.875;6.41E-12;5.63E-09;0.00060477;0.41166574
1472;8.865;6.04E-12;5.29E-09;0.00059458;0.411648076
1473;8.88;5.68E-12;4.98E-09;0.00033549;0.41163053
1474;8.635;5.31E-12;4.65E-09;0.00019564;0.411613503
1475;8.335;4.95E-12;4.35E-09;0.00019475;0.411597055
1476;8.155;4.64E-12;4.08E-09;0.00009549;0.41158101
1477;7.805;4.33E-12;3.82E-09;0.00009504;0.411565597
1478;7.46;4.05E-12;3.57E-09;0.00009169;0.41155076
1479;7.175;3.76E-12;3.33E-09;0;0.411536378
1480;7.064;3.54E-12;3.14E-09;0;0.411522283
1481;6.649;3.44E-12;2.97E-09;0.00022434;0.4115088
1482;6.294;3.50E-12;3.01E-09;0.00295102;0.411495788
1483;6.22;3.98E-12;3.42E-09;0.00683639;0.411482849
1484;6.372;6.12E-12;4.89E-09;0.0241618;0.411469504
1485;7.088;1.13E-11;7.88E-09;0.03280069;0.411454679
1486;10.932;2.13E-11;1.28E-08;0.03616238;0.411432969
1487;9.765;3.01E-11;1.64E-08;0.02778101;0.411411515
1488;7.643;3.45E-11;1.80E-08;0.0109502;0.411391761
1489;6.901;3.50E-11;1.79E-08;0.00055075;0.411371622
1490;6.37;3.38E-11;1.70E-08;0.0001689;0.411351128
1491;6.052;3.20E-11;1.60E-08;0.00008299;0.411330142
1492;6.158;3.02E-11;1.50E-08;0.00008371;0.411308342
1493;6.158;2.84E-11;1.41E-08;0;0.411286094
1494;6.794;2.71E-11;1.34E-08;0;0.411262436
1495;6.264;2.50E-11;1.25E-08;0.00008481;0.411239695
1496;5.84;2.31E-11;1.16E-08;0.00008282;0.411217722
1497;5.415;2.15E-11;1.08E-08;0.00016173;0.411196491
1498;4.991;1.99E-11;1.01E-08;0.00017539;0.41117592
1499;4.354;1.84E-11;9.45E-09;0.00016862;0.411156344
1500;4.46;1.74E-11;8.99E-09;0.00008502;0.411136643
1501;4.142;1.63E-11;8.47E-09;0.00008341;0.411117485
1502;3.717;1.52E-11;7.97E-09;0.00008123;0.41109899
1503;3.399;1.42E-11;7.54E-09;0;0.411080965
1504;2.975;1.33E-11;7.12E-09;0;0.411063494
1505;3.081;1.27E-11;6.87E-09;0.00013733;0.411045913
1506;3.081;1.25E-11;6.86E-09;0.00143522;0.411028346
1507;3.505;1.30E-11;7.38E-09;0.004359;0.411010157
1508;4.036;1.49E-11;8.79E-09;0.01328836;0.410991069
1509;5.84;1.99E-11;1.19E-08;0.02460579;0.410968674
1510;6.264;2.67E-11;1.56E-08;0.0284928;0.410944849
1511;5.415;3.23E-11;1.85E-08;0.0181685;0.410921666
1512;6.223;3.64E-11;2.08E-08;0.00580458;0.410895971
1513;5.957;3.65E-11;2.09E-08;0.00083989;0.41087
1514;5.733;3.52E-11;2.00E-08;0.00025524;0.410843726
1515;5.59;3.34E-11;1.89E-08;0.00017171;0.410817215
1516;5.511;3.14E-11;1.79E-08;0.00008724;0.410790635
1517;5.48;2.96E-11;1.68E-08;0.00008744;0.410763936
1518;5.455;2.78E-11;1.59E-08;0.00009068;0.410737248
1519;5.45;2.61E-11;1.50E-08;0.00009275;0.410710638
1520;5.466;2.45E-11;1.42E-08;0.00009109;0.410684162
1521;5.445;2.30E-11;1.35E-08;0.00018137;0.410657971
1522;5.385;2.16E-11;1.27E-08;0.00039212;0.410632185
1523;5.346;2.03E-11;1.21E-08;0.00039296;0.410606723
1524;5.347;1.91E-11;1.15E-08;0.00041051;0.410581608
1525;5.401;1.81E-11;1.10E-08;0.0005286;0.410556809
1526;5.489;1.71E-11;1.05E-08;0.00054074;0.410532234
1527;5.6;1.62E-11;1.00E-08;0.00066827;0.410507851
1528;5.712;1.53E-11;9.56E-09;0.00068804;0.410483666
1529;5.84;1.45E-11;9.17E-09;0.00083179;0.410459758
1530;6.001;1.40E-11;8.83E-09;0.00088938;0.410436058
1531;6.203;1.36E-11;8.68E-09;0.00161293;0.410412477
1532;6.433;1.34E-11;8.64E-09;0.00160608;0.410388927
1533;6.626;1.31E-11;8.59E-09;0.00125641;0.410365507
1534;6.773;1.29E-11;8.64E-09;0.00179994;0.41034228
1535;6.931;1.29E-11;8.83E-09;0.00250286;0.410319139
1536;7.14;1.28E-11;8.97E-09;0.00147721;0.410295905
1537;7.305;1.25E-11;8.92E-09;0.00082769;0.410272755
1538;7.425;1.20E-11;8.66E-09;0.00069;0.410249747
1539;7.5;1.13E-11;8.27E-09;0.00069611;0.410226916
1540;7.57;1.07E-11;7.90E-09;0.0011088;0.41020431
1541;7.535;1.01E-11;7.51E-09;0.00141593;0.410182122
1542;7.59;9.26E-12;6.97E-09;0.0016468;0.410159313
1543;7.52;8.52E-12;6.44E-09;0.00204819;0.410136233
1544;7.365;7.86E-12;5.97E-09;0.00177802;0.410113164
1545;7.43;7.27E-12;5.55E-09;0.00123311;0.410089747
1546;7.53;6.76E-12;5.17E-09;0.002228;0.410066027
1547;7.465;6.29E-12;4.80E-09;0.00300552;0.410042299
1548;7.16;5.82E-12;4.45E-09;0.00208895;0.410019165
1549;7.015;5.44E-12;4.14E-09;0.00246656;0.409996287
1550;7.035;5.11E-12;3.87E-09;0.0023728;0.409973389
1551;6.996;4.79E-12;3.62E-09;0.00151129;0.409950652
1552;6.928;4.50E-12;3.39E-09;0.00169585;0.409928171
1553;6.727;4.22E-12;3.17E-09;0.00164117;0.409906191
1554;6.381;5.37E-12;3.24E-09;0.0099352;0.409884878
1555;6.25;7.39E-12;4.01E-09;0.02100063;0.40986357
1556;6.452;1.10E-11;5.53E-09;0.02190963;0.409841429
1557;6.756;1.77E-11;8.06E-09;0.03726415;0.409817866
1558;7.075;2.64E-11;1.11E-08;0.03267985;0.409792316
1559;7.195;3.45E-11;1.39E-08;0.02285273;0.409764939
1560;7.135;4.05E-11;1.59E-08;0.01738039;0.409735946
1561;7.038;4.16E-11;1.60E-08;0.00442751;0.409705521
1562;6.736;3.99E-11;1.52E-08;0.00263113;0.409674442
1563;6.371;3.72E-11;1.41E-08;0.00205466;0.409643072
1564;6.143;3.46E-11;1.31E-08;0.0012072;0.40961135
1565;5.922;3.20E-11;1.21E-08;0.00135696;0.409579478
1566;5.792;2.95E-11;1.12E-08;0.00148372;0.409547374
1567;5.711;2.73E-11;1.04E-08;0.0014873;0.409515049
1568;5.686;2.53E-11;9.66E-09;0.00110014;0.409482483
1569;5.675;2.35E-11;9.02E-09;0.0008522;0.409449759
1570;5.621;2.18E-11;8.42E-09;0.00071525;0.409417119
1571;5.535;2.03E-11;7.87E-09;0.0007072;0.409384696
1572;5.433;1.89E-11;7.38E-09;0.00060352;0.409352605
1573;5.351;1.76E-11;6.91E-09;0.00050423;0.40932082
1574;5.298;1.64E-11;6.50E-09;0.0004985;0.409289326
1575;5.246;1.54E-11;6.14E-09;0.00050325;0.40925815
1576;5.174;1.45E-11;5.80E-09;0.00059282;0.409227371
1577;5.087;1.36E-11;5.48E-09;0.00059492;0.409197043
1578;4.998;1.34E-11;5.22E-09;0.00118535;0.409167178
1579;4.948;1.33E-11;5.18E-09;0.00186891;0.409137661
1580;4.967;1.39E-11;5.47E-09;0.00393555;0.409108279
1581;5.114;1.51E-11;6.07E-09;0.00540265;0.409078619
1582;5.328;1.68E-11;6.97E-09;0.00740117;0.409048407
1583;5.435;1.87E-11;7.93E-09;0.00699458;0.409017784
1584;5.442;2.04E-11;8.84E-09;0.00711054;0.4089869
1585;5.256;2.14E-11;9.37E-09;0.00481432;0.408956316
1586;4.898;2.10E-11;9.24E-09;0.00177609;0.408926398
1587;4.395;2.00E-11;8.84E-09;0.00161138;0.408897482
1588;3.926;1.89E-11;8.35E-09;0.00133645;0.40886945
1589;3.537;1.79E-11;7.88E-09;0.0010557;0.408842137
1590;3.16;1.68E-11;7.41E-09;0.00096267;0.408815548
1591;2.847;1.59E-11;6.99E-09;0.00075581;0.408789502
1592;2.605;1.50E-11;6.60E-09;0.00067795;0.408763856
1593;2.494;1.41E-11;6.24E-09;0.00059847;0.408738364
1594;2.457;1.34E-11;5.93E-09;0.00047632;0.408712874
1595;2.403;1.27E-11;5.62E-09;0.00041463;0.408687457
1596;2.354;1.21E-11;5.34E-09;0.00034383;0.408662133
1597;2.303;1.14E-11;5.07E-09;0.00025914;0.408636928
1598;2.241;1.09E-11;4.82E-09;0.00018811;0.408611888
1599;2.179;1.03E-11;4.59E-09;0.00019915;0.408587027
1600;2.143;9.82E-12;4.38E-09;0.00019013;0.408562305
1601;2.07;9.64E-12;4.19E-09;0.00036402;0.408537818
1602;1.988;1.03E-11;4.45E-09;0.00613142;0.408513493
1603;1.932;1.32E-11;5.58E-09;0.02207605;0.408488953
1604;1.921;1.91E-11;7.77E-09;0.03154142;0.408463683
1605;2.044;2.91E-11;1.11E-08;0.04086654;0.40843695
1606;2.516;3.99E-11;1.46E-08;0.03094606;0.408407629
1607;2.926;4.85E-11;1.74E-08;0.0195976;0.408375827
1608;3.189;5.45E-11;1.94E-08;0.01505991;0.408341855
1609;3.181;5.49E-11;1.95E-08;0.00339059;0.408306663
1610;2.891;5.20E-11;1.84E-08;0.00156137;0.40827131
1611;2.601;4.84E-11;1.71E-08;0.00123362;0.408235855
1612;2.25;4.47E-11;1.58E-08;0.00093307;0.408200767
1613;2.098;4.13E-11;1.46E-08;0.00138585;0.408165482
1614;2.023;3.82E-11;1.35E-08;0.00155641;0.408129881
1615;1.946;3.53E-11;1.25E-08;0.00107762;0.408094077
1616;1.849;3.26E-11;1.16E-08;0.00078166;0.408058233
1617;1.787;3.02E-11;1.08E-08;0.00078373;0.408022323
1618;1.742;2.80E-11;1.00E-08;0.00079911;0.407986365
1619;1.725;2.60E-11;9.36E-09;0.00081828;0.407950333
1620;1.72;2.43E-11;8.76E-09;0.000718;0.407914248
1621;1.682;2.26E-11;8.20E-09;0.00071489;0.40787826
1622;1.654;2.12E-11;7.70E-09;0.0007321;0.407842377
1623;1.656;1.99E-11;7.24E-09;0.00099952;0.407806539
1624;1.658;1.87E-11;6.83E-09;0.00121007;0.407770771
1625;1.68;1.76E-11;6.46E-09;0.00149466;0.407735036
1626;1.7;1.77E-11;6.33E-09;0.00411031;0.407699315
1627;1.765;1.93E-11;6.85E-09;0.01037753;0.407663315
1628;1.95;2.34E-11;8.26E-09;0.01997431;0.407626343
1629;2.398;2.95E-11;1.04E-08;0.02082102;0.407587274
1630;2.99;3.58E-11;1.26E-08;0.01644716;0.407545507
1631;3.397;4.13E-11;1.45E-08;0.01412749;0.407501583
1632;3.691;4.48E-11;1.57E-08;0.00847196;0.40745608
1633;3.782;4.52E-11;1.59E-08;0.00365003;0.407409899
1634;3.664;4.32E-11;1.52E-08;0.00149597;0.407363995
1635;3.476;4.06E-11;1.43E-08;0.00120687;0.407318733
1636;3.177;3.77E-11;1.33E-08;0.00099686;0.407274568
1637;2.729;3.48E-11;1.23E-08;0.00117381;0.407232039
1638;2.489;3.22E-11;1.14E-08;0.00106457;0.407190374
1639;2.438;3.00E-11;1.06E-08;0.00097218;0.407148937
1640;2.412;2.80E-11;9.93E-09;0.00086826;0.407107693
1641;2.359;2.62E-11;9.30E-09;0.00087102;0.40706678
1642;2.303;2.44E-11;8.72E-09;0.00079146;0.407026243
1643;2.046;2.27E-11;8.13E-09;0.00068514;0.406986786
1644;1.827;2.12E-11;7.60E-09;0.00044542;0.406948252
1645;1.733;1.98E-11;7.14E-09;0.00076579;0.406910222
1646;1.66;1.86E-11;6.72E-09;0.00067201;0.406872635
1647;1.597;1.75E-11;6.34E-09;0.00042756;0.406835474
1648;1.531;1.64E-11;5.98E-09;0.00027965;0.406798762
1649;1.466;1.55E-11;5.66E-09;0.00020293;0.406762511
1650;1.393;1.63E-11;5.87E-09;0.00603001;0.406726617
1651;1.347;2.00E-11;7.16E-09;0.02073252;0.406690556
1652;1.33;2.78E-11;9.66E-09;0.03515382;0.406653587
1653;1.34;3.80E-11;1.28E-08;0.03502207;0.406615126
1654;1.498;4.72E-11;1.56E-08;0.0232839;0.40657489
1655;1.757;5.58E-11;1.82E-08;0.02247841;0.406532427
1656;2.085;6.11E-11;1.99E-08;0.01192398;0.406487803
1657;2.131;6.11E-11;1.99E-08;0.00373005;0.406442299
1658;1.902;5.73E-11;1.87E-08;0.00129646;0.40639723
1659;1.637;5.27E-11;1.72E-08;0.00092125;0.406352836
1660;1.512;4.82E-11;1.58E-08;0.00074559;0.406308672
1661;1.454;4.41E-11;1.44E-08;0.00056963;0.406264584
1662;1.407;4.03E-11;1.32E-08;0.00064842;0.406220613
1663;1.377;3.69E-11;1.21E-08;0.00074709;0.406176766
1664;1.362;3.38E-11;1.12E-08;0.00094155;0.406133042
1665;1.364;3.10E-11;1.03E-08;0.00063062;0.406089437
1666;1.379;2.86E-11;9.51E-09;0.00039587;0.406045966
1667;1.408;2.64E-11;8.81E-09;0.00029991;0.406002629
1668;1.474;2.44E-11;8.20E-09;0.0002034;0.405959334
1669;1.584;2.27E-11;7.67E-09;0.00020404;0.405915961
1670;1.697;2.13E-11;7.20E-09;0.00010525;0.405872546
1671;1.84;2.00E-11;6.80E-09;0.00010558;0.405829039
1672;1.896;1.88E-11;6.43E-09;0.00009803;0.405785788
1673;1.677;1.76E-11;6.03E-09;0;0.4057438
1674;1.459;1.83E-11;6.28E-09;0.00353417;0.405702928
1675;1.43;2.26E-11;7.79E-09;0.01805458;0.405662021
1676;1.862;3.06E-11;1.06E-08;0.02627565;0.405618776
1677;2.571;4.22E-11;1.43E-08;0.03428412;0.405571547
1678;3.346;5.73E-11;1.87E-08;0.042181;0.40551912
1679;4.05;7.05E-11;2.26E-08;0.02868052;0.405461638
1680;4.233;7.83E-11;2.49E-08;0.01722571;0.405402024
1681;4.016;7.83E-11;2.50E-08;0.00551518;0.405342879
1682;3.58;7.25E-11;2.31E-08;0.00131069;0.405285695
1683;3.065;6.55E-11;2.09E-08;0.00095083;0.405230931
1684;2.845;5.92E-11;1.89E-08;0.0011034;0.40517722
1685;2.865;5.37E-11;1.72E-08;0.00112264;0.405123549
1686;2.97;4.90E-11;1.57E-08;0.00126911;0.40506963
1687;3.085;4.48E-11;1.44E-08;0.00100511;0.405015522
1688;3.187;4.11E-11;1.33E-08;0.00075158;0.404961395
1689;3.29;3.79E-11;1.23E-08;0.00062447;0.404907343
1690;3.422;3.52E-11;1.15E-08;0.00042121;0.404853292
1691;3.603;3.29E-11;1.08E-08;0.00028591;0.404799107
1692;3.808;3.10E-11;1.02E-08;0.0002871;0.40474475
1693;3.949;2.91E-11;9.64E-09;0.00028831;0.404690568
1694;4.072;2.76E-11;9.19E-09;0.00029564;0.40463669
1695;4.213;2.65E-11;8.84E-09;0.00015264;0.404583102
1696;4.358;2.55E-11;8.55E-09;0.00015331;0.404529796
1697;4.479;2.46E-11;8.29E-09;0.0001542;0.404476915
1698;4.617;2.48E-11;8.34E-09;0.00092792;0.404424365
1699;4.808;2.69E-11;9.14E-09;0.00309251;0.404371839
1700;5.093;3.11E-11;1.08E-08;0.00663018;0.404318707
1701;5.429;3.68E-11;1.30E-08;0.00806191;0.404264509
1702;5.865;4.38E-11;1.58E-08;0.01173458;0.40420851
1703;6.272;4.93E-11;1.81E-08;0.0076407;0.404150763
1704;6.506;5.30E-11;1.96E-08;0.00750695;0.404092125
1705;6.654;5.27E-11;1.96E-08;0.00250764;0.404033192
1706;6.688;5.01E-11;1.87E-08;0.00076849;0.403974774
1707;6.685;4.71E-11;1.76E-08;0.00137936;0.40391713
1708;6.684;4.41E-11;1.65E-08;0.00201745;0.403860247
1709;6.668;4.15E-11;1.55E-08;0.00221579;0.403804209
1710;6.646;3.91E-11;1.45E-08;0.00227199;0.403749066
1711;6.643;3.70E-11;1.37E-08;0.00200801;0.403694763
1712;6.722;3.52E-11;1.31E-08;0.00185321;0.403640982
1713;6.8;3.37E-11;1.25E-08;0.00163392;0.403587778
1714;6.862;3.24E-11;1.20E-08;0.00191062;0.403535247
1715;6.91;3.08E-11;1.14E-08;0.0014731;0.40348348
1716;6.963;2.97E-11;1.09E-08;0.00083484;0.40343252
1717;7.035;2.87E-11;1.06E-08;0.00062099;0.403382332
1718;7.065;2.78E-11;1.02E-08;0.00042765;0.403333107
1719;7.1;2.69E-11;9.90E-09;0.00063636;0.403284816
1720;7.135;2.62E-11;9.61E-09;0.00040957;0.403237457
1721;7.09;2.54E-11;9.32E-09;0.00057291;0.403191335
1722;6.946;2.51E-11;8.96E-09;0.00065852;0.40314675
1723;6.832;2.54E-11;8.99E-09;0.00136521;0.403103512
1724;6.83;2.70E-11;9.56E-09;0.00277619;0.403061092
1725;6.871;2.92E-11;1.04E-08;0.00381698;0.403019201
1726;6.896;3.17E-11;1.14E-08;0.00444453;0.402977766
1727;6.895;3.39E-11;1.23E-08;0.00407597;0.402936812
1728;7.007;3.49E-11;1.27E-08;0.00277544;0.402895946
1729;7.2;3.48E-11;1.27E-08;0.00165739;0.402854963
1730;7.335;3.38E-11;1.23E-08;0.00117318;0.402814119
1731;7.475;3.27E-11;1.18E-08;0.00262842;0.402773406
1732;7.565;3.15E-11;1.13E-08;0.00230668;0.402732995
1733;7.54;3.03E-11;1.08E-08;0.00231796;0.402693302
1734;7.51;2.91E-11;1.03E-08;0.0023765;0.402654349
1735;7.545;2.81E-11;9.82E-09;0.00217809;0.402615943
1736;7.615;2.72E-11;9.41E-09;0.00226267;0.402577997
1737;7.745;2.65E-11;9.05E-09;0.00259574;0.402540342
1738;7.925;2.58E-11;8.73E-09;0.00181117;0.402502872
1739;8.07;2.53E-11;8.45E-09;0.00181793;0.402465751
1740;8.175;2.46E-11;8.15E-09;0.00098977;0.402429149
1741;8.26;2.39E-11;7.87E-09;0.000487;0.402393174
1742;8.215;2.32E-11;7.56E-09;0.00044249;0.402358208
1743;8.055;2.24E-11;7.25E-09;0.00042981;0.402324541
1744;7.85;2.16E-11;6.92E-09;0.00025395;0.402292233
1745;7.785;2.09E-11;6.62E-09;0.00104073;0.402260836
1746;7.99;2.05E-11;6.38E-09;0.00279789;0.402229593
1747;8.025;2.15E-11;6.20E-09;0.00782542;0.402198806
1748;7.975;2.59E-11;6.98E-09;0.02456705;0.402168149
1749;8.155;3.35E-11;8.45E-09;0.03347051;0.402136414
1750;8.38;4.28E-11;1.03E-08;0.03002415;0.402103276
1751;8.435;5.10E-11;1.18E-08;0.02362898;0.402069298
1752;8.395;5.64E-11;1.27E-08;0.01858689;0.40203486
1753;8.295;5.69E-11;1.25E-08;0.00837659;0.402000418
1754;8.215;5.49E-11;1.19E-08;0.00608606;0.401966136
1755;8.235;5.23E-11;1.12E-08;0.00488032;0.401931896
1756;8.3;4.94E-11;1.05E-08;0.00426559;0.401897648
1757;8.35;4.66E-11;9.81E-09;0.00307851;0.401863554
1758;8.42;4.38E-11;9.18E-09;0.00269968;0.401829653
1759;8.4;4.12E-11;8.58E-09;0.00306092;0.401796242
1760;8.395;3.88E-11;8.03E-09;0.00220751;0.401763322
1761;8.45;3.64E-11;7.50E-09;0.00262604;0.401730776
1762;8.36;3.43E-11;7.02E-09;0.00383856;0.401698966
1763;8.155;3.22E-11;6.53E-09;0.00340889;0.40166816
1764;8.065;3.05E-11;6.13E-09;0.00287524;0.401638086
1765;8.045;2.88E-11;5.74E-09;0.00294177;0.401608558
1766;8.085;2.74E-11;5.39E-09;0.00293864;0.401579447
1767;8.135;2.59E-11;5.06E-09;0.0019163;0.401550773
1768;8.075;2.45E-11;4.74E-09;0.00209133;0.401522803
1769;7.82;2.31E-11;4.43E-09;0.00158818;0.401495947
1770;7.58;2.23E-11;4.12E-09;0.00167911;0.401470124
1771;7.425;2.26E-11;3.94E-09;0.00376716;0.401445073
1772;7.32;2.36E-11;4.07E-09;0.00666339;0.401420575
1773;7.315;2.66E-11;4.58E-09;0.01264669;0.401396258
1774;7.36;2.92E-11;5.08E-09;0.00800369;0.401371922
1775;7.265;3.19E-11;5.64E-09;0.00942174;0.40134784
1776;7.185;3.37E-11;6.02E-09;0.00828046;0.40132393
1777;7.029;3.36E-11;6.01E-09;0.00436995;0.401300362
1778;6.779;3.22E-11;5.72E-09;0.00277209;0.401277348
1779;6.439;3.06E-11;5.41E-09;0.0024608;0.401255061
1780;5.987;2.87E-11;5.07E-09;0.00138016;0.401233702
1781;5.571;2.69E-11;4.74E-09;0.00114489;0.401213162
1782;5.266;2.53E-11;4.44E-09;0.00117133;0.401193249
1783;5.235;2.40E-11;4.18E-09;0.0012066;0.401173492
1784;5.374;2.28E-11;3.95E-09;0.00142018;0.401153618
1785;5.471;2.16E-11;3.73E-09;0.00120291;0.401133732
1786;5.504;2.04E-11;3.51E-09;0.00116036;0.401113971
1787;5.495;1.93E-11;3.30E-09;0.0009423;0.401094414
1788;5.437;1.82E-11;3.11E-09;0.00055476;0.401075147
1789;5.35;1.72E-11;2.92E-09;0.00054808;0.401056234
1790;5.262;1.62E-11;2.74E-09;0.00018409;0.401037676
1791;5.208;1.53E-11;2.58E-09;0.00017682;0.401019423
1792;5.144;1.46E-11;2.44E-09;0;0.401001488
1793;5.023;1.37E-11;2.30E-09;0;0.400983954
1794;4.908;1.42E-11;2.35E-09;0.00187256;0.400966784
1795;4.945;1.69E-11;2.87E-09;0.01214418;0.400949611
1796;5.162;2.21E-11;3.88E-09;0.02157186;0.400931925
1797;5.599;2.92E-11;5.29E-09;0.02422442;0.400913176
1798;6.054;4.10E-11;7.40E-09;0.04771138;0.400892883
1799;6.546;5.47E-11;9.85E-09;0.04429871;0.400870361
1800;6.815;6.43E-11;1.17E-08;0.02226484;0.400846256
1801;6.747;6.63E-11;1.22E-08;0.0077539;0.40082135
1802;6.533;6.34E-11;1.17E-08;0.00328369;0.400796179
1803;6.287;5.92E-11;1.09E-08;0.00265816;0.400770908
1804;6.091;5.50E-11;1.01E-08;0.00290615;0.400745578
1805;5.953;5.10E-11;9.36E-09;0.0034663;0.400720155
1806;5.841;4.73E-11;8.66E-09;0.00458563;0.400694655
1807;5.74;4.40E-11;8.02E-09;0.00521972;0.400669109
1808;5.663;4.10E-11;7.44E-09;0.00494785;0.400643534
1809;5.562;3.82E-11;6.91E-09;0.00485916;0.400618042
1810;5.395;3.56E-11;6.41E-09;0.00451627;0.400592824
1811;5.241;3.33E-11;5.97E-09;0.00479481;0.400567887
1812;5.163;3.12E-11;5.57E-09;0.00504351;0.400543094
1813;5.177;2.95E-11;5.22E-09;0.00617232;0.400518274
1814;5.242;2.79E-11;4.89E-09;0.0062652;0.400493353
1815;5.429;2.65E-11;4.60E-09;0.00653969;0.400468098
1816;5.641;2.52E-11;4.32E-09;0.00665528;0.400442507
1817;5.804;2.40E-11;4.06E-09;0.00748875;0.400416712
1818;5.967;2.48E-11;3.80E-09;0.01256356;0.400390669
1819;6.176;2.75E-11;3.95E-09;0.02077693;0.400364148
1820;6.408;3.20E-11;4.48E-09;0.02518027;0.400336928
1821;6.671;3.71E-11;5.18E-09;0.02284549;0.40030886
1822;6.884;4.34E-11;6.10E-09;0.02640286;0.400279998
1823;7.05;4.97E-11;7.07E-09;0.02570063;0.400250176
1824;7.13;5.37E-11;7.71E-09;0.01900079;0.400219784
1825;7.09;5.34E-11;7.64E-09;0.00873065;0.400189235
1826;7.025;5.10E-11;7.28E-09;0.00658498;0.400158713
1827;6.957;4.80E-11;6.85E-09;0.0056278;0.400128303
1828;6.896;4.49E-11;6.39E-09;0.0057141;0.400098047
1829;6.829;4.18E-11;5.91E-09;0.00531071;0.400068016
1830;6.805;3.89E-11;5.50E-09;0.00409253;0.400038169
1831;6.777;3.63E-11;5.11E-09;0.00325994;0.400008584
1832;6.833;3.39E-11;4.76E-09;0.00217854;0.399979119
1833;6.949;3.16E-11;4.43E-09;0.00162712;0.399949689
1834;7.075;2.95E-11;4.13E-09;0.00166005;0.399920327
1835;7.15;2.75E-11;3.84E-09;0.00137752;0.399891184
1836;7.19;2.57E-11;3.57E-09;0.00138088;0.399862383
1837;7.22;2.39E-11;3.32E-09;0.00162778;0.399833969
1838;7.235;2.23E-11;3.08E-09;0.00165371;0.399805996
1839;7.23;2.08E-11;2.86E-09;0.00164639;0.399778506
1840;7.195;1.94E-11;2.65E-09;0.00161704;0.399751567
1841;7.17;1.81E-11;2.45E-09;0.00159883;0.399725157
1842;7.13;1.78E-11;2.26E-09;0.00353007;0.39969928
1843;7.145;1.95E-11;2.49E-09;0.01053942;0.399673714
1844;7.24;2.41E-11;3.14E-09;0.02380799;0.39964803
1845;7.495;3.09E-11;4.16E-09;0.0286581;0.399621605
1846;7.705;3.78E-11;5.28E-09;0.02434959;0.399594347
1847;7.835;4.78E-11;6.88E-09;0.0405668;0.399566226
1848;8.02;5.60E-11;8.28E-09;0.03032577;0.399536734
1849;8.01;6.11E-11;9.16E-09;0.02485363;0.399506412
1850;7.765;5.91E-11;8.89E-09;0.00827438;0.399475954
1851;7.51;5.54E-11;8.33E-09;0.00807399;0.399445585
1852;7.35;5.16E-11;7.73E-09;0.00876671;0.399415183
1853;7.27;4.78E-11;7.14E-09;0.00860945;0.39938463
1854;7.125;4.42E-11;6.57E-09;0.008931;0.399354184
1855;6.923;4.08E-11;6.03E-09;0.00925271;0.399324058
1856;6.86;3.79E-11;5.56E-09;0.00872422;0.399293954
1857;6.859;3.52E-11;5.13E-09;0.00788656;0.39926384
1858;6.797;3.26E-11;4.73E-09;0.00654408;0.399233925
1859;6.639;3.03E-11;4.36E-09;0.00663968;0.399204495
1860;6.538;2.81E-11;4.03E-09;0.00617495;0.399175457
1861;6.485;2.62E-11;3.73E-09;0.00602667;0.399146713
1862;6.297;2.43E-11;3.44E-09;0.00502897;0.399118624
1863;5.943;2.26E-11;3.17E-09;0.00469149;0.399091563
1864;5.646;2.10E-11;2.93E-09;0.00436387;0.399065373
1865;5.421;1.96E-11;2.72E-09;0.00364197;0.399039882
1866;5.104;2.22E-11;2.67E-09;0.01589504;0.39901516
1867;5.152;2.89E-11;3.47E-09;0.03894803;0.398990105
1868;5.721;4.18E-11;5.10E-09;0.06464449;0.398963066
1869;6.477;5.51E-11;6.99E-09;0.04319271;0.398933256
1870;7.003;6.67E-11;8.84E-09;0.03602862;0.398901125
1871;7.365;8.22E-11;1.13E-08;0.05777487;0.398866586
1872;7.605;9.54E-11;1.37E-08;0.04650737;0.398829443
1873;7.495;9.63E-11;1.42E-08;0.0122742;0.398790927
1874;7.057;8.92E-11;1.34E-08;0.00280057;0.398752498
1875;6.549;8.13E-11;1.23E-08;0.0028072;0.398714629
1876;6.15;7.41E-11;1.13E-08;0.00440483;0.398677183
1877;5.959;6.76E-11;1.04E-08;0.00347246;0.398639695
1878;5.768;6.18E-11;9.55E-09;0.00275257;0.398602323
1879;5.645;5.68E-11;8.85E-09;0.00244205;0.398564998
1880;5.564;5.22E-11;8.19E-09;0.00166831;0.398527728
1881;5.515;4.80E-11;7.59E-09;0.00192375;0.398490518
1882;5.539;4.44E-11;7.05E-09;0.00186869;0.398453238
1883;5.577;4.11E-11;6.57E-09;0.00244112;0.398415932
1884;5.679;3.83E-11;6.14E-09;0.0034203;0.398378428
1885;5.825;3.57E-11;5.74E-09;0.00335873;0.398340699
1886;5.924;3.34E-11;5.38E-09;0.00334339;0.398302923
1887;6.017;3.12E-11;5.04E-09;0.00335086;0.398265217
1888;6.051;2.91E-11;4.71E-09;0.00333549;0.398227807
1889;6.067;2.71E-11;4.40E-09;0.00216879;0.398190801
1890;6.127;2.62E-11;4.11E-09;0.00415336;0.398154089
1891;6.224;2.70E-11;4.18E-09;0.0086803;0.398117512
1892;6.391;2.95E-11;4.65E-09;0.01264866;0.398080749
1893;6.621;3.47E-11;5.63E-09;0.02233836;0.398043385
1894;6.949;4.33E-11;7.28E-09;0.03504479;0.398004712
1895;7.33;5.44E-11;9.41E-09;0.04388845;0.397964035
1896;7.44;6.35E-11;1.13E-08;0.03351376;0.39792199
1897;7.34;6.45E-11;1.17E-08;0.00908553;0.397879425
1898;7.085;6.08E-11;1.12E-08;0.00300535;0.397837178
1899;6.95;5.61E-11;1.04E-08;0.00095422;0.397794964
1900;6.508;5.13E-11;9.59E-09;0.00146549;0.397754022
1901;6.125;4.69E-11;8.83E-09;0.00142862;0.39771419
1902;5.72;4.29E-11;8.13E-09;0.00219365;0.397675568
1903;5.403;3.94E-11;7.50E-09;0.00299306;0.397637883
1904;5.246;3.65E-11;6.97E-09;0.0030203;0.397600673
1905;5.076;3.38E-11;6.47E-09;0.0029846;0.397564024
1906;4.863;3.13E-11;6.03E-09;0.00286586;0.397528123
1907;4.598;2.90E-11;5.61E-09;0.00230986;0.397493107
1908;4.363;2.70E-11;5.24E-09;0.0023974;0.397458884
1909;4.282;2.53E-11;4.91E-09;0.00246624;0.397425042
1910;4.317;2.38E-11;4.62E-09;0.00204708;0.397391299
1911;4.506;2.24E-11;4.37E-09;0.0015818;0.397357256
1912;4.825;2.11E-11;4.12E-09;0.00163007;0.397322597
1913;5.128;2.00E-11;3.91E-09;0.00143818;0.397287448
1914;5.509;2.06E-11;3.85E-09;0.00374414;0.397251616
1915;5.955;2.20E-11;4.17E-09;0.00748729;0.397214874
1916;6.485;2.51E-11;4.78E-09;0.01921072;0.39717678
1917;7.029;3.54E-11;6.46E-09;0.06996698;0.397136456
1918;7.375;4.46E-11;8.07E-09;0.04417736;0.397093978
1919;7.32;5.42E-11;9.78E-09;0.04622591;0.397050826
1920;7.12;6.36E-11;1.16E-08;0.04579413;0.397007142
1921;6.895;6.95E-11;1.28E-08;0.03236905;0.396962968
1922;6.568;6.62E-11;1.22E-08;0.00581009;0.396918968
1923;6.175;6.15E-11;1.14E-08;0.00582246;0.396875697
1924;5.997;5.69E-11;1.06E-08;0.00621049;0.396832509
1925;5.984;5.26E-11;9.86E-09;0.00374949;0.396789001
1926;6.056;4.86E-11;9.17E-09;0.00262155;0.396745037
1927;6.137;4.50E-11;8.54E-09;0.00296037;0.396700723
1928;6.234;4.17E-11;7.96E-09;0.00272648;0.396656159
1929;6.355;3.86E-11;7.43E-09;0.00217013;0.396611349
1930;6.525;3.59E-11;6.94E-09;0.00129218;0.396566254
1931;6.797;3.34E-11;6.49E-09;0.00135795;0.396520607
1932;7.145;3.13E-11;6.10E-09;0.00108923;0.396474247
1933;7.535;2.93E-11;5.72E-09;0.00158564;0.39642711
1934;8;2.75E-11;5.38E-09;0.00243233;0.396379023
1935;8.455;2.59E-11;5.05E-09;0.00200724;0.39633014
1936;8.71;2.39E-11;4.69E-09;0.00241327;0.396281369
1937;8.885;2.21E-11;4.37E-09;0.00244823;0.396233097
1938;9.035;2.22E-11;4.24E-09;0.01203394;0.396185344
1939;9.27;2.46E-11;4.71E-09;0.02237543;0.396137487
1940;9.58;2.83E-11;5.51E-09;0.02117639;0.396089015
1941;9.86;3.44E-11;6.87E-09;0.03343189;0.396039771
1942;10.205;4.38E-11;9.01E-09;0.04725634;0.395988829
1943;10.515;5.19E-11;1.09E-08;0.02864499;0.395935899
1944;10.595;5.58E-11;1.19E-08;0.01505185;0.395882077
1945;10.58;5.53E-11;1.19E-08;0.00592178;0.395827857
1946;10.48;5.23E-11;1.13E-08;0.00301165;0.395773837
1947;10.38;4.83E-11;1.05E-08;0.00298361;0.395720187
1948;10.27;4.42E-11;9.61E-09;0.0034433;0.395667116
1949;10.27;4.04E-11;8.79E-09;0.00388646;0.395614331
1950;10.29;3.69E-11;8.04E-09;0.00344392;0.395561931
1951;10.275;3.37E-11;7.33E-09;0.00345508;0.395510182
1952;10.245;3.08E-11;6.69E-09;0.00301352;0.39545931
1953;10.19;2.81E-11;6.09E-09;0.00298433;0.395409458
1954;10.205;2.57E-11;5.56E-09;0.00341833;0.395360441
1955;10.175;2.35E-11;5.07E-09;0.0031655;0.395312506
1956;9.845;2.14E-11;4.59E-09;0.00307716;0.395266744
1957;9.395;1.95E-11;4.16E-09;0.0025917;0.395223449
1958;9.025;1.78E-11;3.78E-09;0.00218845;0.395182248
1959;8.69;1.63E-11;3.44E-09;0.00117553;0.395142941
1960;8.335;1.48E-11;3.09E-09;0.0009072;0.3951055
1961;7.99;1.40E-11;2.86E-09;0.00128369;0.395069796
1962;7.69;1.53E-11;2.93E-09;0.01448229;0.395035444
1963;7.85;2.15E-11;3.95E-09;0.06306135;0.395000443
1964;8.495;3.32E-11;5.93E-09;0.07095899;0.394962585
1965;9.155;5.43E-11;9.32E-09;0.11164686;0.394920804
1966;9.865;8.22E-11;1.36E-08;0.11795633;0.394873309
1967;10.38;1.11E-10;1.81E-08;0.10548809;0.394819689
1968;10.58;1.30E-10;2.13E-08;0.06777027;0.39476061
1969;10.305;1.33E-10;2.20E-08;0.02834302;0.394698697
1970;9.785;1.25E-10;2.06E-08;0.00628543;0.394636101
1971;9.29;1.13E-10;1.87E-08;0.00621218;0.39457349
1972;8.98;1.03E-10;1.69E-08;0.0068378;0.394510574
1973;8.755;9.31E-11;1.53E-08;0.00748784;0.394447498
1974;8.515;8.44E-11;1.38E-08;0.00737247;0.394384782
1975;8.235;7.68E-11;1.25E-08;0.0075098;0.394322964
1976;8;7.01E-11;1.14E-08;0.00622334;0.394262106
1977;7.675;6.42E-11;1.04E-08;0.00610015;0.394202796
1978;7.31;5.89E-11;9.52E-09;0.00795167;0.394145327
1979;6.996;5.44E-11;8.74E-09;0.00675744;0.394089481
1980;6.772;5.06E-11;8.12E-09;0.00403075;0.394034873
1981;6.656;4.71E-11;7.54E-09;0.00332472;0.393981193
1982;6.526;4.40E-11;7.01E-09;0.00169155;0.39392856
1983;6.248;4.09E-11;6.51E-09;0.00143238;0.393877639
1984;6.001;3.83E-11;6.06E-09;0.00154379;0.393828243
1985;5.872;3.59E-11;5.67E-09;0.00178572;0.393779905
1986;5.745;3.86E-11;5.84E-09;0.0187939;0.393732466
1987;5.901;4.78E-11;7.26E-09;0.05659104;0.393684108
1988;6.603;6.66E-11;1.02E-08;0.09157386;0.393631508
1989;7.475;9.44E-11;1.44E-08;0.11500871;0.393572453
1990;8.27;1.27E-10;1.94E-08;0.11692406;0.393505741
1991;8.79;1.55E-10;2.40E-08;0.09734065;0.393431726
1992;8.99;1.72E-10;2.73E-08;0.06378483;0.393351898
1993;8.805;1.72E-10;2.77E-08;0.02441241;0.393269053
1994;8.38;1.59E-10;2.57E-08;0.00550184;0.393185888
1995;7.955;1.43E-10;2.33E-08;0.00504847;0.393103178
1996;7.67;1.29E-10;2.11E-08;0.00578082;0.393020797
1997;7.43;1.16E-10;1.91E-08;0.00576645;0.39293887
1998;7.305;1.06E-10;1.73E-08;0.00612925;0.392857104
1999;7.165;9.63E-11;1.58E-08;0.00633582;0.392775989
2000;7.02;8.80E-11;1.45E-08;0.00599711;0.392695777
2001;6.943;8.08E-11;1.33E-08;0.00561317;0.39261634
2002;6.901;7.47E-11;1.23E-08;0.00563788;0.392537691
2003;6.836;6.89E-11;1.13E-08;0.00683535;0.392460063
2004;6.697;6.41E-11;1.05E-08;0.00785701;0.392384048
2005;6.693;6.00E-11;9.79E-09;0.00638794;0.392308874
2006;6.755;5.64E-11;9.18E-09;0.00569898;0.392234372
2007;6.878;5.32E-11;8.65E-09;0.00504717;0.392160145
2008;6.984;5.03E-11;8.16E-09;0.00433375;0.392086591
2009;7.06;4.76E-11;7.71E-09;0.00225239;0.392013914
2010;7.165;4.59E-11;7.28E-09;0.00203319;0.391942107
2011;7.295;4.45E-11;6.89E-09;0.00160989;0.391871071
2012;7.405;4.67E-11;7.23E-09;0.00913746;0.391800874
2013;7.63;5.30E-11;8.38E-09;0.01945516;0.391730523
2014;7.94;5.83E-11;9.47E-09;0.01231305;0.391659332
2015;8.02;6.39E-11;1.07E-08;0.01446602;0.391588429
2016;8.105;7.10E-11;1.23E-08;0.02319672;0.391517424
2017;8.13;7.43E-11;1.32E-08;0.00969056;0.391446345
2018;7.85;7.17E-11;1.29E-08;0.00154491;0.391377168
2019;7.365;6.74E-11;1.22E-08;0.00222939;0.391310904
2020;7.17;6.31E-11;1.14E-08;0.00254013;0.391245934
2021;7.125;5.91E-11;1.07E-08;0.00252915;0.391181527
2022;7.09;5.53E-11;9.97E-09;0.001576;0.391117798
2023;7.08;5.18E-11;9.32E-09;0.0015955;0.391054742
2024;7.11;4.86E-11;8.73E-09;0.00164432;0.390992244
2025;7.19;4.57E-11;8.19E-09;0.00132274;0.390930189
2026;7.28;4.34E-11;7.77E-09;0.00138982;0.390868605
2027;7.38;4.10E-11;7.32E-09;0.000679;0.390807525
2028;7.46;3.88E-11;6.90E-09;0.00064135;0.390747135
2029;7.34;3.65E-11;6.48E-09;0.00094594;0.390688439
2030;7.1;3.44E-11;6.08E-09;0.00188376;0.390631932
2031;6.82;3.24E-11;5.71E-09;0.00182622;0.390577679
2032;6.296;3.04E-11;5.33E-09;0.00117177;0.390526585
2033;5.831;2.86E-11;4.99E-09;0.00115089;0.390478173
2034;5.547;3.12E-11;5.44E-09;0.01657442;0.39043138
2035;5.617;3.67E-11;6.52E-09;0.02483527;0.390384399
2036;5.851;4.89E-11;8.75E-09;0.06093532;0.390335907
2037;6.41;6.06E-11;1.10E-08;0.03573356;0.390284079
2038;6.681;7.35E-11;1.35E-08;0.04351637;0.39022978
2039;6.925;8.53E-11;1.60E-08;0.0364359;0.390172777
2040;7.035;9.05E-11;1.72E-08;0.01725903;0.390113785
2041;6.917;8.96E-11;1.71E-08;0.00800815;0.390054008
2042;6.679;8.46E-11;1.62E-08;0.00351464;0.389994332
2043;6.374;7.88E-11;1.50E-08;0.0038198;0.38993524
2044;6.062;7.30E-11;1.39E-08;0.0038313;0.389876987
2045;5.842;6.76E-11;1.29E-08;0.00461738;0.389819307
2046;5.871;6.30E-11;1.20E-08;0.00416798;0.389761185
2047;5.785;5.86E-11;1.11E-08;0.0034841;0.389703369
2048;5.554;5.44E-11;1.03E-08;0.00418635;0.389646654
2049;5.569;5.09E-11;9.58E-09;0.00379707;0.389589986
2050;5.562;4.77E-11;8.95E-09;0.00264938;0.389533607
2051;5.604;4.48E-11;8.39E-09;0.00231558;0.389477422
2052;5.612;4.22E-11;7.88E-09;0.0019654;0.389421673
2053;5.558;3.94E-11;7.34E-09;0.00141833;0.389366712
2054;5.495;3.72E-11;6.91E-09;0.00168416;0.389312669
2055;5.434;3.51E-11;6.51E-09;0.00166655;0.389259514
2056;5.386;3.33E-11;6.15E-09;0.00187532;0.389207195
2057;5.285;3.15E-11;5.81E-09;0.00157942;0.389155995
2058;5.108;3.29E-11;5.93E-09;0.0092493;0.3891061
2059;4.99;3.59E-11;6.53E-09;0.01340146;0.389057013
2060;5.033;4.29E-11;7.93E-09;0.03199232;0.389007685
2061;5.433;5.36E-11;1.00E-08;0.04507188;0.388956034
2062;5.887;6.83E-11;1.28E-08;0.05940797;0.388901132
2063;6.191;8.10E-11;1.54E-08;0.03924567;0.388843324
2064;6.255;9.18E-11;1.77E-08;0.03488226;0.388783637
2065;6.271;9.31E-11;1.82E-08;0.00805303;0.388722304
2066;5.673;8.74E-11;1.71E-08;0.00119287;0.388662922
2067;5.025;8.07E-11;1.59E-08;0.00113143;0.388605691
2068;4.388;7.41E-11;1.46E-08;0.00093358;0.388550797
2069;3.809;6.78E-11;1.34E-08;0.00065905;0.388497855
2070;3.34;6.23E-11;1.23E-08;0.00043126;0.388446423
2071;2.984;5.71E-11;1.13E-08;0.00021313;0.388396091
2072;2.813;5.29E-11;1.05E-08;0.00021673;0.388346161
2073;2.798;4.91E-11;9.80E-09;0;0.388296074
2074;2.863;4.58E-11;9.17E-09;0;0.388245597
2075;3.005;4.29E-11;8.61E-09;0;0.388194507
2076;3.106;4.02E-11;8.10E-09;0;0.388143082
2077;3.131;3.77E-11;7.62E-09;0.00023326;0.388091732
2078;3.172;3.55E-11;7.19E-09;0;0.388040454
2079;3.181;3.34E-11;6.79E-09;0;0.387989448
2080;3.141;3.15E-11;6.42E-09;0;0.387938963
2081;3.116;2.97E-11;6.08E-09;0;0.387888966
2082;2.985;2.99E-11;6.20E-09;0.00351338;0.387839873
2083;2.808;3.16E-11;6.70E-09;0.00732952;0.387791698
2084;2.833;3.41E-11;7.42E-09;0.00896018;0.387743441
2085;2.917;3.82E-11;8.54E-09;0.01694649;0.387694711
2086;3.137;4.40E-11;1.00E-08;0.02474184;0.38764456
2087;3.31;4.97E-11;1.15E-08;0.02372245;0.387592967
2088;3.232;5.47E-11;1.28E-08;0.02127067;0.387540905
2089;3.068;5.57E-11;1.32E-08;0.00740798;0.387488983
2090;2.824;5.35E-11;1.27E-08;0.00226872;0.387437612
2091;2.606;5.06E-11;1.20E-08;0.00257429;0.387386811
2092;2.525;4.76E-11;1.13E-08;0.00234576;0.387336002
2093;2.418;4.46E-11;1.06E-08;0.00204144;0.38728538
2094;2.237;4.16E-11;9.93E-09;0.00200228;0.387235321
2095;2.085;3.88E-11;9.27E-09;0.00218161;0.387185748
2096;2.016;3.62E-11;8.67E-09;0.00237039;0.38713636
2097;1.935;3.39E-11;8.11E-09;0.00261044;0.387087252
2098;1.866;3.17E-11;7.60E-09;0.00284818;0.387038414
2099;1.814;2.98E-11;7.14E-09;0.00261555;0.386989817
2100;1.759;2.82E-11;6.77E-09;0.00240201;0.386941511
2101;1.712;2.64E-11;6.35E-09;0.00217225;0.3868935
2102;1.671;2.48E-11;5.98E-09;0.00329359;0.386845774
2103;1.625;2.34E-11;5.63E-09;0.00305789;0.386798372
2104;1.579;2.21E-11;5.31E-09;0.00282456;0.38675132
2105;1.525;2.09E-11;5.02E-09;0.00259359;0.386704671
2106;1.468;2.21E-11;5.19E-09;0.00930198;0.386658362
2107;1.437;2.57E-11;6.03E-09;0.02179332;0.386611995
2108;1.43;3.12E-11;7.25E-09;0.03387415;0.386565065
2109;1.432;3.85E-11;8.82E-09;0.04262542;0.386517194
2110;1.477;4.78E-11;1.07E-08;0.05098055;0.386467825
2111;1.578;5.58E-11;1.24E-08;0.03685176;0.38641667
2112;1.546;6.29E-11;1.38E-08;0.03411157;0.386364262
2113;1.484;6.69E-11;1.47E-08;0.02258234;0.386310998
2114;1.422;6.45E-11;1.41E-08;0.0061667;0.38625717
2115;1.346;6.07E-11;1.33E-08;0.00533389;0.386203037
2116;1.256;5.65E-11;1.24E-08;0.00447472;0.386148807
2117;1.164;5.24E-11;1.14E-08;0.00405702;0.386094603
2118;1.077;4.83E-11;1.06E-08;0.00337351;0.386040498
2119;0.999;4.46E-11;9.78E-09;0.00211327;0.385986555
2120;0.952;4.11E-11;9.04E-09;0.00189214;0.385932728
2121;0.922;3.79E-11;8.37E-09;0.00122735;0.385878983
2122;0.872;3.49E-11;7.75E-09;0.00059081;0.385825489
2123;0.82;3.22E-11;7.17E-09;0.00020343;0.385772315
2124;0.765;2.97E-11;6.66E-09;0.00020544;0.385719519
2125;0.705;2.75E-11;6.18E-09;0;0.385667161
2126;0.645;2.54E-11;5.75E-09;0;0.385615267
2127;0.58;2.35E-11;5.35E-09;0;0.385563882
2128;0.514;2.17E-11;4.97E-09;0;0.385513021
2129;0.453;2.09E-11;4.75E-09;0.00062163;0.385462649
2130;0.409;2.37E-11;5.49E-09;0.00956127;0.385412554
2131;0.428;2.71E-11;6.40E-09;0.01013651;0.385362278
2132;0.454;3.09E-11;7.49E-09;0.01068379;0.385311711
2133;0.479;3.53E-11;8.73E-09;0.01466701;0.385260743
2134;0.499;4.00E-11;1.00E-08;0.02248757;0.38520908
2135;0.52;4.40E-11;1.11E-08;0.02038334;0.385156615
2136;0.533;4.68E-11;1.20E-08;0.01363907;0.385103468
2137;0.552;4.63E-11;1.20E-08;0.00350375;0.385049821
2138;0.57;4.36E-11;1.13E-08;0.00021816;0.384995889
2139;0.588;4.05E-11;1.06E-08;0;0.384941792
2140;0.594;3.74E-11;9.83E-09;0;0.384887656
2141;0.61;3.44E-11;9.08E-09;0;0.3848335
2142;0.622;3.16E-11;8.37E-09;0;0.384779402
2143;0.637;2.90E-11;7.72E-09;0;0.384725403
2144;0.65;2.67E-11;7.12E-09;0.0005758;0.38467155
2145;0.667;2.45E-11;6.57E-09;0.00056894;0.384617861
2146;0.681;2.26E-11;6.07E-09;0.00055727;0.384564389
2147;0.697;2.08E-11;5.62E-09;0.00026182;0.384511163
2148;0.704;1.92E-11;5.20E-09;0.00026818;0.384458255
2149;0.719;1.77E-11;4.81E-09;0.00053762;0.384405655
2150;0.729;1.63E-11;4.47E-09;0.00025248;0.384353411
2151;0.737;1.51E-11;4.15E-09;0.00050248;0.384301551
2152;0.746;1.41E-11;3.87E-09;0.00055724;0.384250083
2153;0.754;1.31E-11;3.61E-09;0.00052731;0.384199027
2154;0.764;1.69E-11;4.72E-09;0.01763676;0.384148068
2155;0.768;2.27E-11;6.37E-09;0.02456368;0.384096748
2156;0.775;3.35E-11;9.12E-09;0.07049757;0.384044008
2157;0.793;4.19E-11;1.14E-08;0.02898835;0.383989648
2158;0.802;5.53E-11;1.45E-08;0.07212071;0.38393345
2159;0.797;6.69E-11;1.72E-08;0.05249527;0.383874905
2160;0.793;7.21E-11;1.84E-08;0.02317506;0.383814951
2161;0.802;7.06E-11;1.79E-08;0.006671;0.383754124
2162;0.889;6.55E-11;1.66E-08;0.0019636;0.383692464
2163;1.15;6.00E-11;1.52E-08;0.0019822;0.383629239
2164;1.649;5.51E-11;1.40E-08;0.00134365;0.383563251
2165;2.057;5.05E-11;1.28E-08;0.0013758;0.383495142
2166;2.401;4.64E-11;1.18E-08;0.00143819;0.383425405
2167;2.728;4.28E-11;1.10E-08;0.00106715;0.383354268
2168;3.045;3.98E-11;1.02E-08;0.00073978;0.383281909
2169;3.326;3.73E-11;9.63E-09;0.00079458;0.383208666
2170;3.658;3.52E-11;9.11E-09;0.00170392;0.383134299
2171;4.013;3.35E-11;8.70E-09;0.00167552;0.383058762
2172;4.13;3.19E-11;8.32E-09;0.00166437;0.382983655
2173;4.142;3.04E-11;7.97E-09;0.00201767;0.382909654
2174;4.095;2.91E-11;7.64E-09;0.00203814;0.382837099
2175;4.027;2.78E-11;7.34E-09;0.00190945;0.382766121
2176;3.747;2.65E-11;7.01E-09;0.00264457;0.382697849
2177;3.567;2.53E-11;6.71E-09;0.00219615;0.382631612
2178;3.413;2.94E-11;7.72E-09;0.0194934;0.38256671
2179;3.518;4.15E-11;1.07E-08;0.06318845;0.382500203
2180;4.115;6.10E-11;1.50E-08;0.09930201;0.382427065
2181;4.922;8.23E-11;1.94E-08;0.08424892;0.382344877
2182;5.475;1.06E-10;2.41E-08;0.10322676;0.382254591
2183;5.765;1.29E-10;2.83E-08;0.10072525;0.382157113
2184;5.85;1.40E-10;3.03E-08;0.05412057;0.382055432
2185;5.463;1.41E-10;3.03E-08;0.03513443;0.381954801
2186;4.971;1.29E-10;2.77E-08;0.00985462;0.381857325
2187;4.373;1.14E-10;2.46E-08;0.00567821;0.381764377
2188;3.873;1.01E-10;2.17E-08;0.00461848;0.381675326
2189;3.631;8.93E-11;1.93E-08;0.00508767;0.381588241
2190;3.583;7.98E-11;1.73E-08;0.00420024;0.381501824
2191;3.478;7.14E-11;1.56E-08;0.00409249;0.381416658
2192;3.421;6.39E-11;1.40E-08;0.00333596;0.381332511
2193;3.364;5.80E-11;1.28E-08;0.00428969;0.38124946
2194;3.385;5.30E-11;1.17E-08;0.00441483;0.381166999
2195;3.444;4.87E-11;1.08E-08;0.00399435;0.381084948
2196;3.526;4.52E-11;1.01E-08;0.00406165;0.381003227
2197;3.69;4.23E-11;9.52E-09;0.00410154;0.38092134
2198;3.749;3.98E-11;9.00E-09;0.00324526;0.380840106
2199;3.664;3.73E-11;8.47E-09;0.00280826;0.380760588
2200;3.813;3.53E-11;8.07E-09;0.00289631;0.380681177
2201;3.777;3.39E-11;7.64E-09;0.00395087;0.380603127
2202;3.787;3.87E-11;8.72E-09;0.0156094;0.380525814
2203;3.952;5.13E-11;1.16E-08;0.04426824;0.380447147
2204;4.437;7.00E-11;1.56E-08;0.07681278;0.380363224
2205;5.111;9.41E-11;2.04E-08;0.10120265;0.380270703
2206;5.787;1.18E-10;2.50E-08;0.09049332;0.380168554
2207;6.29;1.39E-10;2.90E-08;0.08224643;0.380058103
2208;6.456;1.52E-10;3.15E-08;0.06296303;0.379942778
2209;6.344;1.46E-10;3.04E-08;0.02315779;0.379826809
2210;6.032;1.32E-10;2.75E-08;0.00949721;0.37971359
2211;5.794;1.17E-10;2.44E-08;0.00734248;0.379602971
2212;5.746;1.04E-10;2.18E-08;0.00823389;0.379493436
2213;5.693;9.30E-11;1.95E-08;0.00862791;0.379385221
2214;5.655;8.35E-11;1.76E-08;0.00811702;0.379278369
2215;5.6;7.53E-11;1.59E-08;0.00605886;0.379173232
2216;5.58;6.86E-11;1.46E-08;0.00858646;0.379069576
2217;5.526;6.28E-11;1.34E-08;0.00843603;0.378967701
2218;5.475;5.79E-11;1.24E-08;0.00766176;0.378867646
2219;5.463;5.38E-11;1.16E-08;0.00676997;0.378769142
2220;5.515;5.04E-11;1.09E-08;0.00555935;0.378671783
2221;5.697;4.74E-11;1.03E-08;0.00520988;0.378574618
2222;5.96;4.51E-11;9.88E-09;0.00486635;0.378477103
2223;6.247;4.32E-11;9.51E-09;0.00596979;0.378379137
2224;6.455;4.16E-11;9.19E-09;0.0093149;0.378281379
2225;6.474;4.01E-11;8.88E-09;0.01145857;0.378185234
2226;6.334;4.08E-11;8.52E-09;0.02254589;0.378091553
2227;6.327;4.64E-11;9.46E-09;0.0355386;0.377998581
2228;6.468;5.75E-11;1.15E-08;0.04831321;0.37790438
2229;6.704;7.55E-11;1.48E-08;0.07346248;0.377807085
2230;7.054;8.96E-11;1.75E-08;0.04520183;0.377705581
2231;7.16;9.46E-11;1.85E-08;0.0239339;0.377603111
2232;7.145;9.64E-11;1.89E-08;0.02444924;0.377501071
2233;7.125;9.38E-11;1.85E-08;0.01297122;0.377399873
2234;7.09;8.72E-11;1.73E-08;0.00481321;0.377300103
2235;7.023;8.03E-11;1.60E-08;0.00473048;0.377202314
2236;6.893;7.38E-11;1.48E-08;0.00575916;0.377107016
2237;6.757;6.78E-11;1.37E-08;0.00466192;0.377014262
2238;6.71;6.28E-11;1.27E-08;0.00427154;0.376923413
2239;6.734;5.84E-11;1.19E-08;0.00367272;0.376834005
2240;6.782;5.46E-11;1.12E-08;0.00247362;0.376745965
2241;6.772;5.12E-11;1.06E-08;0.00142808;0.376659801
2242;6.607;4.78E-11;1.00E-08;0.00082442;0.376576618
2243;6.434;4.47E-11;9.45E-09;0.00246426;0.376496323
2244;6.234;4.19E-11;8.91E-09;0.00447086;0.376418892
2245;5.999;3.94E-11;8.43E-09;0.00442362;0.376344373
2246;5.828;3.71E-11;7.99E-09;0.0043765;0.376272253
2247;5.702;3.51E-11;7.60E-09;0.00268324;0.376202207
2248;5.548;3.32E-11;7.23E-09;0.00189608;0.376134383
2249;5.412;3.14E-11;6.89E-09;0.0019007;0.376068612
2250;5.302;3.12E-11;6.65E-09;0.00460067;0.376004599
2251;5.314;3.37E-11;7.23E-09;0.01127619;0.375941471
2252;5.462;4.05E-11;8.75E-09;0.0287976;0.375877957
2253;5.715;4.79E-11;1.04E-08;0.03136678;0.375812994
2254;6.012;6.03E-11;1.29E-08;0.06118094;0.375745539
2255;6.383;7.44E-11;1.55E-08;0.06826974;0.375674153
2256;6.654;8.28E-11;1.72E-08;0.03983379;0.375599744
2257;6.704;8.31E-11;1.72E-08;0.01815145;0.375524573
2258;6.524;7.79E-11;1.62E-08;0.00622387;0.375450643
2259;6.116;7.11E-11;1.48E-08;0.00474515;0.375379578
2260;5.963;6.49E-11;1.36E-08;0.00359511;0.375309917
2261;5.533;5.88E-11;1.24E-08;0.00226164;0.375243282
2262;4.896;5.31E-11;1.13E-08;0.00190123;0.375180654
2263;4.27;4.79E-11;1.02E-08;0.00145362;0.375121712
2264;3.725;4.34E-11;9.35E-09;0.00108491;0.37506585
2265;3.296;3.95E-11;8.57E-09;0.00069562;0.375012348
2266;2.926;3.60E-11;7.88E-09;0.00033122;0.374960846
2267;2.658;3.30E-11;7.28E-09;0;0.37491084
2268;2.475;3.03E-11;6.75E-09;0;0.37486195
2269;2.323;2.79E-11;6.28E-09;0;0.374814026
2270;2.203;2.57E-11;5.83E-09;0;0.374766933
2271;2.107;2.38E-11;5.45E-09;0;0.374720575
2272;2.006;2.21E-11;5.10E-09;0;0.374674972
2273;1.913;2.10E-11;4.85E-09;0.00045536;0.374630074
2274;1.832;2.63E-11;6.17E-09;0.02665089;0.37458544
2275;1.789;3.66E-11;8.42E-09;0.06843293;0.374539908
2276;1.989;5.30E-11;1.13E-08;0.12140295;0.374491067
2277;2.906;7.82E-11;1.50E-08;0.16564376;0.374434022
2278;4.188;1.08E-10;1.91E-08;0.16725663;0.374365032
2279;5.088;1.34E-10;2.27E-08;0.13899212;0.374285057
2280;5.41;1.49E-10;2.49E-08;0.08559664;0.37419877
2281;5.222;1.43E-10;2.42E-08;0.02681229;0.374111416
2282;4.838;1.28E-10;2.17E-08;0.00588645;0.374025797
2283;4.551;1.13E-10;1.93E-08;0.00319256;0.37394177
2284;4.337;1.00E-10;1.73E-08;0.00402651;0.373859031
2285;4.14;8.92E-11;1.55E-08;0.00456093;0.37377761
2286;4.126;8.00E-11;1.40E-08;0.00543794;0.373696465
2287;4.178;7.22E-11;1.28E-08;0.00556117;0.373615281
2288;4.28;6.56E-11;1.17E-08;0.00620706;0.373533869
2289;4.386;5.96E-11;1.07E-08;0.00581649;0.373452348
2290;4.445;5.47E-11;9.95E-09;0.00569734;0.373371207
2291;4.502;5.04E-11;9.26E-09;0.00508952;0.373290551
2292;4.535;4.66E-11;8.63E-09;0.00531598;0.373210655
2293;4.614;4.34E-11;8.11E-09;0.00480947;0.373131277
2294;4.591;4.03E-11;7.59E-09;0.00478599;0.373053164
2295;4.537;3.75E-11;7.13E-09;0.00413916;0.372976543
2296;4.486;3.51E-11;6.72E-09;0.0041964;0.372901394
2297;4.509;3.36E-11;6.34E-09;0.00608602;0.372827225
2298;4.694;3.89E-11;7.28E-09;0.02309814;0.372752748
2299;5.022;4.61E-11;8.76E-09;0.02759101;0.372676672
2300;5.379;5.83E-11;1.12E-08;0.05130895;0.372598227
2301;5.873;7.34E-11;1.41E-08;0.06935285;0.372515542
2302;6.247;9.17E-11;1.74E-08;0.0922142;0.372428343
2303;6.563;1.04E-10;1.96E-08;0.06979335;0.372336243
2304;6.653;1.09E-10;2.06E-08;0.04289482;0.372242091
2305;6.594;1.06E-10;2.00E-08;0.02847097;0.372147639
2306;6.484;9.59E-11;1.83E-08;0.01062685;0.372053849
2307;6.368;8.64E-11;1.66E-08;0.00958053;0.371961237
2308;6.344;7.80E-11;1.51E-08;0.0102325;0.371869316
2309;6.323;7.06E-11;1.38E-08;0.01074818;0.371778217
2310;6.314;6.42E-11;1.26E-08;0.01076828;0.371688047
2311;6.331;5.87E-11;1.16E-08;0.01143253;0.371598767
2312;6.324;5.39E-11;1.07E-08;0.01010157;0.371510659
2313;6.31;4.96E-11;9.98E-09;0.00771417;0.371423926
2314;6.288;4.58E-11;9.30E-09;0.00619794;0.371338753
2315;6.305;4.23E-11;8.66E-09;0.00524523;0.371254949
2316;6.376;3.93E-11;8.12E-09;0.00375367;0.371172275
2317;6.527;3.67E-11;7.65E-09;0.00373749;0.371090283
2318;6.7;3.44E-11;7.23E-09;0.00364821;0.371008948
2319;6.75;3.23E-11;6.83E-09;0.00618372;0.370929109
2320;6.689;3.05E-11;6.48E-09;0.01142906;0.370851347
2321;6.518;2.95E-11;6.08E-09;0.01963406;0.370776105
2322;6.301;3.23E-11;6.04E-09;0.0377968;0.370703122
2323;6.294;3.87E-11;6.91E-09;0.06319652;0.370630399
2324;6.452;5.20E-11;8.87E-09;0.09504284;0.370555945
2325;6.771;6.81E-11;1.12E-08;0.0999711;0.370478031
2326;6.998;8.57E-11;1.37E-08;0.10757563;0.370396791
2327;7.325;1.04E-10;1.64E-08;0.10696109;0.370311009
2328;7.62;1.13E-10;1.78E-08;0.07174395;0.37022086
2329;7.575;1.09E-10;1.70E-08;0.03368254;0.370130032
2330;7.34;9.78E-11;1.54E-08;0.01697507;0.370040616
2331;7.145;8.79E-11;1.39E-08;0.01256187;0.369952822
2332;7.05;7.91E-11;1.27E-08;0.00941122;0.369866253
2333;7.02;7.15E-11;1.15E-08;0.008757;0.369780694
2334;7.025;6.48E-11;1.06E-08;0.01006356;0.369696068
2335;7.04;5.88E-11;9.66E-09;0.00945787;0.369612464
2336;7.007;5.34E-11;8.85E-09;0.00879975;0.36953033
2337;6.974;4.87E-11;8.13E-09;0.00815522;0.369449769
2338;6.956;4.44E-11;7.48E-09;0.0039136;0.369370799
2339;6.95;4.06E-11;6.90E-09;0.00468332;0.369293466
2340;6.889;3.71E-11;6.37E-09;0.00386707;0.369218126
2341;6.696;3.39E-11;5.87E-09;0.00457197;0.369145542
2342;6.472;3.11E-11;5.41E-09;0.0045306;0.369075775
2343;6.406;2.86E-11;5.02E-09;0.004575;0.369007835
2344;6.431;2.65E-11;4.68E-09;0.00455912;0.368941207
2345;6.398;2.45E-11;4.36E-09;0.00361047;0.368876219
2346;6.225;2.73E-11;4.43E-09;0.02339378;0.368813347
2347;6.374;3.17E-11;5.17E-09;0.02841504;0.36875055
2348;6.659;3.84E-11;6.29E-09;0.04378084;0.368686763
2349;7.047;5.60E-11;9.11E-09;0.10417787;0.368620409
2350;7.94;8.28E-11;1.32E-08;0.14570118;0.368546733
2351;8.82;1.04E-10;1.67E-08;0.10481999;0.368464604
2352;9.155;1.13E-10;1.85E-08;0.06323121;0.368377838
2353;9.03;1.07E-10;1.79E-08;0.02529797;0.368290371
2354;8.61;9.55E-11;1.61E-08;0.00804216;0.368205108
2355;8.035;8.35E-11;1.43E-08;0.00511034;0.368123424
2356;7.435;7.30E-11;1.26E-08;0.00295742;0.368045644
2357;6.922;6.42E-11;1.13E-08;0.00224008;0.367971284
2358;6.488;5.68E-11;1.01E-08;0.00137619;0.367899833
2359;6.06;5.04E-11;9.07E-09;0.00101579;0.367831303
2360;5.643;4.50E-11;8.20E-09;0.00032097;0.367765585
2361;5.258;4.02E-11;7.40E-09;0.00031779;0.367702475
2362;5.074;3.62E-11;6.75E-09;0;0.36764088
2363;5.125;3.30E-11;6.22E-09;0;0.367579631
2364;5.173;3.01E-11;5.73E-09;0;0.367518876
2365;5.365;2.75E-11;5.31E-09;0;0.367457953
2366;5.59;2.53E-11;4.92E-09;0;0.367396858
2367;5.797;2.32E-11;4.57E-09;0;0.367335776
2368;5.953;2.14E-11;4.24E-09;0;0.367275052
2369;6.032;1.96E-11;3.93E-09;0;0.367215158
2370;6.078;2.17E-11;4.42E-09;0.01281357;0.367156142
2371;6.259;2.62E-11;5.50E-09;0.02576241;0.367096984
2372;6.574;3.05E-11;6.61E-09;0.02357968;0.367036752
2373;6.975;3.69E-11;8.21E-09;0.03528225;0.36697471
2374;7.5;4.56E-11;1.03E-08;0.04764341;0.366909656
2375;7.88;4.82E-11;1.13E-08;0.019028;0.366842116
2376;7.985;4.88E-11;1.17E-08;0.0155134;0.366773813
2377;8.01;4.70E-11;1.15E-08;0.00887343;0.366705157
2378;7.93;4.22E-11;1.05E-08;0.00131638;0.366637082
2379;7.74;3.77E-11;9.49E-09;0.00131368;0.366570381
2380;7.575;3.38E-11;8.58E-09;0.00086646;0.366505035
2381;7.455;3.03E-11;7.79E-09;0.00085767;0.366440972
2382;7.36;2.72E-11;7.04E-09;0.00085953;0.366378162
2383;7.28;2.44E-11;6.37E-09;0.00084562;0.366316602
2384;7.2;2.20E-11;5.78E-09;0.00129529;0.366256355
2385;7.13;1.99E-11;5.24E-09;0.00170969;0.366197411
2386;7.06;1.80E-11;4.75E-09;0.00235313;0.366139802
2387;6.994;1.63E-11;4.32E-09;0.00232982;0.366083525
2388;6.918;1.48E-11;3.92E-09;0.00182335;0.366028642
2389;6.795;1.35E-11;3.57E-09;0.00175836;0.365975355
2390;6.522;1.22E-11;3.24E-09;0.00129657;0.365924255
2391;6.297;1.11E-11;2.95E-09;0.00087234;0.365875063
2392;6.227;1.02E-11;2.69E-09;0.00088064;0.365827096
2393;6.231;9.86E-12;2.52E-09;0.00140367;0.365780046
2394;6.324;1.14E-11;2.98E-09;0.01165747;0.365733457
2395;6.583;1.54E-11;4.06E-09;0.029178;0.365686364
2396;6.966;2.60E-11;6.41E-09;0.08519694;0.365637401
2397;7.58;4.66E-11;1.01E-08;0.15376723;0.365583998
2398;8.06;6.57E-11;1.37E-08;0.11645873;0.365525486
2399;8.47;8.83E-11;1.78E-08;0.13716887;0.365461244
2400;8.475;8.59E-11;1.76E-08;0.09258304;0.365392535
2401;7.955;8.20E-11;1.73E-08;0.01947198;0.365323987
2402;7.395;7.53E-11;1.64E-08;0.00277621;0.365256548
2403;6.916;6.76E-11;1.50E-08;0.00116769;0.365190065
2404;6.56;6.03E-11;1.37E-08;0.00075053;0.365124337
2405;6.247;5.36E-11;1.24E-08;0.0003741;0.365059587
2406;5.988;4.79E-11;1.13E-08;0.00038308;0.364995588
2407;5.837;4.28E-11;1.02E-08;0.00038962;0.364932032
2408;5.769;3.83E-11;9.32E-09;0;0.364868744
2409;5.753;3.45E-11;8.51E-09;0;0.364805704
2410;5.746;3.10E-11;7.78E-09;0;0.364742968
2411;5.747;2.80E-11;7.13E-09;0;0.364680638
2412;5.777;2.54E-11;6.55E-09;0;0.364618699
2413;5.842;2.30E-11;6.03E-09;0;0.364557074
2414;5.914;2.10E-11;5.56E-09;0;0.364495859
2415;5.991;1.91E-11;5.13E-09;0;0.364435111
2416;6.052;1.74E-11;4.74E-09;0;0.364374998
2417;6.087;1.59E-11;4.38E-09;0;0.364315705
2418;6.13;1.49E-11;4.14E-09;0.00142196;0.364257236
2419;6.24;1.44E-11;4.10E-09;0.00504068;0.364199245
2420;6.418;1.50E-11;4.40E-09;0.01475793;0.364141295
2421;6.705;1.68E-11;5.13E-09;0.02101823;0.364082651
2422;7.019;1.95E-11;6.23E-09;0.02371217;0.364022966
2423;7.305;2.33E-11;7.77E-09;0.03497625;0.363962044
2424;7.625;2.67E-11;9.22E-09;0.01986248;0.363899385
2425;7.805;2.82E-11;9.96E-09;0.00645814;0.363835796
2426;7.85;2.79E-11;9.95E-09;0.00225333;0.363771963
2427;7.85;2.64E-11;9.51E-09;0.00126429;0.363708184
2428;7.9;2.46E-11;8.89E-09;0.00127753;0.363644359
2429;7.985;2.26E-11;8.21E-09;0.00129038;0.363580456
2430;8.07;2.07E-11;7.52E-09;0.00199374;0.363516629
2431;8.17;1.90E-11;6.87E-09;0.00272003;0.363452969
2432;8.31;1.73E-11;6.26E-09;0.00204729;0.363389456
2433;8.435;1.58E-11;5.70E-09;0.00273924;0.363326305
2434;8.525;1.44E-11;5.17E-09;0.00292341;0.363263816
2435;8.615;1.32E-11;4.71E-09;0.00218559;0.36320209
2436;8.71;1.20E-11;4.26E-09;0.00294313;0.363141172
2437;8.8;1.10E-11;3.85E-09;0.00376432;0.363081164
2438;8.85;1.01E-11;3.47E-09;0.00453099;0.363022298
2439;8.86;9.19E-12;3.12E-09;0.0053365;0.362964776
2440;8.835;8.41E-12;2.80E-09;0.00528161;0.362908753
2441;8.81;7.69E-12;2.50E-09;0.00605216;0.362854205
2442;8.82;8.13E-12;2.40E-09;0.0320525;0.362800707
2443;9;1.13E-11;3.03E-09;0.09261986;0.362746685
2444;9.345;1.69E-11;4.10E-09;0.08165615;0.362690783
2445;9.605;2.69E-11;5.98E-09;0.12502762;0.3626329
2446;9.94;3.87E-11;8.12E-09;0.10088349;0.362571638
2447;10.07;4.94E-11;1.01E-08;0.08009388;0.362508159
2448;10.12;5.34E-11;1.08E-08;0.02313079;0.362442993
2449;10.075;5.41E-11;1.09E-08;0.02581261;0.362376821
2450;10.085;5.12E-11;1.04E-08;0.00744668;0.362309541
2451;10.025;4.66E-11;9.52E-09;0.00407092;0.362241964
2452;9.985;4.19E-11;8.60E-09;0.00477771;0.362174337
2453;9.765;3.71E-11;7.69E-09;0.0020302;0.362107997
2454;9.385;3.27E-11;6.83E-09;0.00133065;0.362043971
2455;9.11;2.88E-11;6.08E-09;0.00188362;0.361981821
2456;8.745;2.54E-11;5.40E-09;0.00180079;0.361922059
2457;8.37;2.24E-11;4.80E-09;0.00117116;0.361864734
2458;8.015;1.98E-11;4.28E-09;0.00110824;0.361809726
2459;7.71;1.76E-11;3.83E-09;0.00111094;0.361756769
2460;7.48;1.57E-11;3.43E-09;0.00165879;0.361705509
2461;7.27;1.40E-11;3.08E-09;0.00163972;0.361655843
2462;7.016;1.25E-11;2.76E-09;0.00157645;0.361607914
2463;6.602;1.12E-11;2.48E-09;0.00214999;0.36156228
2464;6.442;1.01E-11;2.24E-09;0.00215386;0.361517896
2465;6.32;9.13E-12;2.02E-09;0.00159605;0.361474613
2466;6.104;9.18E-12;2.02E-09;0.01247506;0.361432666
2467;6.171;1.10E-11;2.53E-09;0.03219913;0.361390812
2468;6.513;1.58E-11;3.81E-09;0.06717651;0.3613476
2469;7.1;2.48E-11;6.15E-09;0.10290979;0.361301322
2470;7.635;4.08E-11;9.56E-09;0.19717546;0.361250609
2471;8.03;6.01E-11;1.33E-08;0.16413595;0.361194452
2472;8.075;7.35E-11;1.59E-08;0.0915911;0.361133894
2473;7.825;7.85E-11;1.69E-08;0.04723759;0.361070982
2474;7.505;7.64E-11;1.64E-08;0.02053692;0.361006472
2475;7.1;7.05E-11;1.52E-08;0.01337887;0.360941225
2476;6.834;6.38E-11;1.39E-08;0.01287913;0.360875149
2477;6.752;5.74E-11;1.26E-08;0.01397561;0.360807782
2478;6.789;5.15E-11;1.14E-08;0.01046476;0.360738956
2479;6.843;4.61E-11;1.03E-08;0.01187683;0.360668957
2480;6.805;4.11E-11;9.33E-09;0.01093736;0.360598659
2481;6.313;3.63E-11;8.37E-09;0.00906254;0.360530932
2482;5.872;3.24E-11;7.54E-09;0.01164032;0.36046561
2483;5.628;2.91E-11;6.84E-09;0.0132466;0.360401571
2484;5.407;2.62E-11;6.23E-09;0.013028;0.36033876
2485;5.266;2.38E-11;5.69E-09;0.01226947;0.360276821
2486;5.13;2.16E-11;5.22E-09;0.01381981;0.360215816
2487;5.02;1.97E-11;4.80E-09;0.01323303;0.3601557
2488;4.899;1.82E-11;4.48E-09;0.01256532;0.360096494
2489;4.707;1.70E-11;4.11E-09;0.01592;0.360038631
2490;4.455;1.79E-11;3.92E-09;0.0385216;0.359982175
2491;4.632;2.15E-11;4.51E-09;0.07199504;0.359924681
2492;5.162;2.96E-11;6.08E-09;0.11619121;0.359863745
2493;5.749;4.12E-11;8.39E-09;0.121788;0.359798375
2494;6.247;6.07E-11;1.22E-08;0.2068253;0.359727517
2495;7.021;7.73E-11;1.55E-08;0.11120333;0.359648489
2496;6.889;9.02E-11;1.84E-08;0.11410224;0.359566195
2497;6.646;9.57E-11;1.99E-08;0.0635294;0.359482015
2498;6.277;9.16E-11;1.93E-08;0.01907992;0.359397278
2499;5.792;8.35E-11;1.78E-08;0.01284756;0.359312988
2500;5.443;7.52E-11;1.63E-08;0.01473964;0.359228984
2501;5.255;6.75E-11;1.48E-08;0.01423939;0.359144535
2502;5.218;6.06E-11;1.35E-08;0.01411501;0.359059009
2503;5.265;5.44E-11;1.24E-08;0.00679337;0.358972272
2504;5.393;4.85E-11;1.12E-08;0.00425116;0.358884145
2505;5.567;4.36E-11;1.02E-08;0.00393728;0.358794741
2506;5.759;3.92E-11;9.40E-09;0.00475082;0.358704288
2507;5.964;3.53E-11;8.63E-09;0.00419749;0.358612902
2508;6.158;3.19E-11;7.95E-09;0.00365777;0.358520928
2509;6.325;2.88E-11;7.33E-09;0.0032047;0.35842887
2510;6.525;2.61E-11;6.77E-09;0.0025546;0.358336734
2511;6.768;2.37E-11;6.28E-09;0.00264961;0.358244351
2512;6.985;2.16E-11;5.82E-09;0.00564087;0.358152121
2513;7.21;1.70E-11;4.52E-09;0.00649068;0.358060248
2514;7.44;1.70E-11;4.32E-09;0.01317621;0.357968899
2515;7.67;1.85E-11;4.55E-09;0.03484856;0.357877878
2516;7.97;2.12E-11;5.09E-09;0.0396238;0.357786393
2517;8.195;2.38E-11;5.59E-09;0.03314808;0.357694876
2518;8.285;2.59E-11;5.96E-09;0.03069835;0.357604283
2519;8.3;2.90E-11;6.58E-09;0.03902545;0.357514952
2520;8.355;3.17E-11;7.16E-09;0.02897426;0.357426292
2521;8.355;3.27E-11;7.32E-09;0.01489787;0.357338711
2522;8.215;3.25E-11;7.16E-09;0.02055934;0.35725313
2523;7.8;3.12E-11;6.78E-09;0.01416364;0.357171251
2524;7.355;2.94E-11;6.33E-09;0.01578137;0.357093085
2525;6.876;2.75E-11;5.86E-09;0.01239929;0.35701865
2526;6.363;2.55E-11;5.41E-09;0.00790399;0.356947947
2527;5.818;2.36E-11;4.98E-09;0.00662602;0.35688098
2528;5.301;2.19E-11;4.60E-09;0.004406;0.356817434
2529;4.853;2.05E-11;4.30E-09;0.00476546;0.356756676
2530;4.48;1.91E-11;4.00E-09;0.00336833;0.356698237
2531;4.155;1.79E-11;3.73E-09;0.00392552;0.356641786
2532;3.885;1.67E-11;3.49E-09;0.00305748;0.35658702
2533;3.828;1.57E-11;3.28E-09;0.00375387;0.356532901
2534;3.801;1.48E-11;3.09E-09;0.0028449;0.356479318
2535;3.609;1.39E-11;2.90E-09;0.00249236;0.35642702
2536;3.428;1.31E-11;2.73E-09;0.00241164;0.356375927
2537;3.288;1.29E-11;2.58E-09;0.00472111;0.356325824
2538;3.212;1.39E-11;2.79E-09;0.01786244;0.356276325
2539;3.611;1.60E-11;3.22E-09;0.02146915;0.356225289
2540;4.179;1.85E-11;3.79E-09;0.02453977;0.356171876
2541;4.555;2.49E-11;5.17E-09;0.08514617;0.356116425
2542;5.296;4.20E-11;8.38E-09;0.22919769;0.356055484
2543;6.031;6.29E-11;1.22E-08;0.15794324;0.355987409
2544;6.142;8.02E-11;1.55E-08;0.10771595;0.3559151
2545;5.972;8.93E-11;1.74E-08;0.05618342;0.355840474
2546;5.243;8.88E-11;1.74E-08;0.02081796;0.355767401
2547;4.276;8.26E-11;1.63E-08;0.00919509;0.355697248
2548;3.366;7.55E-11;1.49E-08;0.00817171;0.355630167
2549;2.777;6.89E-11;1.37E-08;0.00768966;0.355564201
2550;2.567;6.31E-11;1.26E-08;0.00678634;0.355497692
2551;2.408;5.78E-11;1.16E-08;0.00808979;0.355430637
2552;2.272;5.29E-11;1.07E-08;0.00761262;0.355363149
2553;2.171;4.86E-11;9.83E-09;0.00863706;0.35529523
2554;2.087;4.46E-11;9.10E-09;0.00693815;0.355226961
2555;2.006;4.11E-11;8.43E-09;0.00671306;0.355158484
2556;1.899;3.78E-11;7.82E-09;0.00537927;0.35509016
2557;1.756;3.48E-11;7.26E-09;0.00436568;0.355022212
2558;1.615;3.21E-11;6.73E-09;0.00372213;0.354954717
2559;1.485;2.96E-11;6.25E-09;0.00311914;0.354887684
2560;1.354;2.73E-11;5.82E-09;0.00327037;0.354821177
2561;1.237;2.63E-11;5.49E-09;0.00701829;0.3547552
2562;0;2.99E-11;6.25E-09;0.08201582;0.35469512
2563;0;4.43E-11;9.07E-09;0.19000653;0.354632866
2564;0;7.26E-11;1.43E-08;0.26661148;0.354566801
2565;0;1.08E-10;2.07E-08;0.25520269;0.354495787
2566;1.085;1.48E-10;2.82E-08;0.23650291;0.354411653
2567;2.483;1.83E-10;3.53E-08;0.20417049;0.354308239
2568;2.991;2.03E-10;3.98E-08;0.14752174;0.354192975
2569;2.799;2.01E-10;4.03E-08;0.07290307;0.354071278
2570;2.212;1.82E-10;3.68E-08;0.01875598;0.353949764
2571;1.811;1.59E-10;3.26E-08;0.00831018;0.353827488
2572;1.627;1.38E-10;2.86E-08;0.00714507;0.353703228
2573;1.507;1.20E-10;2.51E-08;0.0073645;0.353577144
2574;1.385;1.04E-10;2.18E-08;0.00683877;0.353450026
2575;1.249;9.08E-11;1.92E-08;0.00612505;0.353322813
2576;1.123;7.94E-11;1.69E-08;0.00608159;0.353195604
2577;1.006;6.96E-11;1.50E-08;0.00498068;0.353068802
2578;0.896;6.11E-11;1.33E-08;0.00520872;0.352942659
2579;0.788;5.38E-11;1.18E-08;0.00518366;0.352817278
2580;0.7;4.74E-11;1.05E-08;0.00464293;0.352692658
2581;0.615;4.19E-11;9.32E-09;0.00404698;0.352568961
2582;0.533;3.71E-11;8.32E-09;0.00511004;0.352446274
2583;0.471;3.29E-11;7.45E-09;0.00584429;0.35232447
2584;0.39;2.93E-11;6.69E-09;0.00590111;0.352203805
2585;0.294;2.66E-11;6.02E-09;0.01063047;0.35208444
2586;0.198;2.98E-11;6.77E-09;0.04810141;0.351965954
2587;0.2;4.05E-11;9.15E-09;0.10647867;0.351846208
2588;0.265;5.89E-11;1.31E-08;0.15144755;0.351723199
2589;0.326;8.48E-11;1.85E-08;0.19213806;0.351595613
2590;0.385;1.12E-10;2.39E-08;0.18130534;0.351462687
2591;0.543;1.37E-10;2.91E-08;0.17557695;0.351322178
2592;1.112;1.55E-10;3.31E-08;0.12854694;0.351169223
2593;1.265;1.58E-10;3.42E-08;0.06730593;0.351009899
2594;1.069;1.45E-10;3.16E-08;0.02247338;0.350850364
2595;0.961;1.27E-10;2.78E-08;0.00957976;0.350690056
2596;0.942;1.09E-10;2.40E-08;0.00736479;0.350528628
2597;0.93;9.31E-11;2.06E-08;0.00628055;0.350366615
2598;0.904;7.94E-11;1.77E-08;0.00587082;0.350204576
2599;0.866;6.78E-11;1.53E-08;0.00610163;0.350043091
2600;0.846;5.80E-11;1.32E-08;0.00682653;0.349882201
2601;0.83;4.99E-11;1.14E-08;0.00660518;0.349722088
2602;0.777;4.30E-11;9.92E-09;0.00492;0.349563479
2603;0.714;3.70E-11;8.61E-09;0.00469795;0.349406752
2604;0.661;3.20E-11;7.51E-09;0.00525889;0.3492518
2605;0.638;2.78E-11;6.57E-09;0.00441009;0.34909832
2606;0.641;2.42E-11;5.77E-09;0.00414614;0.34894602
2607;0.653;2.12E-11;5.10E-09;0.00365408;0.348794908
2608;0.664;1.86E-11;4.52E-09;0.00374156;0.348644977
2609;0.672;1.64E-11;4.03E-09;0.00514865;0.348496377
2610;0.684;1.66E-11;4.04E-09;0.01579587;0.348348887
2611;0.702;2.18E-11;5.35E-09;0.03305219;0.348202001
2612;0.719;2.98E-11;7.39E-09;0.03823163;0.348055271
2613;0.743;3.66E-11;9.19E-09;0.02488573;0.347908552
2614;0.765;4.03E-11;1.02E-08;0.01350243;0.347762132
2615;0.784;4.21E-11;1.09E-08;0.0107017;0.347616087
2616;0.924;4.44E-11;1.16E-08;0.01429835;0.347468906
2617;1.299;4.38E-11;1.16E-08;0.00429375;0.347317618
2618;1.618;4.06E-11;1.09E-08;0.00113698;0.347163281
2619;1.895;3.68E-11;9.95E-09;0.00117128;0.347006678
2620;2.198;3.29E-11;8.97E-09;0.00119925;0.346847729
2621;2.448;2.99E-11;8.25E-09;0.00160543;0.346687266
2622;2.672;2.74E-11;7.63E-09;0.00204143;0.346525834
2623;2.871;2.54E-11;7.14E-09;0.00242802;0.346363984
2624;2.984;2.37E-11;6.73E-09;0.0016043;0.346202989
2625;3.064;2.23E-11;6.40E-09;0.00163197;0.346043382
2626;3.135;2.11E-11;6.13E-09;0.00220953;0.345885331
2627;3.181;2.01E-11;5.90E-09;0.00221868;0.345729169
2628;3.217;1.93E-11;5.71E-09;0.00224275;0.345575048
2629;3.254;1.86E-11;5.56E-09;0.00362704;0.345422977
2630;3.295;1.80E-11;5.44E-09;0.00359367;0.34527279
2631;3.352;1.75E-11;5.35E-09;0.00416849;0.345124304
2632;3.401;1.71E-11;5.29E-09;0.00413027;0.344977766
2633;3.44;1.70E-11;5.25E-09;0.00658719;0.34483297
2634;3.541;1.91E-11;5.92E-09;0.01320973;0.344689038
2635;3.796;2.38E-11;7.43E-09;0.02542409;0.344543618
2636;4.22;3.22E-11;1.01E-08;0.04471608;0.344393764
2637;4.724;4.27E-11;1.34E-08;0.04924562;0.344237596
2638;5.174;5.54E-11;1.73E-08;0.06547568;0.344074882
2639;5.551;6.31E-11;1.97E-08;0.03565116;0.343906667
2640;5.561;6.74E-11;2.10E-08;0.032072;0.343738753
2641;5.576;6.72E-11;2.09E-08;0.01621165;0.343571547
2642;5.457;6.28E-11;1.96E-08;0.00801595;0.343407431
2643;5.288;5.70E-11;1.78E-08;0.00593791;0.34324737
2644;5.158;5.13E-11;1.61E-08;0.0054593;0.343090926
2645;5.029;4.62E-11;1.46E-08;0.00649779;0.342938102
2646;4.837;4.16E-11;1.32E-08;0.00536994;0.342789697
2647;4.736;3.77E-11;1.21E-08;0.00597249;0.342644513
2648;4.742;3.45E-11;1.11E-08;0.00592241;0.342501319
2649;4.759;3.19E-11;1.03E-08;0.00470981;0.342360045
2650;4.752;2.96E-11;9.67E-09;0.00523252;0.342221016
2651;4.612;2.75E-11;9.08E-09;0.00380639;0.342085816
2652;4.16;2.54E-11;8.44E-09;0.00275377;0.341957747
2653;3.804;2.34E-11;7.85E-09;0.0023676;0.341835372
2654;3.566;2.17E-11;7.33E-09;0.00222166;0.341717181
2655;3.333;2.01E-11;6.86E-09;0.00180896;0.34160298
2656;3.169;1.88E-11;6.44E-09;0.00179151;0.341491957
2657;2.988;1.77E-11;6.02E-09;0.00313653;0.341384113
2658;3.11;1.94E-11;6.60E-09;0.01183224;0.341276378
2659;3.562;2.43E-11;8.29E-09;0.02549015;0.341165178
2660;4.139;3.21E-11;1.10E-08;0.0389661;0.341048526
2661;4.871;4.56E-11;1.53E-08;0.08092344;0.340923014
2662;5.578;5.95E-11;1.97E-08;0.06972166;0.340787397
2663;6.047;7.65E-11;2.44E-08;0.10113659;0.340643287
2664;6.601;9.12E-11;2.83E-08;0.08177833;0.340488469
2665;6.775;9.34E-11;2.87E-08;0.02650455;0.340329492
2666;6.554;8.65E-11;2.64E-08;0.00791265;0.340173748
2667;6.308;7.72E-11;2.36E-08;0.00697622;0.340022068
2668;6.182;6.85E-11;2.09E-08;0.00566471;0.339873208
2669;6.134;6.08E-11;1.87E-08;0.00377519;0.339726517
2670;6.115;5.44E-11;1.68E-08;0.00377284;0.339581903
2671;6.108;4.90E-11;1.53E-08;0.00381731;0.339439393
2672;6.123;4.46E-11;1.40E-08;0.0038376;0.339298857
2673;6.13;4.06E-11;1.29E-08;0.00385793;0.339160494
2674;6.111;3.73E-11;1.19E-08;0.00426668;0.339024666
2675;6.095;3.39E-11;1.09E-08;0.00431771;0.338891406
2676;6.095;3.11E-11;1.01E-08;0.0051001;0.338760547
2677;6.123;2.88E-11;9.39E-09;0.00289013;0.338631844
2678;6.167;2.69E-11;8.85E-09;0.00217951;0.338505326
2679;6.198;2.58E-11;8.53E-09;0.00298127;0.338381048
2680;6.244;2.44E-11;8.12E-09;0.00452602;0.338258859
2681;6.304;2.32E-11;7.78E-09;0.00455033;0.338138642
2682;6.401;2.31E-11;7.59E-09;0.00624676;0.33801989
2683;6.552;2.51E-11;8.20E-09;0.0155023;0.337901871
2684;6.74;3.21E-11;1.03E-08;0.05829226;0.337782778
2685;7.11;4.24E-11;1.33E-08;0.07293633;0.337659032
2686;7.45;5.43E-11;1.64E-08;0.0784288;0.337530025
2687;7.665;6.29E-11;1.85E-08;0.05766899;0.337397362
2688;7.7;6.86E-11;1.97E-08;0.05060198;0.337263589
2689;7.68;7.00E-11;1.97E-08;0.03439038;0.337129815
2690;7.565;6.55E-11;1.83E-08;0.01484065;0.336997909
2691;7.43;6.00E-11;1.66E-08;0.01126238;0.336868782
2692;7.36;5.44E-11;1.51E-08;0.01038455;0.336742005
2693;7.335;4.94E-11;1.37E-08;0.00969883;0.336617259
2694;7.34;4.50E-11;1.25E-08;0.00880792;0.336494455
2695;7.38;4.12E-11;1.15E-08;0.00517712;0.336373492
2696;7.455;3.80E-11;1.06E-08;0.00354102;0.336254279
2697;7.535;3.51E-11;9.85E-09;0.00353847;0.336136929
2698;7.615;3.27E-11;9.22E-09;0.00459229;0.336021523
2699;7.62;3.06E-11;8.65E-09;0.00733972;0.335908743
2700;7.515;2.87E-11;8.12E-09;0.01290966;0.335799376
2701;7.335;2.70E-11;7.63E-09;0.02078461;0.335693667
2702;6.831;2.53E-11;7.11E-09;0.02073105;0.335593949
2703;6.467;2.38E-11;6.66E-09;0.02398135;0.335498574
2704;6.248;2.26E-11;6.27E-09;0.0230806;0.335406192
2705;6.026;2.19E-11;5.88E-09;0.02397468;0.335316739
2706;5.913;2.88E-11;6.75E-09;0.10368172;0.335227781
2707;6.172;4.07E-11;8.79E-09;0.12152279;0.335134784
2708;6.48;5.08E-11;1.05E-08;0.07467181;0.335037695
2709;6.512;6.38E-11;1.26E-08;0.10964009;0.334938535
2710;6.751;7.71E-11;1.48E-08;0.10451957;0.33483475
2711;7.073;1.02E-10;1.88E-08;0.20353366;0.334724257
2712;7.39;1.11E-10;2.01E-08;0.05847846;0.334606901
2713;7.075;1.12E-10;2.03E-08;0.05123837;0.334491158
2714;6.835;1.06E-10;1.92E-08;0.02369349;0.33437667
2715;6.543;9.57E-11;1.74E-08;0.01682773;0.334264517
2716;6.344;8.61E-11;1.57E-08;0.01530733;0.334154196
2717;6.187;7.67E-11;1.40E-08;0.01156908;0.33404567
2718;5.911;6.87E-11;1.26E-08;0.01750352;0.333940067
2719;5.569;6.13E-11;1.13E-08;0.00996655;0.333838055
2720;5.264;5.48E-11;1.02E-08;0.01462863;0.333739317
2721;5.366;4.97E-11;9.30E-09;0.014285;0.333640513
2722;5.186;4.50E-11;8.44E-09;0.01450225;0.333544107
2723;5.139;4.09E-11;7.72E-09;0.01267475;0.333449076
2724;5.121;3.74E-11;7.09E-09;0.01177608;0.333355337
2725;4.985;3.43E-11;6.51E-09;0.01395012;0.333263805
2726;5.139;3.18E-11;6.05E-09;0.01317451;0.333172269
2727;5.3;2.95E-11;5.65E-09;0.01663356;0.333080829
2728;5.352;2.75E-11;5.27E-09;0.01574638;0.332990359
2729;5.352;2.58E-11;4.94E-09;0.01579714;0.332901291
2730;5.389;2.73E-11;4.79E-09;0.04096296;0.332813091
2731;5.633;3.53E-11;6.03E-09;0.0830657;0.332723348
2732;6.088;4.95E-11;8.25E-09;0.1241512;0.33262929
2733;6.603;6.58E-11;1.09E-08;0.11931118;0.332529477
2734;6.82;8.39E-11;1.38E-08;0.13189344;0.332425774
2735;7.08;1.02E-10;1.68E-08;0.13138308;0.332317194
2736;7.095;1.10E-10;1.83E-08;0.06120697;0.332206078
2737;6.906;1.09E-10;1.83E-08;0.03709485;0.332095217
2738;6.557;1.01E-10;1.70E-08;0.01939614;0.331986627
2739;6.2;9.07E-11;1.53E-08;0.01460304;0.331880588
2740;5.907;8.10E-11;1.38E-08;0.01546896;0.331776896
2741;5.665;7.21E-11;1.23E-08;0.00844929;0.331675339
2742;5.577;6.44E-11;1.11E-08;0.00616955;0.331574868
2743;5.549;5.78E-11;1.00E-08;0.01048487;0.331475315
2744;5.49;5.19E-11;9.06E-09;0.0123083;0.33137699
2745;5.473;4.68E-11;8.22E-09;0.00918401;0.331279745
2746;5.494;4.24E-11;7.49E-09;0.00927612;0.331183459
2747;5.548;3.85E-11;6.84E-09;0.00857881;0.331088023
2748;5.715;3.51E-11;6.28E-09;0.00835506;0.330992685
2749;5.394;3.17E-11;5.72E-09;0.00413527;0.330901406
2750;5.056;2.87E-11;5.22E-09;0.00294581;0.330814121
2751;5.005;2.59E-11;4.72E-09;0.00521134;0.330728627
2752;4.871;2.38E-11;4.36E-09;0.00716326;0.330645468
2753;4.558;2.27E-11;3.98E-09;0.01305239;0.330565672
2754;4.267;2.83E-11;4.99E-09;0.06792922;0.330488266
2755;4.527;4.24E-11;7.28E-09;0.16908805;0.330407896
2756;5.145;6.79E-11;1.11E-08;0.26877165;0.330319694
2757;5.881;8.71E-11;1.42E-08;0.10783486;0.33022234
2758;5.818;1.13E-10;1.83E-08;0.21558356;0.330121878
2759;6.07;1.34E-10;2.19E-08;0.16543247;0.330013368
2760;5.799;1.54E-10;2.54E-08;0.18486879;0.329902075
2761;5.293;1.59E-10;2.66E-08;0.10431992;0.329789614
2762;4.402;1.51E-10;2.56E-08;0.05970006;0.329680846
2763;3.311;1.34E-10;2.28E-08;0.02617688;0.32957783
2764;2.478;1.17E-10;2.01E-08;0.02052905;0.329478757
2765;2.263;1.04E-10;1.79E-08;0.01847825;0.329379045
2766;2.129;9.16E-11;1.60E-08;0.01014021;0.329278598
2767;2.028;8.10E-11;1.43E-08;0.00717141;0.32917763
2768;1.909;7.16E-11;1.28E-08;0.00598553;0.329076702
2769;1.804;6.35E-11;1.15E-08;0.00684829;0.328975848
2770;1.711;5.63E-11;1.03E-08;0.00782977;0.328875188
2771;1.597;5.01E-11;9.30E-09;0.00740717;0.32877508
2772;1.461;4.47E-11;8.39E-09;0.00769933;0.328675874
2773;1.315;4.00E-11;7.60E-09;0.0085624;0.3285777
2774;1.205;3.59E-11;6.90E-09;0.00909843;0.328480376
2775;1.09;3.22E-11;6.27E-09;0.00792889;0.328383982
2776;0.992;2.89E-11;5.69E-09;0.00769729;0.328288477
2777;0.926;2.68E-11;5.12E-09;0.01215525;0.328193608
2778;0.915;3.07E-11;5.92E-09;0.04544969;0.32809862
2779;0.937;3.79E-11;7.39E-09;0.06577031;0.328002637
2780;0.972;4.60E-11;9.12E-09;0.06511372;0.327905212
2781;1.001;5.41E-11;1.10E-08;0.05119024;0.327806316
2782;1.027;6.04E-11;1.26E-08;0.0383958;0.327705838
2783;1.029;6.38E-11;1.37E-08;0.02552251;0.32760392
2784;1.033;6.51E-11;1.43E-08;0.01934734;0.327500686
2785;1.043;6.32E-11;1.43E-08;0.0095239;0.327396284
2786;1.048;5.94E-11;1.37E-08;0.00499108;0.32729089
2787;1.059;5.37E-11;1.26E-08;0.00207057;0.327184688
2788;1.085;4.82E-11;1.15E-08;0.00209109;0.327077708
2789;1.11;4.31E-11;1.04E-08;0.00153961;0.326970149
2790;1.126;3.84E-11;9.39E-09;0.00154399;0.326862327
2791;1.134;3.42E-11;8.48E-09;0.00155943;0.326754465
2792;1.155;3.03E-11;7.62E-09;0.00103525;0.326646593
2793;1.16;2.69E-11;6.85E-09;0.00103051;0.326538994
2794;1.162;2.39E-11;6.17E-09;0.00105311;0.326431809
2795;1.165;2.13E-11;5.58E-09;0.00105531;0.326325133
2796;1.167;1.91E-11;5.06E-09;0.00105836;0.326219041
2797;1.166;1.71E-11;4.59E-09;0.00106142;0.326113633
2798;1.163;1.55E-11;4.21E-09;0.00107183;0.326008974
2799;1.169;1.40E-11;3.86E-09;0.00160075;0.325905027
2800;1.168;1.26E-11;3.53E-09;0.00215562;0.325801865
2801;1.162;1.14E-11;3.25E-09;0.00270194;0.325699589
2802;1.2;1.22E-11;3.49E-09;0.01354784;0.325597676
2803;1.299;1.63E-11;4.74E-09;0.03532504;0.32549521
2804;1.518;2.23E-11;6.60E-09;0.0456988;0.325390628
2805;1.437;3.49E-11;1.01E-08;0.14122974;0.325285116
2806;2.253;5.27E-11;1.47E-08;0.17656959;0.32516826
2807;3.225;7.77E-11;2.03E-08;0.22949413;0.325035881
2808;3.925;9.51E-11;2.43E-08;0.13429869;0.32488991
2809;3.636;1.01E-10;2.57E-08;0.0703082;0.324743981
2810;2.876;9.68E-11;2.49E-08;0.03249407;0.32460496
2811;2.146;8.54E-11;2.21E-08;0.00990259;0.324472488
2812;1.527;7.39E-11;1.93E-08;0.00851857;0.324345575
2813;1.305;6.41E-11;1.68E-08;0.00674497;0.32422013
2814;1.188;5.54E-11;1.47E-08;0.00602285;0.324095221
2815;1.116;4.79E-11;1.29E-08;0.00421303;0.323970688
2816;1.061;4.15E-11;1.13E-08;0.00403812;0.323846619
2817;1.021;3.60E-11;9.93E-09;0.00390559;0.32372306
2818;0.988;3.13E-11;8.75E-09;0.00375623;0.323600094
2819;0.926;2.73E-11;7.73E-09;0.0037666;0.323478164
2820;0.832;2.38E-11;6.82E-09;0.00412643;0.323357713
2821;0.74;2.07E-11;6.01E-09;0.00317131;0.323238785
2822;0.659;1.80E-11;5.29E-09;0.00332227;0.323121324
2823;0.627;1.57E-11;4.68E-09;0.00351167;0.323004865
2824;0.561;1.37E-11;4.14E-09;0.00290325;0.3228898
2825;0.484;1.48E-11;4.48E-09;0.0142366;0.322776039
2826;0.428;2.29E-11;6.89E-09;0.0975704;0.322662133
2827;0.424;3.55E-11;1.05E-08;0.14885821;0.322545664
2828;0.449;5.38E-11;1.52E-08;0.2086475;0.322424598
2829;0.467;7.55E-11;2.03E-08;0.23255663;0.322297567
2830;0.505;8.01E-11;2.15E-08;0.04099811;0.322166282
2831;0.582;8.68E-11;2.34E-08;0.07539523;0.322031602
2832;0.615;9.69E-11;2.61E-08;0.12743735;0.321892759
2833;0.808;1.02E-10;2.77E-08;0.08822393;0.321747388
2834;0.909;9.60E-11;2.64E-08;0.0245557;0.321598275
2835;0.817;8.28E-11;2.30E-08;0.00532706;0.321448983
2836;0.727;7.01E-11;1.97E-08;0.00541787;0.321299966
2837;0.698;5.90E-11;1.67E-08;0.00589113;0.321150926
2838;0.696;4.95E-11;1.42E-08;0.00653561;0.321001851
2839;0.699;4.15E-11;1.21E-08;0.005461;0.320852943
2840;0.708;3.49E-11;1.03E-08;0.00536015;0.320704376
2841;0.694;2.93E-11;8.76E-09;0.00420891;0.320556698
2842;0.687;2.48E-11;7.50E-09;0.00388563;0.320409993
2843;0.684;2.08E-11;6.38E-09;0.00343326;0.320264353
2844;0.693;1.75E-11;5.45E-09;0.00344283;0.320119687
2845;0.69;1.48E-11;4.68E-09;0.00402867;0.319976288
2846;0.689;1.26E-11;4.03E-09;0.00563168;0.319834125
2847;0.69;1.07E-11;3.49E-09;0.00443145;0.319693232
2848;0.668;9.20E-12;3.03E-09;0.0045372;0.319553853
2849;0.66;8.66E-12;2.84E-09;0.0084311;0.319415797
2850;0.68;1.49E-11;4.93E-09;0.05055804;0.319278035
2851;0.718;2.33E-11;7.76E-09;0.06450861;0.319139333
2852;0.76;3.70E-11;1.22E-08;0.13194025;0.318998077
2853;0.872;5.47E-11;1.76E-08;0.17666358;0.318851443
2854;1.49;7.76E-11;2.39E-08;0.22533687;0.318690263
2855;2.627;9.50E-11;2.86E-08;0.1514058;0.318506352
2856;3.109;1.16E-10;3.40E-08;0.2170345;0.318307708
2857;3.324;1.23E-10;3.58E-08;0.12049096;0.318099105
2858;2.611;1.14E-10;3.33E-08;0.05314179;0.317900004
2859;1.75;9.35E-11;2.76E-08;0.00801338;0.317714061
2860;1.157;7.56E-11;2.25E-08;0.00787138;0.317537132
2861;1.005;6.15E-11;1.85E-08;0.0075702;0.317362592
2862;0.905;4.99E-11;1.51E-08;0.00823617;0.31719
2863;0.826;4.05E-11;1.25E-08;0.00984965;0.317019272
2864;0.741;3.30E-11;1.03E-08;0.00577859;0.31685072
2865;0.64;2.68E-11;8.47E-09;0.00476561;0.31668481
2866;0.527;2.16E-11;6.91E-09;0.00376091;0.316521843
2867;0.411;1.75E-11;5.67E-09;0.00296133;0.316362032
2868;0.313;1.42E-11;4.65E-09;0.00260327;0.316205045
2869;0.234;1.15E-11;3.82E-09;0.00217575;0.316050661
2870;0.153;9.21E-12;3.11E-09;0.00215124;0.315898752
2871;0.056;7.37E-12;2.53E-09;0.00181021;0.315749807
2872;0;5.85E-12;2.04E-09;0.00207308;0.315602969
2873;0;6.67E-12;2.32E-09;0.01006316;0.315457492
2874;0;2.26E-11;7.75E-09;0.16300422;0.315310615
2875;0;5.65E-11;1.80E-08;0.34842936;0.315156433
2876;0;1.07E-10;3.09E-08;0.48738926;0.314989417
2877;0.005;1.68E-10;4.40E-08;0.60091526;0.314805814
2878;0.094;2.15E-10;5.35E-08;0.46815798;0.314604286
2879;0.637;2.48E-10;6.06E-08;0.38041464;0.314378441
2880;1.937;2.63E-10;6.43E-08;0.26871926;0.314112985
2881;2.154;2.43E-10;6.01E-08;0.13638256;0.313834029
2882;1.449;1.94E-10;4.87E-08;0.03600752;0.313567964
2883;0.814;1.45E-10;3.68E-08;0.00941309;0.313315036
2884;0.67;1.09E-10;2.79E-08;0.00897126;0.313065396
2885;0.598;8.15E-11;2.11E-08;0.00736449;0.312818208
2886;0.549;6.16E-11;1.62E-08;0.00625235;0.31257376
2887;0.505;4.64E-11;1.23E-08;0.00497102;0.312332066
2888;0.442;3.51E-11;9.44E-09;0.00489919;0.312093897
2889;0.367;2.63E-11;7.15E-09;0.00443475;0.311859744
2890;0.302;1.98E-11;5.46E-09;0.00591599;0.311629534
2891;0.238;1.50E-11;4.18E-09;0.00584709;0.31140319
2892;0.158;1.12E-11;3.18E-09;0.00572866;0.311180842
2893;0.044;8.34E-12;2.39E-09;0.00484407;0.310963316
2894;0;6.16E-12;1.79E-09;0.00425691;0.310749269
2895;0;4.51E-12;1.33E-09;0.00411343;0.310537729
2896;0;3.28E-12;9.76E-10;0.0037811;0.310328774
2897;0;1.06E-11;3.18E-09;0.02488665;0.310121984
2898;0;3.37E-11;1.00E-08;0.14094302;0.30991465
2899;0;6.80E-11;1.97E-08;0.26569503;0.309701911
2900;0;1.08E-10;3.00E-08;0.32645864;0.309480335
2901;0;1.41E-10;3.84E-08;0.29962862;0.309248946
2902;0.029;1.72E-10;4.56E-08;0.32213764;0.309006783
2903;0.191;1.91E-10;5.02E-08;0.27257114;0.308751265
2904;0.611;1.99E-10;5.20E-08;0.20861972;0.308479257
2905;0.717;1.87E-10;4.91E-08;0.12752472;0.308199526
2906;0.37;1.53E-10;4.08E-08;0.05023926;0.307925931
2907;0.314;1.13E-10;3.04E-08;0.01586751;0.307653893
2908;0.302;8.16E-11;2.21E-08;0.01367977;0.30738356
2909;0.281;5.86E-11;1.60E-08;0.01293079;0.307115763
2910;0.24;4.24E-11;1.17E-08;0.01326056;0.306851313
2911;0.19;3.04E-11;8.49E-09;0.01282564;0.306590615
2912;0.111;2.15E-11;6.06E-09;0.01256888;0.3063346
2913;0.035;1.53E-11;4.35E-09;0.01099407;0.306083352
2914;0.024;1.08E-11;3.12E-09;0.00920083;0.305835333
2915;0;7.59E-12;2.21E-09;0.00780377;0.30559082
2916;0;5.19E-12;1.53E-09;0.0087829;0.305349136
2917;0;3.49E-12;1.04E-09;0.00701351;0.305110522
2918;0;2.28E-12;6.90E-10;0.00781221;0.304875024
2919;0;1.40E-12;4.30E-10;0.00710217;0.304642581
2920;0;7.60E-13;2.35E-10;0.00668739;0.304413205
2921;0;3.31E-12;1.02E-09;0.01798323;0.304186584
2922;0;1.68E-11;5.22E-09;0.03883989;0.303961955
2923;0;3.33E-11;1.04E-08;0.05791226;0.303738173
2924;0;5.63E-11;1.77E-08;0.11264142;0.303513263
2925;0.024;1.04E-10;3.18E-08;0.33203261;0.303280273
2926;0.118;1.51E-10;4.43E-08;0.36029954;0.303031865
2927;0.457;1.87E-10;5.34E-08;0.32923212;0.3027627
2928;1.829;2.02E-10;5.73E-08;0.22132815;0.302448456
2929;2.093;1.81E-10;5.14E-08;0.09751029;0.302121664
2930;1.326;1.39E-10;3.99E-08;0.04127846;0.301815402
2931;0.614;9.56E-11;2.76E-08;0.01243869;0.301529133
2932;0.513;6.56E-11;1.92E-08;0.01420595;0.301247964
2933;0.49;4.52E-11;1.33E-08;0.01608565;0.300970151
2934;0.485;3.11E-11;9.27E-09;0.01953367;0.300695184
2935;0.488;2.13E-11;6.40E-09;0.01594394;0.300423355
2936;0.444;1.47E-11;4.48E-09;0.01157068;0.300156077
2937;0.447;1.02E-11;3.15E-09;0.00657758;0.299892145
2938;0.473;7.19E-12;2.24E-09;0.00405971;0.299631332
2939;0.559;5.12E-12;1.61E-09;0.00285216;0.299372515
2940;0.702;3.94E-12;1.26E-09;0.00250468;0.299114784
2941;0.919;3.35E-12;1.08E-09;0.00171092;0.298856016
2942;1.119;3.19E-12;1.05E-09;0.00174137;0.298597183
2943;1.328;3.28E-12;1.09E-09;0.0013384;0.298337885
2944;1.473;3.50E-12;1.18E-09;0.00136242;0.298080018
2945;1.625;3.49E-12;1.19E-09;0.00225965;0.297823232
2946;2.062;1.70E-11;5.81E-09;0.02382271;0.297560374
2947;2.909;3.51E-11;1.22E-08;0.03315816;0.29728076
2948;3.756;5.91E-11;2.09E-08;0.0676871;0.296981821
2949;4.885;7.91E-11;2.84E-08;0.07017617;0.653757039
2950;6.453;1.01E-10;3.68E-08;0.10011658;0.653337817
2951;6.678;1.11E-10;4.07E-08;0.08480595;0.652911187
2952;6.566;1.00E-10;3.75E-08;0.03264877;0.652493016
2953;6.341;8.15E-11;3.11E-08;0.01102694;0.652091389
2954;5.78;6.23E-11;2.42E-08;0.00382338;0.651718003
2955;5.331;4.74E-11;1.88E-08;0.00197529;0.651367887
2956;5.219;3.50E-11;1.41E-08;0.00055738;0.651029901
2957;5.331;2.71E-11;1.12E-08;0.00056511;0.650698388
2958;4.995;2.15E-11;9.04E-09;0.0005581;0.650385035
2959;5.107;1.77E-11;7.58E-09;0.00056584;0.650077039
2960;4.882;1.52E-11;6.64E-09;0.00056136;0.649783183
2961;4.321;1.30E-11;5.81E-09;0.00054805;0.649510729
2962;4.434;1.19E-11;5.41E-09;0.0006355;0.64924293
2963;4.209;1.08E-11;5.02E-09;0.00315289;0.648986791
2964;4.77;1.07E-11;5.06E-09;0.00459843;0.648724716
2965;5.107;1.07E-11;5.20E-09;0.0040507;0.648461747
2966;5.219;1.07E-11;5.32E-09;0.0041101;0.648203077
2967;5.668;1.09E-11;5.54E-09;0.00496723;0.64794079
2968;5.443;1.07E-11;5.57E-09;0.00352429;0.647690442
2969;6.005;1.13E-11;5.98E-09;0.00444466;0.647434384
2970;6.453;1.85E-11;9.97E-09;0.01660266;0.647174536
2971;6.902;2.53E-11;1.40E-08;0.01817591;0.646909983
2972;7.575;3.72E-11;2.10E-08;0.04400809;0.64663321
2973;7.014;4.11E-11;2.34E-08;0.04703868;0.646369775
2974;9.595;7.28E-11;3.81E-08;0.2643152;0.646023715
2975;9.034;1.02E-10;4.77E-08;0.31299586;0.645654902
2976;9.483;1.17E-10;5.12E-08;0.2143893;0.645237852
2977;8.473;1.18E-10;4.94E-08;0.16674708;0.644836892
2978;6.902;9.54E-11;3.93E-08;0.06140096;0.644480153
2979;5.78;6.83E-11;2.83E-08;0.02339535;0.644158283
2980;4.209;4.77E-11;1.99E-08;0.01335347;0.643881111
2981;3.536;3.46E-11;1.46E-08;0.01351372;0.643623887
2982;4.321;2.66E-11;1.14E-08;0.01222981;0.64335346
2983;4.882;2.15E-11;9.37E-09;0.01344236;0.643075068
2984;4.658;1.75E-11;7.78E-09;0.01333488;0.64280727
2985;3.76;1.41E-11;6.36E-09;0.01067943;0.642564263
2986;3.873;1.21E-11;5.58E-09;0.00949564;0.642323612
2987;4.097;1.10E-11;5.15E-09;0.0110644;0.64208301
2988;4.77;1.08E-11;5.14E-09;0.01232723;0.641833081
2989;4.321;9.93E-12;4.84E-09;0.01063998;0.641597134
2990;4.546;9.66E-12;4.81E-09;0.00868242;0.641361621
2991;5.107;9.79E-12;4.99E-09;0.00829119;0.641119566
2992;5.107;9.69E-12;5.05E-09;0.00828907;0.640882723
2993;5.556;1.17E-11;5.85E-09;0.03043105;0.640640566
2994;6.117;2.92E-11;1.44E-08;0.09043471;0.640385401
2995;7.014;5.28E-11;2.52E-08;0.14628198;0.640100873
2996;4.546;5.91E-11;2.79E-08;0.07282505;0.639863207
2997;6.566;7.98E-11;3.68E-08;0.14545328;0.639572225
2998;5.78;9.04E-11;4.07E-08;0.1376823;0.639288853
2999;6.902;9.99E-11;4.40E-08;0.13504285;0.638965288
3000;6.678;1.07E-10;4.59E-08;0.14599249;0.63863692
3001;6.902;9.81E-11;4.20E-08;0.08249989;0.6382949
3002;6.79;8.21E-11;3.52E-08;0.04813828;0.63795535
3003;6.229;6.04E-11;2.62E-08;0.01554947;0.637635333
3004;5.668;4.41E-11;1.94E-08;0.01274172;0.637335746
3005;5.443;3.29E-11;1.48E-08;0.0110673;0.637047506
3006;6.341;2.67E-11;1.22E-08;0.0151312;0.636742819
3007;6.902;2.27E-11;1.06E-08;0.01314232;0.636430467
3008;5.42727273;1.81E-11;8.67E-09;0.00869366;0.636160968
3009;5.53636364;1.56E-11;7.61E-09;0.00532413;0.635894878
3010;5.65454546;1.43E-11;7.14E-09;0.00374804;0.635632507
3011;5.80606061;1.30E-11;6.68E-09;0.00294831;0.635373372
3012;5.97272727;1.38E-11;7.29E-09;0.00206296;0.635117178
3013;6.15454546;1.27E-11;6.83E-09;0.00322347;0.634863499
3014;6.32424242;1.20E-11;6.63E-09;0.00322674;0.634612635
3015;6.52727273;1.16E-11;6.61E-09;0.00214224;0.634364111
3016;6.72727273;1.14E-11;6.70E-09;0.00326068;0.634118044
3017;6.9030303;1.14E-11;6.67E-09;0.00903723;0.63387399
3018;7.06060606;2.02E-11;1.17E-08;0.04759091;0.633629541
3019;7.2;3.74E-11;2.11E-08;0.11460074;0.633377586
3020;7.3;5.39E-11;2.93E-08;0.13104631;0.633112653
3021;7.37272727;7.37E-11;3.76E-08;0.19579965;0.632829792
3022;7.48181818;9.04E-11;4.33E-08;0.19560228;0.632524729
3023;7.54545455;1.08E-10;4.87E-08;0.22873225;0.632196049
3024;7.62727273;1.28E-10;5.37E-08;0.25603648;0.631839787
3025;7.68787879;1.18E-10;4.86E-08;0.10996158;0.631467011
3026;7.75454545;9.14E-11;3.76E-08;0.04002968;0.631090521
3027;7.81515152;6.73E-11;2.81E-08;0.02212025;0.630717146
3028;7.87272727;5.01E-11;2.14E-08;0.01632802;0.630349421
3029;7.94242424;3.89E-11;1.70E-08;0.00770665;0.629988339
3030;8.02727273;3.12E-11;1.39E-08;0.00453482;0.629634661
3031;8.12424242;2.62E-11;1.21E-08;0.00341019;0.629288483
3032;8.2030303;2.30E-11;1.09E-08;0.00585234;0.628950047
3033;8.27272727;2.06E-11;1.00E-08;0.00590679;0.628619087
3034;8.35757576;1.86E-11;9.35E-09;0.00733363;0.628295485
3035;8.45151515;1.77E-11;9.14E-09;0.00730108;0.627978301
3036;8.55454545;1.70E-11;9.09E-09;0.00488076;0.627667753
3037;8.64545454;1.65E-11;9.08E-09;0.00492357;0.627363928
3038;8.73030303;1.60E-11;9.07E-09;0.00628382;0.627066366
3039;8.80909091;1.55E-11;9.08E-09;0.00771518;0.626775103
3040;8.8969697;1.51E-11;9.16E-09;0.00920879;0.626489771
3041;8.98787879;1.53E-11;9.00E-09;0.01556028;0.626209048
3042;9.08181818;2.08E-11;1.24E-08;0.03057738;0.625931501
3043;9.16969697;3.13E-11;1.85E-08;0.07366848;0.625652716
3044;9.24545454;4.52E-11;2.61E-08;0.10012169;0.625367542
3045;9.3;5.48E-11;3.10E-08;0.09207872;0.625074578
3046;9.33333333;6.15E-11;3.41E-08;0.09317058;0.62477465
3047;9.35454546;6.98E-11;3.76E-08;0.11523629;0.624466622
3048;9.35454546;6.49E-11;3.48E-08;0.04965327;0.624154795
3049;9.34545455;5.72E-11;3.08E-08;0.03643722;0.623844436
3050;9.35151515;4.80E-11;2.62E-08;0.0165233;0.623537693
3051;9.35454546;3.84E-11;2.14E-08;0.00500129;0.623237199
3052;9.36060606;3.11E-11;1.78E-08;0.00669049;0.622943834
3053;9.38787879;2.64E-11;1.55E-08;0.00675359;0.622657103
3054;9.41818182;2.26E-11;1.36E-08;0.00673089;0.622376959
3055;9.48484849;2.00E-11;1.24E-08;0.00679744;0.622102553
3056;9.54848485;1.82E-11;1.16E-08;0.00508282;0.621834087
3057;9.61212121;1.69E-11;1.10E-08;0.01040019;0.621571013
3058;9.66969697;1.59E-11;1.07E-08;0.00638295;0.62131366
3059;9.73939394;1.51E-11;1.05E-08;0.00480451;0.621061637
3060;9.8030303;1.45E-11;1.03E-08;0.00321487;0.620815326
3061;9.86666667;1.40E-11;1.03E-08;0.00324778;0.62057468
3062;9.93636364;1.36E-11;1.02E-08;0.00332194;0.62033936
3063;10.00909091;1.32E-11;1.02E-08;0.005099;0.620109106
3064;10.07575758;1.30E-11;1.03E-08;0.00341212;0.619884355
3065;10.15151515;1.41E-11;1.07E-08;0.00631331;0.619663842
3066;10.2;1.87E-11;1.42E-08;0.03018598;0.619446616
3067;10.21515152;2.74E-11;1.99E-08;0.07741307;0.61922843
3068;10.19090909;3.92E-11;2.63E-08;0.11833059;0.619004121
3069;10.11515152;6.51E-11;3.55E-08;0.29604743;0.618762106
3070;10.05151515;9.37E-11;4.26E-08;0.32416997;0.618490649
3071;9.95454545;1.20E-10;4.78E-08;0.3088119;0.61819165
3072;9.82121212;1.38E-10;5.04E-08;0.27105507;0.617869463
3073;9.67575758;1.58E-10;5.34E-08;0.30885753;0.6175255
3074;9.53333333;1.37E-10;4.56E-08;0.09044879;0.617169423
3075;9.3969697;1.08E-10;3.64E-08;0.02763877;0.61681594
3076;9.26363636;8.47E-11;2.90E-08;0.01584775;0.616470148
3077;9.13636364;6.77E-11;2.37E-08;0.01815398;0.616133376
3078;9.00909091;5.51E-11;1.97E-08;0.020391;0.615805954
3079;8.87878788;4.60E-11;1.69E-08;0.02488207;0.615488028
3080;8.76363636;3.94E-11;1.48E-08;0.02339599;0.615179159
3081;8.65454545;3.45E-11;1.33E-08;0.02497163;0.614879138
3082;8.55454545;3.07E-11;1.21E-08;0.03032399;0.614587388
3083;8.46969697;2.78E-11;1.12E-08;0.02445054;0.614303431
3084;8.42121212;2.55E-11;1.05E-08;0.02326211;0.614026548
3085;8.39393939;2.37E-11;9.97E-09;0.02483127;0.613756104
3086;8.38787879;2.22E-11;9.57E-09;0.02017467;0.613491687
3087;8.37575758;2.10E-11;9.25E-09;0.02394636;0.613233328
3088;8.34545455;1.97E-11;8.93E-09;0.02444284;0.612981105
3089;8.3030303;2.15E-11;8.84E-09;0.0565671;0.612733847
3090;8.27272727;2.78E-11;1.11E-08;0.06976318;0.61248946
3091;8.23333333;3.54E-11;1.37E-08;0.0896063;0.612246474
3092;8.18181818;4.61E-11;1.73E-08;0.12200481;0.61200268
3093;8.14545454;5.55E-11;2.03E-08;0.10271214;0.611757086
3094;8.11212121;6.19E-11;2.24E-08;0.07587511;0.611510406
3095;8.05454545;6.62E-11;2.39E-08;0.0653357;0.611264208
3096;7.97272727;6.62E-11;2.42E-08;0.03256165;0.611019782
3097;7.88484849;6.35E-11;2.35E-08;0.02130809;0.610778853
3098;7.76363636;5.78E-11;2.17E-08;0.01378483;0.610542514
3099;7.65757576;5.05E-11;1.93E-08;0.00586144;0.610311069
3100;7.53636364;4.39E-11;1.70E-08;0.01806573;0.610084957
3101;7.3969697;3.83E-11;1.51E-08;0.02207655;0.609864216
3102;7.30606061;3.37E-11;1.34E-08;0.02889102;0.60964781
3103;7.16666667;2.99E-11;1.20E-08;0.03324838;0.609436402
3104;7.04848485;2.68E-11;1.10E-08;0.03481298;0.609229506
3105;6.96969697;2.44E-11;1.01E-08;0.03359488;0.609026513
3106;6.91515151;2.24E-11;9.33E-09;0.03161089;0.608827165
3107;6.89090909;2.07E-11;8.76E-09;0.02743127;0.608631161
3108;6.87575758;1.93E-11;8.29E-09;0.02058978;0.608438738
3109;6.87575758;1.82E-11;7.90E-09;0.0306405;0.608249534
3110;6.84545454;1.72E-11;7.56E-09;0.02439724;0.60806397
3111;6.84545454;1.63E-11;7.27E-09;0.01732602;0.607881935
3112;6.82424242;1.56E-11;7.02E-09;0.03583001;0.607703311
3113;6.73939394;1.96E-11;7.23E-09;0.1177813;0.607526661
3114;6.71515151;3.05E-11;9.96E-09;0.21295824;0.607346751
3115;6.67272727;5.60E-11;1.56E-08;0.42231904;0.607156403
3116;6.59393939;9.11E-11;2.22E-08;0.44696441;0.606951041
3117;6.49393939;1.32E-10;2.94E-08;0.45806669;0.606729302
3118;6.36363636;1.78E-10;3.70E-08;0.5074433;0.606489709
3119;6.2030303;2.08E-10;4.22E-08;0.32941133;0.60623331
3120;6.05151515;2.06E-10;4.20E-08;0.12572107;0.605968255
3121;5.90606061;2.08E-10;4.25E-08;0.22404395;0.605694544
3122;5.74848485;2.01E-10;4.11E-08;0.18872473;0.605412624
3123;5.59393939;1.73E-10;3.55E-08;0.05032415;0.605126433
3124;5.43939394;1.44E-10;2.99E-08;0.04831116;0.604839872
3125;5.25757576;1.19E-10;2.51E-08;0.04568395;0.604555298
3126;5.06969697;9.95E-11;2.12E-08;0.04601851;0.604274163
3127;4.86363636;8.35E-11;1.80E-08;0.04506761;0.603997961
3128;4.65757576;7.07E-11;1.54E-08;0.03885447;0.603727405
3129;4.47878788;6.04E-11;1.33E-08;0.03461181;0.603462398
3130;4.33636364;5.22E-11;1.17E-08;0.03281373;0.60320249
3131;4.25151515;4.56E-11;1.04E-08;0.0351265;0.602946602
3132;4.20909091;4.01E-11;9.21E-09;0.02547442;0.602694165
3133;4.21515151;3.56E-11;8.30E-09;0.03090917;0.602444386
3134;4.29393939;3.21E-11;7.59E-09;0.02830625;0.602195918
3135;4.37878788;2.93E-11;7.02E-09;0.0258675;0.601948946
3136;4.5;2.70E-11;6.57E-09;0.0263568;0.601702919
3137;4.6030303;3.15E-11;6.96E-09;0.11126041;0.601456849
3138;4.67272727;5.49E-11;1.15E-08;0.29305798;0.601206478
3139;4.67575758;9.42E-11;1.89E-08;0.43335149;0.600946803
3140;4.60909091;1.45E-10;2.79E-08;0.52134735;0.600674085
3141;4.50909091;2.04E-10;3.81E-08;0.62441288;0.600383992
3142;4.39090909;2.69E-10;4.88E-08;0.71463841;0.600071167
3143;4.31818182;3.21E-10;5.77E-08;0.63111584;0.599733663
3144;4.23030303;3.44E-10;6.23E-08;0.4501602;0.599375233
3145;4.16969697;3.41E-10;6.26E-08;0.3180012;0.598996543
3146;4.13333333;2.95E-10;5.49E-08;0.10357175;0.5986042
3147;4.02121212;2.36E-10;4.45E-08;0.04117601;0.598207149
3148;3.91818182;1.86E-10;3.55E-08;0.0307942;0.597809027
3149;3.81818182;1.47E-10;2.84E-08;0.02742701;0.597412659
3150;3.74242424;1.17E-10;2.29E-08;0.03215631;0.597019136
3151;3.7;9.46E-11;1.87E-08;0.03557526;0.596628514
3152;3.67878788;7.76E-11;1.55E-08;0.03237911;0.5962412
3153;3.66363636;6.46E-11;1.31E-08;0.01685543;0.59585807
3154;3.66666667;5.46E-11;1.13E-08;0.01077569;0.595479395
3155;3.7;4.67E-11;9.78E-09;0.00854815;0.595104728
3156;3.75151515;4.06E-11;8.65E-09;0.00731317;0.594733884
3157;3.82121212;3.60E-11;7.80E-09;0.00657721;0.594366576
3158;3.93333333;3.24E-11;7.14E-09;0.00579013;0.594001645
3159;4.07272727;2.97E-11;6.67E-09;0.00592514;0.593638745
3160;4.22424242;2.77E-11;6.32E-09;0.00486943;0.593277442
3161;4.4;2.86E-11;6.51E-09;0.0135181;0.592917293
3162;4.55454546;3.57E-11;8.27E-09;0.02949065;0.592558483
3163;4.65757576;5.32E-11;1.26E-08;0.08339026;0.592200718
3164;4.6969697;7.72E-11;1.86E-08;0.13071646;0.591842686
3165;4.68181818;9.75E-11;2.41E-08;0.11155094;0.591483902
3166;4.64545454;1.19E-10;2.99E-08;0.15060523;0.591123266
3167;4.57575758;1.34E-10;3.44E-08;0.13883468;0.590759721
3168;4.48181818;1.34E-10;3.52E-08;0.07614502;0.590394613
3169;4.37878788;1.20E-10;3.21E-08;0.02931831;0.590030817
3170;4.27878788;1.01E-10;2.76E-08;0.01375323;0.589670103
3171;4.14242424;8.24E-11;2.28E-08;0.00554442;0.58931501
3172;4.02121212;6.66E-11;1.87E-08;0.00535478;0.588966096
3173;3.93333333;5.42E-11;1.55E-08;0.00916986;0.58862295
3174;3.85454545;4.47E-11;1.30E-08;0.01569426;0.588285598
3175;3.76969697;3.76E-11;1.11E-08;0.01566791;0.58795451
3176;3.66666667;3.20E-11;9.64E-09;0.01694217;0.587630271
3177;3.53636364;2.73E-11;8.37E-09;0.01391994;0.587313587
3178;3.47272727;2.38E-11;7.43E-09;0.00766865;0.587003026
3179;3.44242424;2.11E-11;6.72E-09;0.00476591;0.586697861
3180;3.4969697;1.91E-11;6.18E-09;0.00473004;0.586396048
3181;3.59090909;1.74E-11;5.77E-09;0.00393808;0.586096501
3182;3.75151515;1.63E-11;5.50E-09;0.00388301;0.585797839
3183;3.93939394;1.54E-11;5.33E-09;0.00390618;0.585499548
3184;4.10606061;1.49E-11;5.15E-09;0.00719499;0.585202332
3185;4.27575758;2.67E-11;9.04E-09;0.0987373;0.584903605
3186;4.43030303;5.44E-11;1.73E-08;0.27849983;0.584596387
3187;4.51515152;1.18E-10;3.23E-08;0.64417252;0.584267523
3188;4.55454546;1.95E-10;4.78E-08;0.69225994;0.583906705
3189;4.53636364;2.90E-10;6.46E-08;0.90275508;0.583509143
3190;4.47878788;3.78E-10;7.88E-08;0.93875815;0.583068648
3191;4.4;4.35E-10;8.79E-08;0.79353692;0.582587765
3192;4.27878788;4.53E-10;9.05E-08;0.59841078;0.582076441
3193;4.15757576;4.28E-10;8.57E-08;0.39071084;0.581541464
3194;4.02121212;3.52E-10;7.11E-08;0.14653524;0.580995243
3195;3.91515151;2.57E-10;5.21E-08;0.03323516;0.580446636
3196;3.8030303;1.85E-10;3.76E-08;0.02461492;0.579902049
3197;3.71212121;1.36E-10;2.78E-08;0.02341099;0.579364028
3198;3.63636364;1.03E-10;2.10E-08;0.02485419;0.578833965
3199;3.56060606;7.99E-11;1.64E-08;0.02201087;0.578313059
3200;3.47575758;6.40E-11;1.32E-08;0.0209427;0.577802415
3201;3.38484849;5.13E-11;1.06E-08;0.01988335;0.577302494
3202;3.3;4.31E-11;8.96E-09;0.0259939;0.57681306
3203;3.24545454;3.83E-11;8.00E-09;0.01984068;0.576333115
3204;3.27878788;3.24E-11;6.78E-09;0.01887088;0.575858702
3205;3.37272727;2.88E-11;6.06E-09;0.01791031;0.575387869
3206;3.50909091;2.67E-11;5.64E-09;0.0147584;0.574919665
3207;3.68181818;2.55E-11;5.41E-09;0.01263791;0.574452543
3208;3.90606061;2.50E-11;5.32E-09;0.00978892;0.573984503
3209;4.10909091;3.85E-11;8.08E-09;0.041452;0.573515992
3210;4.30606061;5.80E-11;1.23E-08;0.03923967;0.573046297
3211;4.4;8.54E-11;1.83E-08;0.07273231;0.572577667
3212;4.48484848;1.22E-10;2.63E-08;0.13638417;0.572106443
3213;4.48787879;1.69E-10;3.64E-08;0.25106334;0.571628766
3214;4.46363636;2.34E-10;4.92E-08;0.42409418;0.571136292
3215;4.39090909;3.04E-10;6.24E-08;0.54180269;0.570620714
3216;4.27272727;3.45E-10;6.98E-08;0.46048099;0.570080375
3217;4.14848485;3.37E-10;6.84E-08;0.25796273;0.569527544
3218;4.01212121;2.91E-10;5.95E-08;0.11302333;0.568970676
3219;3.87878788;2.08E-10;4.28E-08;0.01777156;0.568418121
3220;3.7969697;1.47E-10;3.04E-08;0.01350291;0.567872635
3221;3.75757576;1.06E-10;2.19E-08;0.01272304;0.567334554
3222;3.74242424;7.85E-11;1.64E-08;0.01298625;0.566804113
3223;3.75454546;6.04E-11;1.27E-08;0.01416654;0.566280819
3224;3.76363636;4.78E-11;1.01E-08;0.01299312;0.565765388
3225;3.77575758;3.88E-11;8.22E-09;0.014174;0.565257581
3226;3.81818182;3.30E-11;7.03E-09;0.01573516;0.564756644
3227;3.90606061;2.94E-11;6.30E-09;0.0144853;0.564260731
3228;4.04848485;2.73E-11;5.87E-09;0.0148902;0.563767588
3229;4.22727273;2.61E-11;5.65E-09;0.01375196;0.563275922
3230;4.47878788;2.57E-11;5.60E-09;0.01385603;0.56278294
3231;4.71818182;2.58E-11;5.66E-09;0.01140232;0.562289525
3232;4.95454545;2.62E-11;5.71E-09;0.01335786;0.561796325
3233;5.17575758;3.84E-11;8.33E-09;0.03409049;0.561302348
3234;5.36969697;7.86E-11;1.70E-08;0.12804607;0.560804273
3235;5.54848485;1.76E-10;3.63E-08;0.55303724;0.560279835
3236;5.7;2.76E-10;5.43E-08;0.58180938;0.559710494
3237;5.81212121;3.87E-10;7.29E-08;0.77686948;0.559088525
3238;5.87878788;4.49E-10;8.31E-08;0.5940183;0.558416623
3239;5.9;3.91E-10;7.27E-08;0.17700285;0.557719056
3240;5.85757576;2.89E-10;5.40E-08;0.04170763;0.557020137
3241;5.76666667;2.06E-10;3.88E-08;0.02599181;0.556331166
3242;5.6969697;1.60E-10;3.04E-08;0.02624657;0.555654334
3243;5.63939394;1.20E-10;2.29E-08;0.01013724;0.554990813
3244;5.60909091;8.79E-11;1.69E-08;0.00850467;0.554340839
3245;5.5969697;6.75E-11;1.31E-08;0.00707338;0.553704251
3246;5.55454546;5.42E-11;1.06E-08;0.00700122;0.553083047
3247;5.4969697;4.51E-11;8.86E-09;0.00660704;0.552478583
3248;5.43030303;3.92E-11;7.75E-09;0.00658126;0.551890541
3249;5.36969697;3.51E-11;7.00E-09;0.01217681;0.551317511
3250;5.37272727;3.28E-11;6.57E-09;0.01344077;0.550756665
3251;5.43030303;3.14E-11;6.33E-09;0.0144905;0.550204747
3252;5.52727273;3.06E-11;6.21E-09;0.01276534;0.549659871
3253;5.67575758;3.03E-11;6.21E-09;0.0107756;0.549119991
3254;5.85151515;3.05E-11;6.28E-09;0.00958873;0.548584064
3255;6.03333333;3.13E-11;6.49E-09;0.00854754;0.548052068
3256;6.23030303;3.10E-11;6.43E-09;0.01151097;0.5475226
3257;6.44242424;7.16E-11;1.48E-08;0.09740069;0.546991124
3258;6.63939394;1.51E-10;3.03E-08;0.30935766;0.5464417
3259;6.8;2.41E-10;4.66E-08;0.43143518;0.545856256
3260;6.9030303;3.32E-10;6.19E-08;0.54243205;0.545225738
3261;6.90909091;3.86E-10;7.04E-08;0.4767149;0.544549922
3262;6.90606061;4.42E-10;7.85E-08;0.60842574;0.543832868
3263;6.83636364;4.54E-10;7.97E-08;0.45725251;0.543079003
3264;6.76363636;4.80E-10;8.33E-08;0.55518391;0.542290639
3265;6.68484848;4.58E-10;7.93E-08;0.36439643;0.541477679
3266;6.66666667;3.55E-10;6.16E-08;0.14501687;0.540653787
3267;6.66969697;2.35E-10;4.08E-08;0.05034589;0.539831942
3268;6.68787879;1.56E-10;2.72E-08;0.03736886;0.539019647
3269;6.70909091;1.09E-10;1.91E-08;0.03909661;0.538219766
3270;6.73939394;8.07E-11;1.42E-08;0.0356488;0.537432878
3271;6.79090909;6.31E-11;1.11E-08;0.02930975;0.536658984
3272;6.85151515;5.27E-11;9.34E-09;0.02443581;0.535897912
3273;6.94545454;4.67E-11;8.32E-09;0.03356137;0.535147724
3274;7.05757576;4.34E-11;7.77E-09;0.02625557;0.534407418
3275;7.18787879;4.16E-11;7.49E-09;0.02229155;0.533676437
3276;7.34848485;4.06E-11;7.37E-09;0.01916002;0.532953227
3277;7.53333333;4.06E-11;7.42E-09;0.01345569;0.532237681
3278;7.71515151;4.07E-11;7.50E-09;0.01218631;0.531529773
3279;7.93636364;4.10E-11;7.62E-09;0.01080728;0.530827603
3280;8.18484848;4.14E-11;7.76E-09;0.00945651;0.530130108
3281;8.43939394;4.09E-11;7.53E-09;0.01875444;0.529436664
3282;8.7030303;6.65E-11;1.22E-08;0.04194752;0.528745129
3283;8.90606061;1.19E-10;2.20E-08;0.10214691;0.528052437
3284;9.06666667;1.57E-10;2.91E-08;0.11078307;0.527354616
3285;9.18181818;1.72E-10;3.21E-08;0.08633249;0.52665384
3286;9.25757576;1.81E-10;3.42E-08;0.08293603;0.52595358
3287;9.28787879;1.89E-10;3.60E-08;0.09758971;0.525254809
3288;9.32727273;1.73E-10;3.32E-08;0.05539723;0.524559304
3289;9.34242424;1.49E-10;2.88E-08;0.05036204;0.523871579
3290;9.33333333;1.19E-10;2.32E-08;0.02702144;0.523195861
3291;9.33333333;9.10E-11;1.78E-08;0.02588398;0.522534148
3292;9.34242424;7.22E-11;1.42E-08;0.02106267;0.521887237
3293;9.37272727;6.02E-11;1.19E-08;0.02164159;0.521254364
3294;9.43333333;5.31E-11;1.06E-08;0.01913373;0.520634638
3295;9.4969697;4.87E-11;9.79E-09;0.02985989;0.520027094
3296;9.56060606;4.60E-11;9.31E-09;0.0346141;0.519430612
3297;9.64848485;4.44E-11;9.05E-09;0.02410419;0.518844297
3298;9.76666667;4.37E-11;8.97E-09;0.01892686;0.518268054
3299;9.86969697;4.33E-11;8.96E-09;0.0142161;0.5177031
3300;10.0030303;4.32E-11;9.03E-09;0.01194577;0.517148657
3301;10.16969697;4.34E-11;9.15E-09;0.01466199;0.516602935
3302;10.34242424;4.28E-11;9.09E-09;0.01249238;0.516065831
3303;10.50606061;4.31E-11;9.26E-09;0.01277142;0.515537485
3304;10.66060606;4.35E-11;9.42E-09;0.01576967;0.515018742
3305;10.80909091;5.29E-11;1.08E-08;0.051112;0.514505994
3306;10.95454545;8.18E-11;1.65E-08;0.09087784;0.513994363
3307;11.09393939;1.30E-10;2.58E-08;0.17403704;0.513473757
3308;11.2030303;2.29E-10;4.16E-08;0.56742442;0.512910188
3309;11.28787879;2.95E-10;5.12E-08;0.41441982;0.512287428
3310;11.34848485;2.97E-10;5.09E-08;0.21250602;0.511633943
3311;11.3969697;2.73E-10;4.68E-08;0.13934713;0.510965308
3312;11.42727273;2.61E-10;4.49E-08;0.14581846;0.510287524
3313;11.42424242;2.37E-10;4.09E-08;0.10957114;0.509608044
3314;11.4030303;2.09E-10;3.60E-08;0.10833472;0.508930704
3315;11.36363636;1.65E-10;2.85E-08;0.03425368;0.508262495
3316;11.33333333;1.29E-10;2.24E-08;0.03464219;0.507609548
3317;11.26060606;1.05E-10;1.83E-08;0.03781323;0.506975496
3318;11.16363636;8.79E-11;1.53E-08;0.0475405;0.506361559
3319;11.03333333;7.60E-11;1.33E-08;0.04670206;0.505769019
3320;10.91212121;6.78E-11;1.19E-08;0.03971526;0.505197582
3321;10.77272727;6.18E-11;1.09E-08;0.02695719;0.504648609
3322;10.66363636;5.74E-11;1.01E-08;0.02099282;0.504121013
3323;10.59393939;5.49E-11;9.71E-09;0.02465428;0.503612658
3324;10.54545455;5.05E-11;8.94E-09;0.03214061;0.503121586
3325;10.51212121;4.94E-11;8.72E-09;0.06858619;0.502644593
3326;10.44242424;4.82E-11;8.51E-09;0.04702766;0.502182384
3327;10.32727273;4.70E-11;8.29E-09;0.04758966;0.501736958
3328;10.26666667;4.62E-11;7.97E-09;0.05017962;0.501305652
3329;10.20606061;5.16E-11;7.89E-09;0.12201493;0.500885105
3330;10.13636364;9.83E-11;1.42E-08;0.30591223;0.500465019
3331;10.05454545;1.57E-10;2.16E-08;0.39980987;0.500033847
3332;9.93636364;2.21E-10;2.95E-08;0.43952343;0.499586584
3333;9.77878788;2.47E-10;3.31E-08;0.19646891;0.499129785
3334;9.56363636;2.64E-10;3.60E-08;0.18807393;0.498671939
3335;9.35151515;3.23E-10;4.36E-08;0.50913764;0.498201851
3336;9.14242424;3.78E-10;5.05E-08;0.53135128;0.497707386
3337;8.93636364;3.61E-10;4.84E-08;0.24337966;0.497193993
3338;8.72727273;3.05E-10;4.07E-08;0.13080743;0.496675869
3339;8.51515151;2.43E-10;3.23E-08;0.0680816;0.496160601
3340;8.30606061;1.92E-10;2.56E-08;0.04316334;0.495654239
3341;8.10606061;1.55E-10;2.07E-08;0.02933326;0.495160245
3342;7.91212121;1.27E-10;1.70E-08;0.03209469;0.494680284
3343;7.72727273;1.07E-10;1.43E-08;0.0368661;0.494214816
3344;7.54242424;9.16E-11;1.23E-08;0.03693308;0.493764088
3345;7.37575758;7.89E-11;1.06E-08;0.03158242;0.493327753
3346;7.23636364;6.90E-11;9.27E-09;0.02619814;0.492905133
3347;7.11212121;6.13E-11;8.23E-09;0.02208759;0.492495857
3348;7.01212121;5.52E-11;7.42E-09;0.01967845;0.49209911
3349;6.92424242;5.03E-11;6.77E-09;0.01998788;0.49171437
3350;6.89393939;4.64E-11;6.25E-09;0.02537406;0.491339536
3351;6.93636364;4.33E-11;5.83E-09;0.02541556;0.490972261
3352;6.95151515;4.08E-11;5.48E-09;0.02838423;0.49061345
3353;6.9;5.43E-11;6.79E-09;0.11280647;0.490263058
3354;6.87575758;8.24E-11;1.03E-08;0.14506769;0.489917085
3355;6.82424242;1.45E-10;1.79E-08;0.39046357;0.489568893
3356;6.72727273;2.22E-10;2.72E-08;0.52161697;0.489209452
3357;6.61515151;3.17E-10;3.87E-08;0.75478711;0.488828359
3358;6.4969697;4.15E-10;5.06E-08;0.87802981;0.488416858
3359;6.41515151;4.45E-10;5.56E-08;0.44900801;0.487972819
3360;6.36969697;4.07E-10;5.24E-08;0.14881835;0.487507417
3361;6.25757576;3.79E-10;5.04E-08;0.18404757;0.487027565
3362;6.11515151;3.44E-10;4.68E-08;0.14972722;0.486536231
3363;5.96666667;2.74E-10;3.76E-08;0.04777159;0.486041069
3364;5.83030303;2.13E-10;2.95E-08;0.02024655;0.485546244
3365;5.70909091;1.67E-10;2.32E-08;0.01828162;0.485055744
3366;5.61212121;1.33E-10;1.86E-08;0.01602546;0.484571571
3367;5.53333333;1.08E-10;1.53E-08;0.02049028;0.484094454
3368;5.44242424;8.95E-11;1.26E-08;0.02023286;0.483626147
3369;5.35151515;7.55E-11;1.07E-08;0.02339992;0.483167428
3370;5.27272727;6.45E-11;9.19E-09;0.01844091;0.482718334
3371;5.23939394;5.60E-11;8.01E-09;0.01687304;0.482277633
3372;5.23939394;4.96E-11;7.11E-09;0.01688441;0.481844416
3373;5.23939394;4.32E-11;6.22E-09;0.01702688;0.481418957
3374;5.24848485;3.98E-11;5.74E-09;0.01916642;0.481001082
3375;5.20606061;3.69E-11;5.34E-09;0.0166966;0.480592609
3376;5.19393939;3.49E-11;4.96E-09;0.02116513;0.480192429
3377;5.14242424;4.82E-11;6.84E-09;0.05535654;0.479800786
3378;5.09090909;1.10E-10;1.54E-08;0.34307892;0.479410928
3379;5.04848485;2.04E-10;2.79E-08;0.67542131;0.479009168
3380;5;2.74E-10;3.80E-08;0.51723084;0.478587996
3381;4.92121212;3.27E-10;4.61E-08;0.51351452;0.478146126
3382;4.81212121;3.34E-10;4.86E-08;0.26650661;0.477688879
3383;4.66666667;3.24E-10;4.86E-08;0.19854435;0.477219151
3384;4.48484848;2.90E-10;4.47E-08;0.1162272;0.476742505
3385;4.33333333;2.57E-10;4.07E-08;0.0943135;0.476261827
3386;4.22121212;2.22E-10;3.58E-08;0.06673582;0.475777263
3387;4.07575758;1.74E-10;2.83E-08;0.03708051;0.475293812
3388;3.94848485;1.35E-10;2.21E-08;0.03229174;0.474813457
3389;3.83939394;1.06E-10;1.75E-08;0.02950167;0.474338084
3390;3.74242424;8.49E-11;1.41E-08;0.02694301;0.473868803
3391;3.63939394;6.86E-11;1.14E-08;0.03152482;0.473406782
3392;3.53939394;5.52E-11;9.27E-09;0.02799114;0.472952587
3393;3.43636364;4.60E-11;7.80E-09;0.02446888;0.472506884
3394;3.35454545;4.04E-11;6.90E-09;0.01816288;0.472069201
3395;3.33939394;3.59E-11;6.20E-09;0.01692646;0.47163712
3396;3.35151515;3.25E-11;5.67E-09;0.01493264;0.471209848
3397;3.36363636;3.00E-11;5.27E-09;0.01513795;0.470787595
3398;3.4030303;2.80E-11;4.97E-09;0.01324057;0.47036947
3399;3.46666667;2.65E-11;4.75E-09;0.01332968;0.469954779
3400;3.5;2.55E-11;4.57E-09;0.01716252;0.469544735
3401;3.52424242;3.20E-11;5.72E-09;0.06738251;0.469138499
3402;3.58787879;6.51E-11;1.16E-08;0.34882711;0.468728575
3403;3.63030303;1.12E-10;2.02E-08;0.36256527;0.468309181
3404;3.6030303;1.79E-10;3.20E-08;0.65498524;0.467875225
3405;3.50606061;2.61E-10;4.62E-08;0.8533591;0.467418206
3406;3.3969697;3.45E-10;6.08E-08;0.92301452;0.466931791
3407;3.28787879;3.81E-10;6.78E-08;0.55500305;0.466416754
3408;3.21818182;3.70E-10;6.68E-08;0.27462613;0.465879373
3409;3.09090909;3.62E-10;6.66E-08;0.39609086;0.465323995
3410;3.00909091;3.22E-10;6.01E-08;0.18688896;0.464752769
3411;2.90909091;2.52E-10;4.75E-08;0.03834155;0.464173989
3412;2.80909091;1.89E-10;3.58E-08;0.02460017;0.463593577
3413;2.72727273;1.40E-10;2.67E-08;0.01803695;0.463015418
3414;2.65757576;1.05E-10;2.02E-08;0.0184174;0.462441547
3415;2.6;7.96E-11;1.54E-08;0.01650494;0.461873322
3416;2.53636364;6.19E-11;1.20E-08;0.01413145;0.461312292
3417;2.48484849;4.91E-11;9.64E-09;0.01273969;0.460758674
3418;2.47878788;3.97E-11;7.85E-09;0.01270878;0.460210848
3419;2.51515151;3.29E-11;6.55E-09;0.01514044;0.459667147
3420;2.58181818;2.79E-11;5.61E-09;0.01742878;0.459126226
3421;2.65151515;2.45E-11;4.95E-09;0.01943798;0.458588278
3422;2.76363636;2.22E-11;4.52E-09;0.01956951;0.458051611
3423;2.8969697;2.06E-11;4.25E-09;0.01210372;0.457515645
3424;3.06969697;1.99E-11;4.10E-09;0.01409468;0.456979251
3425;3.13636364;2.82E-11;5.85E-09;0.04947102;0.456446038
3426;3.22121212;4.77E-11;1.00E-08;0.09030863;0.455913499
3427;3.29090909;7.78E-11;1.66E-08;0.15899703;0.45537889
3428;3.31818182;1.12E-10;2.43E-08;0.20302097;0.454839863
3429;3.32121212;1.57E-10;3.42E-08;0.37242678;0.454291451
3430;3.31818182;1.99E-10;4.34E-08;0.43088093;0.453726512
3431;3.27272727;2.37E-10;5.14E-08;0.49920559;0.453143181
3432;3.2030303;2.49E-10;5.43E-08;0.32324971;0.45254173
3433;3.15454546;2.28E-10;5.02E-08;0.09944407;0.45193165
3434;3.10909091;2.09E-10;4.66E-08;0.14922468;0.451315251
3435;3.01818182;1.70E-10;3.84E-08;0.04501008;0.450699118
3436;2.93030303;1.27E-10;2.89E-08;0.03139241;0.450086468
3437;2.87878788;9.37E-11;2.14E-08;0.03974809;0.449477989
3438;2.87575758;6.94E-11;1.59E-08;0.03642922;0.448872828
3439;2.89393939;5.23E-11;1.21E-08;0.04242382;0.448271056
3440;2.90909091;4.03E-11;9.35E-09;0.03584277;0.447673592
3441;2.93333333;3.22E-11;7.52E-09;0.02730338;0.4470812
3442;2.98484849;2.68E-11;6.31E-09;0.01616538;0.446493185
3443;3.04242424;2.31E-11;5.48E-09;0.01240079;0.445909656
3444;3.10909091;2.07E-11;4.97E-09;0.00899291;0.445330735
3445;3.13939394;1.91E-11;4.64E-09;0.00740999;0.444758521
3446;3.18484848;1.79E-11;4.39E-09;0.00584784;0.444191923
3447;3.25151515;1.71E-11;4.23E-09;0.00593775;0.443630292
3448;3.36969697;1.67E-11;4.19E-09;0.00598685;0.443071538
3449;3.54242424;1.81E-11;4.49E-09;0.02444132;0.442512264
3450;3.72727273;2.79E-11;6.99E-09;0.04253273;0.44195112
3451;3.92727273;4.13E-11;1.05E-08;0.05663298;0.441386069
3452;4.10606061;6.16E-11;1.58E-08;0.09541528;0.440815918
3453;4.24848485;7.95E-11;2.07E-08;0.09408599;0.440240126
3454;4.37272727;9.61E-11;2.54E-08;0.11334443;0.439657989
3455;4.46060606;1.17E-10;3.13E-08;0.17850412;0.439067658
3456;4.52121212;1.27E-10;3.42E-08;0.12696886;0.438468388
3457;4.52121212;1.37E-10;3.71E-08;0.20689058;0.437862311
3458;4.61515151;1.33E-10;3.61E-08;0.16241449;0.437243476
3459;4.69090909;1.07E-10;2.88E-08;0.07751512;0.436616794
3460;4.75454545;8.09E-11;2.17E-08;0.0829389;0.435987081
3461;4.80606061;6.11E-11;1.64E-08;0.08281141;0.435356773
3462;4.85454546;4.77E-11;1.28E-08;0.07710009;0.434727539
3463;4.8969697;3.82E-11;1.03E-08;0.06780791;0.434101077
3464;4.95757576;3.20E-11;8.65E-09;0.04121447;0.433478255
3465;5.02121212;2.79E-11;7.60E-09;0.03177987;0.432860278
3466;5.10909091;2.54E-11;6.98E-09;0.02892622;0.432246757
3467;5.22424242;2.45E-11;6.80E-09;0.02829049;0.431636621
3468;5.35151515;2.34E-11;6.58E-09;0.02553841;0.431029388
3469;5.5030303;2.28E-11;6.47E-09;0.01897064;0.430424175
3470;5.71818182;2.26E-11;6.50E-09;0.0190318;0.429818391
3471;5.91212121;2.27E-11;6.60E-09;0.0170818;0.429213463
3472;6.0969697;2.31E-11;6.79E-09;0.01302124;0.428610575
3473;6.26969697;2.47E-11;6.99E-09;0.07767727;0.428007685
3474;6.43030303;4.38E-11;1.20E-08;0.18447601;0.427399146
3475;6.57878788;6.54E-11;1.77E-08;0.16434542;0.426781421
3476;6.70909091;9.12E-11;2.43E-08;0.26697422;0.426150778
3477;6.84242424;1.64E-10;4.06E-08;0.99969525;0.425474046
3478;6.98787879;2.10E-10;4.92E-08;0.54744183;0.424738496
3479;7.0969697;2.23E-10;5.08E-08;0.3721421;0.423970808
3480;7.18181818;2.10E-10;4.71E-08;0.23234892;0.423180534
3481;7.20606061;1.74E-10;3.91E-08;0.08353659;0.422382846
3482;7.18181818;1.41E-10;3.16E-08;0.0510743;0.421589338
3483;7.12727273;1.09E-10;2.46E-08;0.02599378;0.420806441
3484;7.03333333;8.44E-11;1.92E-08;0.0166983;0.420039943
3485;6.93636364;6.72E-11;1.55E-08;0.01438636;0.419291535
3486;6.85757576;5.55E-11;1.29E-08;0.01190373;0.418560832
3487;6.78484849;4.74E-11;1.11E-08;0.0120369;0.417847649
3488;6.70606061;4.19E-11;9.96E-09;0.00955896;0.417152526
3489;6.63939394;3.79E-11;9.12E-09;0.00711596;0.416474368
3490;6.60909091;3.51E-11;8.55E-09;0.00732405;0.415811141
3491;6.6030303;3.32E-11;8.18E-09;0.00490588;0.415161445
3492;6.60909091;3.17E-11;7.93E-09;0.00486764;0.414524423
3493;6.64545454;3.07E-11;7.77E-09;0.00492125;0.413898421
3494;6.70909091;2.99E-11;7.67E-09;0.00500678;0.41328181
3495;6.81818182;2.94E-11;7.65E-09;0.00249965;0.412672546
3496;6.94545454;3.05E-11;8.04E-09;0.0025749;0.412070115
3497;7.08181818;3.73E-11;9.85E-09;0.06861112;0.411470906
3498;7.21818182;4.87E-11;1.29E-08;0.08126589;0.410872039
3499;7.3030303;6.45E-11;1.72E-08;0.14193871;0.410272383
3500;7.34848485;8.79E-11;2.31E-08;0.258219;0.409666072
3501;7.37272727;1.18E-10;3.01E-08;0.37395664;0.40904449
3502;7.37272727;1.75E-10;4.13E-08;0.80060961;0.408388052
3503;7.2969697;2.36E-10;5.17E-08;0.86962897;0.407685044
3504;7.23636364;2.61E-10;5.45E-08;0.54555377;0.406942931
3505;7.16060606;2.59E-10;5.28E-08;0.43671415;0.40617673
3506;7.08181818;2.33E-10;4.71E-08;0.23785891;0.405395752
3507;6.99393939;1.82E-10;3.67E-08;0.0795095;0.404613934
3508;6.88484849;1.37E-10;2.75E-08;0.04106432;0.403841293
3509;6.77878788;1.05E-10;2.12E-08;0.03561738;0.403081992
3510;6.68484848;8.25E-11;1.69E-08;0.03782137;0.40233739
3511;6.58787879;6.68E-11;1.38E-08;0.04353874;0.401608547
3512;6.49393939;5.60E-11;1.16E-08;0.04594099;0.400895613
3513;6.41818182;4.86E-11;1.02E-08;0.04269499;0.400197745
3514;6.43333333;4.35E-11;9.17E-09;0.0403593;0.399509885
3515;6.4969697;4.03E-11;8.58E-09;0.03532592;0.398829824
3516;6.61515151;3.83E-11;8.23E-09;0.02706821;0.398155103
3517;6.8030303;3.70E-11;8.03E-09;0.0251243;0.397482239
3518;7.03636364;3.65E-11;8.01E-09;0.02781607;0.39680939
3519;7.30606061;3.63E-11;8.07E-09;0.02495384;0.39613481
3520;7.5969697;3.63E-11;7.98E-09;0.0498376;0.395456948
3521;7.90909091;6.31E-11;1.33E-08;0.36079598;0.394764418
3522;8.17878788;1.25E-10;2.51E-08;0.72146137;0.394037287
3523;8.39090909;2.01E-10;3.85E-08;0.85246348;0.393261303
3524;8.54545455;3.32E-10;5.90E-08;1.71876557;0.392408761
3525;8.65757576;4.63E-10;7.83E-08;1.63311656;0.391461554
3526;8.75757576;5.60E-10;9.34E-08;1.487087;0.390423819
3527;8.83939394;6.13E-10;1.03E-07;1.34678059;0.389307079
3528;8.89090909;6.11E-10;1.04E-07;1.03257354;0.38812068
3529;8.91818182;5.58E-10;9.64E-08;0.70684043;0.386880219
3530;8.91212121;4.46E-10;7.82E-08;0.33119621;0.385609384
3531;8.86666667;3.12E-10;5.51E-08;0.09366648;0.384332061
3532;8.83030303;2.10E-10;3.74E-08;0.03844631;0.383064391
3533;8.81212121;1.46E-10;2.63E-08;0.03651817;0.381814246
3534;8.8030303;1.08E-10;1.96E-08;0.03665354;0.380585662
3535;8.78484848;8.35E-11;1.53E-08;0.0464102;0.379382034
3536;8.75757576;6.92E-11;1.28E-08;0.04337087;0.37820545
3537;8.75454546;6.06E-11;1.13E-08;0.03908681;0.377054088
3538;8.83030303;5.60E-11;1.06E-08;0.0247832;0.375921736
3539;8.99393939;5.36E-11;1.03E-08;0.01893143;0.37480101
3540;9.28484848;5.26E-11;1.02E-08;0.01644288;0.373681184
3541;9.62727273;5.25E-11;1.04E-08;0.01399534;0.372558844
3542;10;5.28E-11;1.06E-08;0.01143709;0.371432127
3543;10.38787879;5.17E-11;1.06E-08;0.00898;0.370302363
3544;10.80606061;5.70E-11;1.17E-08;0.02471398;0.369166501
3545;11.23030303;9.69E-11;1.99E-08;0.19367259;0.368017088
3546;11.61515152;1.70E-10;3.44E-08;0.52701264;0.366832018
3547;11.8969697;2.79E-10;5.40E-08;1.04273883;0.365577493
3548;12.09090909;3.78E-10;7.03E-08;1.13230603;0.364231953
3549;12.20909091;4.46E-10;8.11E-08;1.05103176;0.362801936
3550;12.25757576;5.09E-10;9.20E-08;1.15221487;0.361293332
3551;12.25454545;5.56E-10;1.01E-07;1.140955;0.359709025
3552;12.21818182;5.44E-10;1.00E-07;0.867169;0.358060991
3553;12.13030303;4.68E-10;8.70E-08;0.53302139;0.356379763
3554;12;3.63E-10;6.78E-08;0.31234526;0.354695905
3555;11.88484848;2.49E-10;4.67E-08;0.11799941;0.353030724
3556;11.8;1.70E-10;3.23E-08;0.07523605;0.351399634
3557;11.73636364;1.24E-10;2.38E-08;0.07383375;0.34980918
3558;11.70606061;9.61E-11;1.86E-08;0.07349092;0.348259019
3559;11.65454545;7.92E-11;1.55E-08;0.07575442;0.346753209
3560;11.59090909;6.94E-11;1.38E-08;0.0594319;0.345293971
3561;11.52727273;6.40E-11;1.29E-08;0.06594862;0.343881177
3562;11.50606061;6.07E-11;1.24E-08;0.05786761;0.342508971
3563;11.53939394;6.05E-11;1.25E-08;0.05493168;0.341170797
3564;11.65454545;5.86E-11;1.23E-08;0.0485369;0.339858045
3565;11.83030303;5.81E-11;1.25E-08;0.04660829;0.33856531
3566;12.06060606;5.81E-11;1.27E-08;0.04609477;0.337287804
3567;12.28181818;5.76E-11;1.28E-08;0.04305521;0.336027119
3568;12.51818182;5.72E-11;1.25E-08;0.06841123;0.334781716
3569;12.77878788;1.00E-10;2.06E-08;0.36101211;0.333534378
3570;12.98484848;1.58E-10;3.17E-08;0.39462152;0.33227089
3571;13.10606061;2.70E-10;5.18E-08;1.01978874;0.33096137
3572;13.13030303;3.89E-10;7.21E-08;1.14154769;0.329576838
3573;13.02727273;5.05E-10;9.18E-08;1.27166419;0.328115183
3574;12.88484848;5.82E-10;1.07E-07;1.20557372;0.326575521
3575;12.7030303;5.91E-10;1.11E-07;0.92215537;0.32497353
3576;12.49090909;5.22E-10;9.99E-08;0.5308349;0.32333191
3577;12.24848485;4.16E-10;8.09E-08;0.29159717;0.321684192
3578;11.98787879;3.07E-10;6.06E-08;0.14552935;0.320058182
3579;11.73636364;2.11E-10;4.21E-08;0.06371656;0.318471575
3580;11.51212121;1.47E-10;2.98E-08;0.04067964;0.316935087
3581;11.31818182;1.07E-10;2.19E-08;0.04042014;0.315452017
3582;11.11515152;8.35E-11;1.74E-08;0.04262082;0.314025832
3583;10.91515152;6.96E-11;1.46E-08;0.05766439;0.312655576
3584;10.7;6.10E-11;1.30E-08;0.07055763;0.311340583
3585;10.49090909;5.49E-11;1.18E-08;0.0695611;0.310077627
3586;10.36666667;5.13E-11;1.11E-08;0.06707288;0.308856808
3587;10.31515152;4.88E-11;1.07E-08;0.0719693;0.307669587
3588;10.35454545;4.99E-11;1.09E-08;0.06356553;0.306507064
3589;10.42121212;5.07E-11;1.11E-08;0.0513891;0.305367112
3590;10.54242424;5.12E-11;1.13E-08;0.04787227;0.30424503
3591;10.69393939;5.36E-11;1.18E-08;0.03455829;0.303139388
3592;10.86060606;5.44E-11;1.15E-08;0.06897971;0.302047684
3593;11.05757576;8.89E-11;1.79E-08;0.2613904;0.300959147
3594;11.22727273;1.55E-10;2.98E-08;0.54578883;0.299855
3595;11.32727273;2.80E-10;5.02E-08;1.20827812;0.298701773
3596;11.31212121;4.26E-10;7.31E-08;1.35566534;0.297478747
3597;11.21818182;5.56E-10;9.44E-08;1.38936233;0.296183666
3598;11.07272727;6.39E-10;1.10E-07;1.27171681;0.294816677
3599;10.85454545;6.62E-10;1.18E-07;1.05840373;0.293388573
3600;10.63030303;6.31E-10;1.16E-07;0.8049579;0.291912678
3601;10.3969697;5.56E-10;1.05E-07;0.57439128;0.290400987
3602;10.13030303;4.44E-10;8.49E-08;0.32138071;0.288879927
3603;9.88484848;2.91E-10;5.59E-08;0.08179844;0.287372267
3604;9.63939394;1.83E-10;3.50E-08;0.04030533;0.285898732
3605;9.3969697;1.19E-10;2.28E-08;0.03988231;0.284471399
3606;9.16060606;8.59E-11;1.64E-08;0.02941355;0.283094934
3607;8.92121212;6.67E-11;1.28E-08;0.02561946;0.281771079
3608;8.74242424;5.51E-11;1.06E-08;0.02578948;0.280492557
3609;8.57575758;4.81E-11;9.24E-09;0.02362731;0.279257549
3610;8.46666667;4.38E-11;8.44E-09;0.02318003;0.27805941
3611;8.44545455;4.12E-11;7.96E-09;0.02038748;0.276888874
3612;8.48787879;3.96E-11;7.68E-09;0.01877204;0.275739822
3613;8.58484849;3.87E-11;7.53E-09;0.01441238;0.27460743
3614;8.72727273;3.85E-11;7.54E-09;0.0156054;0.273488471
3615;8.93333333;3.89E-11;7.65E-09;0.02262056;0.272376471
3616;9.16969697;4.90E-11;9.44E-09;0.06421165;0.271268094
3617;9.42727273;1.07E-10;2.03E-08;0.28735129;0.270150664
3618;9.64545454;2.05E-10;3.82E-08;0.61258116;0.269002473
3619;9.76666667;3.36E-10;6.14E-08;0.92444349;0.267802124
3620;9.77272727;4.65E-10;8.47E-08;1.07706825;0.266539436
3621;9.65757576;5.59E-10;1.03E-07;1.07763876;0.265211624
3622;9.51818182;6.09E-10;1.16E-07;1.00336427;0.263824755
3623;9.33636364;6.08E-10;1.20E-07;0.84871709;0.26238582
3624;9.13636364;5.61E-10;1.14E-07;0.63546352;0.26091248
3625;8.88181818;4.74E-10;9.90E-08;0.42660436;0.259423282
3626;8.6030303;3.58E-10;7.55E-08;0.22237182;0.257939141
3627;8.32424242;2.23E-10;4.74E-08;0.05978504;0.256480037
3628;8.05757576;1.34E-10;2.86E-08;0.02300048;0.255060168
3629;7.87575758;8.44E-11;1.81E-08;0.02203723;0.253678107
3630;7.69090909;5.75E-11;1.23E-08;0.01972299;0.252337243
3631;7.54242424;4.33E-11;9.33E-09;0.02354809;0.25103471
3632;7.4030303;3.56E-11;7.69E-09;0.0192195;0.249769439
3633;7.29393939;3.12E-11;6.80E-09;0.01425995;0.248537919
3634;7.2969697;2.90E-11;6.34E-09;0.01285601;0.247328562
3635;7.39393939;2.78E-11;6.13E-09;0.01012785;0.246131938
3636;7.52727273;2.75E-11;6.11E-09;0.00919635;0.244945398
3637;7.72727273;2.76E-11;6.18E-09;0.00753299;0.24376258
3638;8;2.59E-11;5.84E-09;0.00674078;0.242577304
3639;8.31818182;2.77E-11;6.32E-09;0.00667738;0.241386254
3640;8.65757576;4.38E-11;9.96E-09;0.0327798;0.240186259
3641;8.95757576;1.01E-10;2.30E-08;0.20556008;0.238971563
3642;9.24242424;1.85E-10;4.12E-08;0.47933881;0.237718761
3643;9.43030303;2.85E-10;6.22E-08;0.72592066;0.236409026
3644;9.4969697;3.86E-10;8.27E-08;0.91409126;0.235032285
3645;9.45151515;4.68E-10;1.00E-07;0.99235133;0.233592197
3646;9.34848485;5.10E-10;1.10E-07;0.92217038;0.232094344
3647;9.17878788;5.08E-10;1.12E-07;0.77432545;0.230557618
3648;8.95151515;4.72E-10;1.07E-07;0.59936176;0.22900003
3649;8.66969697;4.02E-10;9.28E-08;0.42087314;0.227442531
3650;8.40606061;2.98E-10;6.96E-08;0.21517957;0.225898096
3651;8.16666667;1.80E-10;4.23E-08;0.08166207;0.22438046
3652;7.96060606;1.03E-10;2.43E-08;0.03726608;0.222898771
3653;7.78484849;6.25E-11;1.48E-08;0.04175601;0.22145634
3654;7.63636364;4.21E-11;9.98E-09;0.03366138;0.22005227
3655;7.52121212;3.24E-11;7.72E-09;0.02678056;0.218684127
3656;7.41212121;2.76E-11;6.62E-09;0.022736;0.217351187
3657;7.31212121;2.46E-11;5.96E-09;0.02413824;0.216051144
3658;7.38484849;2.20E-11;5.36E-09;0.03108857;0.214765384
3659;7.46666667;2.24E-11;5.49E-09;0.0348186;0.213492572
3660;7.63333333;2.37E-11;5.87E-09;0.02492235;0.212223614
3661;7.86666667;2.49E-11;6.23E-09;0.01786737;0.21095345
3662;8.14545454;2.45E-11;6.19E-09;0.02693284;0.209677023
3663;8.47272727;2.47E-11;6.29E-09;0.02298953;0.208390072
3664;8.79090909;3.13E-11;7.83E-09;0.04966904;0.207093373
3665;9.14545454;8.80E-11;2.17E-08;0.2679656;0.2057718
3666;9.47575758;1.58E-10;3.84E-08;0.4401489;0.204406118
3667;9.66666667;2.53E-10;6.00E-08;0.75795801;0.202985892
3668;9.73333333;3.48E-10;8.10E-08;0.95073333;0.201502637
3669;9.71818182;4.21E-10;9.75E-08;0.98427775;0.19996016
3670;9.65151515;4.57E-10;1.07E-07;0.90897181;0.198366208
3671;9.52424242;4.59E-10;1.10E-07;0.76932726;0.19673543
3672;9.34545455;4.04E-10;9.89E-08;0.52818186;0.195089827
3673;9.14545454;3.55E-10;8.87E-08;0.43667125;0.193442084
3674;8.93939394;2.63E-10;6.64E-08;0.24005551;0.19180759
3675;8.67575758;1.53E-10;3.89E-08;0.09100524;0.190207739
3676;8.43636364;8.43E-11;2.15E-08;0.04381914;0.188652413
3677;8.25151515;5.00E-11;1.28E-08;0.05332368;0.187140589
3678;8.10606061;3.42E-11;8.82E-09;0.04912039;0.185669078
3679;7.95454545;2.71E-11;7.04E-09;0.04616187;0.184239122
3680;7.7969697;2.02E-11;5.28E-09;0.04465876;0.182850338
3681;7.69393939;2.03E-11;5.35E-09;0.045016;0.181495972
3682;7.73333333;2.01E-11;5.35E-09;0.0308904;0.180159095
3683;7.76969697;2.03E-11;5.45E-09;0.02487273;0.178841197
3684;7.83030303;2.04E-11;5.54E-09;0.02154229;0.177539369
3685;7.97272727;2.06E-11;5.66E-09;0.01686561;0.17624513
3686;8.21818182;2.08E-11;5.79E-09;0.01751984;0.174947614
3687;8.53636364;2.18E-11;6.16E-09;0.01351325;0.173641051
3688;8.83030303;3.14E-11;8.70E-09;0.03427938;0.172326563
3689;9.13636364;9.74E-11;2.69E-08;0.24657578;0.170993004
3690;9.39090909;1.43E-10;3.95E-08;0.30019007;0.16962948
3691;9.4969697;1.52E-10;4.20E-08;0.22592985;0.168248021
3692;9.53030303;1.89E-10;5.17E-08;0.4834786;0.166849147
3693;9.48787879;2.36E-10;6.31E-08;0.72584188;0.165423703
3694;9.37878788;3.11E-10;8.10E-08;0.99972972;0.163966317
3695;9.2030303;3.14E-10;8.16E-08;0.69850383;0.162486774
3696;8.97272727;2.89E-10;7.56E-08;0.54646642;0.161005433
3697;8.69393939;1.91E-10;5.01E-08;0.19192149;0.159544312
3698;8.40606061;1.08E-10;2.84E-08;0.05414771;0.158121225
3699;8.13030303;6.19E-11;1.64E-08;0.02523943;0.156744699
3700;7.88484849;4.00E-11;1.07E-08;0.02557804;0.155414593
3701;7.68484848;2.90E-11;7.81E-09;0.02295641;0.154126639
3702;7.52727273;2.31E-11;6.26E-09;0.04542882;0.152875022
3703;7.37272727;2.70E-11;7.38E-09;0.04073062;0.151658337
3704;7.1969697;2.22E-11;6.14E-09;0.03433519;0.150477943
3705;7.06969697;1.96E-11;5.47E-09;0.03384618;0.149327374
3706;7.02727273;1.85E-11;5.20E-09;0.03548727;0.148198286
3707;7.02424242;1.83E-11;5.19E-09;0.03809784;0.147086967
3708;7.13939394;1.80E-11;5.17E-09;0.04048189;0.145981652
3709;7.28181818;1.84E-11;5.33E-09;0.03183535;0.144880956
3710;7.42727273;1.98E-11;5.82E-09;0.03567327;0.143784284
3711;7.62121212;1.97E-11;5.85E-09;0.02765401;0.142688292
3712;7.79393939;2.78E-11;8.01E-09;0.05909888;0.141594001
3713;8.03333333;7.49E-11;2.15E-08;0.24128903;0.140489453
3714;8.23636364;1.48E-10;4.15E-08;0.69326225;0.13935799
3715;8.3;2.23E-10;6.01E-08;0.98568144;0.138189703
3716;8.31212121;2.78E-10;7.37E-08;1.03008229;0.136981287
3717;8.26363636;3.00E-10;7.95E-08;0.86703897;0.135742751
3718;8.15757576;3.35E-10;8.95E-08;1.018474;0.134479186
3719;7.98181818;3.10E-10;8.43E-08;0.66170121;0.133202118
3720;7.74242424;3.09E-10;8.57E-08;0.72061438;0.131924721
3721;7.45151515;2.52E-10;7.09E-08;0.42970143;0.130659781
3722;7.14545454;2.14E-10;6.12E-08;0.36731659;0.129415073
3723;6.86969697;1.25E-10;3.61E-08;0.11500949;0.128195153
3724;6.6030303;6.83E-11;1.98E-08;0.06103215;0.12700787
3725;6.3969697;4.09E-11;1.20E-08;0.06139812;0.12585214
3726;6.18787879;2.75E-11;8.11E-09;0.06026434;0.124729545
3727;5.99393939;2.07E-11;6.14E-09;0.0520901;0.123638702
3728;5.7969697;1.68E-11;5.03E-09;0.03424412;0.122579238
3729;5.65151515;1.50E-11;4.54E-09;0.02693096;0.121546613
3730;5.65454546;1.41E-11;4.32E-09;0.02264545;0.12052732
3731;5.67272727;1.47E-11;4.54E-09;0.01903274;0.119520055
3732;5.78484849;1.41E-11;4.41E-09;0.01585713;0.118516915
3733;5.93636364;1.40E-11;4.46E-09;0.01426717;0.117514941
3734;6.1;1.40E-11;4.51E-09;0.01284747;0.11651322
3735;6.29393939;1.44E-11;4.70E-09;0.01101474;0.115509941
3736;6.49090909;2.09E-11;6.75E-09;0.02868844;0.114504253
3737;6.71515151;7.06E-11;2.28E-08;0.24783779;0.113489333
3738;6.91818182;1.24E-10;4.01E-08;0.45581792;0.112455392
3739;7.04545455;1.93E-10;6.13E-08;0.83050685;0.111394968
3740;7.11212121;2.67E-10;8.36E-08;1.17791333;0.110298858
3741;7.10909091;2.15E-10;6.78E-08;0.44494505;0.109178695
3742;7.08484849;2.10E-10;6.67E-08;0.56069989;0.108045459
3743;7.04242424;2.19E-10;7.05E-08;0.6166552;0.106901571
3744;6.95454545;2.02E-10;6.61E-08;0.48666254;0.105754252
3745;6.88484849;1.68E-10;5.56E-08;0.35220564;0.104606081
3746;6.78484849;1.27E-10;4.25E-08;0.24035365;0.103464496
3747;6.68181818;7.74E-11;2.60E-08;0.12816669;0.102335805
3748;6.60606061;4.25E-11;1.44E-08;0.08007401;0.10122317
3749;6.52424242;2.60E-11;8.90E-09;0.07407984;0.10013028
3750;6.48787879;1.85E-11;6.41E-09;0.06273403;0.099054594
3751;6.40606061;1.66E-11;5.80E-09;0.05282578;0.098000443
3752;6.36060606;1.42E-11;5.02E-09;0.05184488;0.09696448
3753;6.35454546;1.27E-11;4.53E-09;0.04059669;0.095943406
3754;6.41212121;1.18E-11;4.27E-09;0.04742313;0.094931495
3755;6.5;1.13E-11;4.15E-09;0.04686154;0.093926386
3756;6.60606061;1.10E-11;4.07E-09;0.03547885;0.092926926
3757;6.74242424;1.15E-11;4.32E-09;0.02903018;0.091931029
3758;6.8969697;1.20E-11;4.57E-09;0.02563937;0.090937519
3759;7.02727273;1.26E-11;4.86E-09;0.03126427;0.089948931
3760;7.16666667;1.31E-11;4.93E-09;0.063856;0.08896355
3761;7.33636364;2.79E-11;1.05E-08;0.12608145;0.08797814
3762;7.4969697;4.86E-11;1.82E-08;0.24963514;0.086989832
3763;7.57272727;6.59E-11;2.46E-08;0.30428804;0.086001439
3764;7.61818182;8.15E-11;3.03E-08;0.34190956;0.085012749
3765;7.55454546;8.71E-11;3.23E-08;0.33108878;0.084030729
3766;7.48181818;7.02E-11;2.62E-08;0.14479973;0.083058324
3767;7.4030303;6.19E-11;2.33E-08;0.113134;0.082099306
3768;7.2969697;5.58E-11;2.13E-08;0.0978851;0.081157079
3769;7.1969697;5.43E-11;2.10E-08;0.0936561;0.080231395
3770;7.09090909;4.91E-11;1.91E-08;0.09752623;0.079322401
3771;6.96363636;5.12E-11;2.01E-08;0.12287643;0.078431268
3772;6.83333333;3.27E-11;1.30E-08;0.03499698;0.077558599
3773;6.69393939;2.26E-11;9.05E-09;0.06683413;0.076706398
3774;6.59090909;1.75E-11;7.08E-09;0.06748687;0.075872697
3775;6.50909091;1.45E-11;5.94E-09;0.04265745;0.075056246
3776;6.44545454;1.29E-11;5.34E-09;0.05421954;0.074255889
3777;6.3969697;1.20E-11;4.98E-09;0.05926807;0.073470257
3778;6.38181818;1.15E-11;4.81E-09;0.07512887;0.072696885
3779;6.38484849;1.13E-11;4.78E-09;0.0653788;0.071934619
3780;6.40909091;1.10E-11;4.70E-09;0.05826227;0.071181901
3781;6.41212121;1.08E-11;4.66E-09;0.05320379;0.070440281
3782;6.49090909;1.10E-11;4.80E-09;0.05512136;0.069705293
3783;6.59393939;1.12E-11;4.91E-09;0.05709505;0.068975397
3784;6.71212121;1.10E-11;4.78E-09;0.06195305;0.068249594
3785;6.79393939;3.52E-11;1.43E-08;0.2917043;0.067528505
3786;6.83030303;6.34E-11;2.50E-08;0.48424896;0.066809402
3787;6.85151515;8.73E-11;3.38E-08;0.53353785;0.066088404
3788;6.82424242;1.11E-10;4.20E-08;0.71453957;0.065364438
3789;6.74242424;1.43E-10;5.28E-08;0.99211119;0.064636843
3790;6.63030303;1.36E-10;5.03E-08;1.34235923;0.063903977
3791;6.51212121;1.65E-10;6.19E-08;1.30627595;0.063165791
3792;6.43636364;1.65E-10;6.32E-08;0.74648628;0.062421378
3793;6.36666667;1.45E-10;5.63E-08;0.48680199;0.061672586
3794;6.31515152;1.24E-10;4.87E-08;0.413105;0.060921425
3795;6.25757576;9.12E-11;3.60E-08;0.19033302;0.060172507
3796;6.19393939;6.11E-11;2.42E-08;0.11260564;0.059429846
3797;6.13939394;4.29E-11;1.71E-08;0.08970302;0.058696311
3798;6.11818182;3.21E-11;1.29E-08;0.08435969;0.057971908
3799;6.08484849;2.56E-11;1.04E-08;0.08005524;0.057258378
3800;6.06969697;2.12E-11;8.66E-09;0.07276593;0.056554934
3801;6.08484849;1.86E-11;7.68E-09;0.0677059;0.055860335
3802;6.1030303;1.72E-11;7.16E-09;0.04939157;0.055174794
3803;6.14848485;1.59E-11;6.72E-09;0.04475215;0.054496636
3804;6.23333333;1.54E-11;6.59E-09;0.03812152;0.05382413
3805;6.34545454;1.48E-11;6.42E-09;0.02786964;0.053155625
3806;6.46666667;1.47E-11;6.43E-09;0.02080356;0.052491153
3807;6.57878788;1.44E-11;6.40E-09;0.0175145;0.051831238
3808;6.72121212;1.44E-11;6.37E-09;0.02984668;0.051174551
3809;6.85757576;1.99E-11;8.88E-09;0.06083397;0.050521286
3810;6.98484848;2.87E-11;1.29E-08;0.12176445;0.049871279
3811;7.09090909;4.39E-11;1.99E-08;0.29996373;0.049223903
3812;7.17878788;5.97E-11;2.72E-08;0.41258622;0.048577511
3813;7.24545455;6.66E-11;3.07E-08;0.26857522;0.047931414
3814;7.33030303;7.22E-11;3.37E-08;0.28855356;0.047284028
3815;7.38181818;8.98E-11;4.23E-08;0.69724563;0.046635236
3816;7.39393939;9.05E-11;4.29E-08;0.40235595;0.045985194
3817;7.41515151;8.26E-11;3.95E-08;0.27433646;0.045334388
3818;7.43636364;7.01E-11;3.37E-08;0.20687242;0.044684517
3819;7.46363636;5.46E-11;2.63E-08;0.13275538;0.044037333
3820;7.4969697;3.94E-11;1.91E-08;0.07045052;0.043394794
3821;7.56363636;2.96E-11;1.44E-08;0.07228676;0.04275726
3822;7.66363636;2.38E-11;1.16E-08;0.07826928;0.042124516
3823;7.78484849;2.03E-11;9.98E-09;0.07177881;0.041496298
3824;7.9030303;1.83E-11;9.06E-09;0.0666908;0.04087351
3825;8.03636364;1.71E-11;8.57E-09;0.07329801;0.040255882
3826;8.22727273;1.66E-11;8.39E-09;0.06807713;0.039640958
3827;8.38181818;1.64E-11;8.38E-09;0.05216618;0.039031042
3828;8.58484849;1.66E-11;8.57E-09;0.0598119;0.038424107
3829;8.8030303;1.65E-11;8.57E-09;0.06592142;0.03781955
3830;9.04848485;1.66E-11;8.74E-09;0.0729702;0.037216575
3831;9.3030303;1.58E-11;8.41E-09;0.07972549;0.036615351
3832;9.57272727;1.98E-11;1.02E-08;0.20637527;0.036015486
3833;9.83030303;4.39E-11;2.18E-08;1.10240975;0.035415356
3834;10.07575758;7.85E-11;3.79E-08;1.4372448;0.0348106
3835;10.27272727;1.23E-10;5.81E-08;1.8726779;0.034198001
3836;10.38787879;1.70E-10;8.06E-08;2.17889616;0.033574518
3837;10.41515152;2.10E-10;1.02E-07;2.16580306;0.032938512
3838;10.41212121;2.25E-10;1.15E-07;1.78176414;0.032286981
3839;10.43030303;2.21E-10;1.19E-07;1.37116634;0.031618267
3840;10.43030303;2.00E-10;1.13E-07;0.993858;0.030935282
3841;10.33939394;1.70E-10;1.01E-07;0.68243478;0.030246847
3842;10.21212121;1.31E-10;8.01E-08;0.39396773;0.029560659
3843;10.10606061;8.34E-11;5.21E-08;0.13630615;0.028881909
3844;9.98787879;4.76E-11;3.02E-08;0.04234919;0.028217533
3845;9.96969697;3.04E-11;1.96E-08;0.0327445;0.027566762
3846;9.96666667;2.19E-11;1.43E-08;0.03014383;0.026930998
3847;9.93636364;1.78E-11;1.18E-08;0.03092747;0.026312609
3848;9.92121212;1.53E-11;1.03E-08;0.0288688;0.025710816
3849;9.93333333;1.48E-11;1.02E-08;0.01867637;0.025124726
3850;9.96060606;1.43E-11;1.01E-08;0.01732924;0.02455311
3851;10;1.39E-11;1.01E-08;0.01798232;0.02399526
3852;10.06363636;1.39E-11;1.02E-08;0.05452081;0.023449667
3853;10.17272727;1.34E-11;9.98E-09;0.08100741;0.022914577
3854;10.29090909;1.36E-11;1.04E-08;0.07993548;0.022389456
3855;10.42424242;1.31E-11;9.94E-09;0.09085879;0.021873698
3856;10.55454545;1.55E-11;1.18E-08;0.13157154;0.021367493
3857;10.68787879;2.20E-11;1.68E-08;0.23148234;0.020870306
3858;10.76969697;3.02E-11;2.33E-08;0.24377666;0.020383171
3859;10.76363636;3.63E-11;2.83E-08;0.26887956;0.019908018
3860;10.76060606;5.49E-11;4.33E-08;0.65202154;0.019442644
3861;10.70909091;6.43E-11;5.17E-08;0.55088586;0.018985842
3862;10.62424242;6.73E-11;5.51E-08;0.49239308;0.018537026
3863;10.50606061;6.38E-11;5.32E-08;0.40000621;0.018096823
3864;10.36363636;5.02E-11;4.23E-08;0.20848046;0.017666635
3865;10.1969697;3.59E-11;3.05E-08;0.08760345;0.017248942
3866;10.02727273;2.68E-11;2.30E-08;0.0433303;0.016845443
3867;9.83030303;2.12E-11;1.84E-08;0.02987034;0.016457865
3868;9.65757576;1.61E-11;1.40E-08;0.01756823;0.016085308
3869;9.54545455;1.32E-11;1.16E-08;0.01444358;0.015726083
3870;9.46969697;1.15E-11;1.02E-08;0.01106213;0.015378967
3871;9.40606061;1.04E-11;9.30E-09;0.01129196;0.015043419
3872;9.33636364;9.32E-12;8.42E-09;0.0116776;0.014719503
3873;9.29090909;9.43E-12;8.58E-09;0.01199344;0.014406364
3874;9.30909091;9.54E-12;8.75E-09;0.01138516;0.014101978
3875;9.37272727;9.59E-12;8.87E-09;0.0116073;0.013805068
3876;9.43636364;9.57E-12;8.93E-09;0.01198389;0.013515497
3877;9.47575758;9.67E-12;9.09E-09;0.023278;0.013233797
3878;9.46363636;9.69E-12;9.17E-09;0.01972118;0.01296092
3879;9.45757576;9.68E-12;9.21E-09;0.02004804;0.012696481
3880;9.49393939;1.25E-11;1.18E-08;0.07191448;0.012439111
3881;9.50606061;1.76E-11;1.65E-08;0.14381897;0.012188866
3882;9.52424242;2.32E-11;2.16E-08;0.19318496;0.011944749
3883;9.50909091;3.08E-11;2.85E-08;0.32846432;0.011706312
3884;9.42424242;3.27E-11;3.05E-08;0.1977583;0.011473809
3885;9.28181818;4.55E-11;4.23E-08;0.80936491;0.011247343
3886;9.11818182;5.90E-11;5.51E-08;0.98991938;0.011025344
3887;8.90909091;6.68E-11;6.35E-08;0.89801812;0.010806851
3888;8.66969697;6.21E-11;5.99E-08;0.50189837;0.010591681
3889;8.39090909;6.16E-11;6.04E-08;0.66968437;0.010380716
3890;8.10909091;5.67E-11;5.64E-08;0.48139264;0.010174233
3891;7.85757576;4.55E-11;4.46E-08;0.18744733;0.009972174
3892;7.60909091;3.08E-11;2.96E-08;0.05844022;0.009775711
3893;7.36363636;2.20E-11;2.07E-08;0.06468171;0.009585955
3894;7.09090909;1.66E-11;1.53E-08;0.0508049;0.00940383
3895;6.82727273;1.34E-11;1.21E-08;0.03403323;0.009229279
3896;6.57272727;1.14E-11;1.01E-08;0.02218935;0.009062047
3897;6.36363636;9.97E-12;8.76E-09;0.01993457;0.008901263
3898;6.25757576;9.15E-12;7.94E-09;0.01425518;0.008745406
3899;6.22424242;8.72E-12;7.48E-09;0.01377438;0.008593438
3900;6.22727273;8.66E-12;7.36E-09;0.01182407;0.008444994
3901;6.27272727;8.64E-12;7.28E-09;0.00926546;0.008299404
3902;6.34242424;8.69E-12;7.26E-09;0.00765482;0.008156351
3903;6.41818182;9.43E-12;7.80E-09;0.00902948;0.008015637
3904;6.52727273;1.54E-11;1.26E-08;0.07259277;0.007876851
3905;6.66969697;3.25E-11;2.66E-08;0.43228425;0.007739147
3906;6.74848485;5.49E-11;4.57E-08;0.82378352;0.007602084
3907;6.81818182;7.60E-11;6.52E-08;0.93335271;0.007464278
3908;6.83939394;9.53E-11;8.53E-08;1.02121512;0.007324726
3909;6.81818182;1.05E-10;9.77E-08;0.864117;0.007193127
3910;6.81818182;8.66E-11;8.25E-08;0.36253794;0.007192914
3911;6.75454545;7.92E-11;7.69E-08;0.38777476;0.007188557
3912;6.63030303;8.07E-11;8.03E-08;0.42043226;0.00718856
3913;6.46060606;6.62E-11;6.67E-08;0.20462158;0.007188562
3914;6.32727273;5.44E-11;5.51E-08;0.14680864;0.007188565
3915;6.15454546;3.91E-11;3.95E-08;0.07501926;0.007188567
3916;6;2.24E-11;2.23E-08;0.02839106;0.00718857
3917;5.83636364;1.41E-11;1.39E-08;0.02977583;0.007188572
3918;5.71818182;9.79E-12;9.54E-09;0.0265193;0.007188574
3919;5.56969697;7.34E-12;7.08E-09;0.01720526;0.007188577
3920;5.43333333;6.04E-12;5.77E-09;0.01491671;0.007188579
3921;5.35151515;5.35E-12;5.06E-09;0.01357493;0.007188581
3922;5.40909091;5.06E-12;4.76E-09;0.01102999;0.007188583
3923;5.56666667;5.14E-12;4.80E-09;0.00909772;0.007188586
3924;5.78787879;5.28E-12;4.92E-09;0.00667861;0.007188588
3925;6.06363636;5.51E-12;5.12E-09;0.0041069;0.00718859
3926;6.37272727;5.79E-12;5.37E-09;0.00354259;0.007188593
3927;6.74242424;7.24E-12;6.73E-09;0.00377635;0.007188595
3928;7.09090909;1.65E-11;1.55E-08;0.0269471;0.007188598
3929;7.43030303;3.20E-11;3.08E-08;0.0926828;0.007188601
3930;7.75757576;5.18E-11;5.18E-08;0.19245866;0.007188604
3931;7.95454545;6.90E-11;7.23E-08;0.23503309;0.007188606
3932;8.03333333;8.04E-11;8.80E-08;0.22901168;0.007188609
3933;8.07575758;8.64E-11;9.80E-08;0.19839414;0.007188612
3934;8.04242424;8.75E-11;1.02E-07;0.15749556;0.007188615
3935;7.87575758;7.26E-11;8.59E-08;0.08080384;0.007188618
3936;7.76060606;6.80E-11;8.13E-08;0.07178521;0.00718862
3937;7.63636364;5.92E-11;7.11E-08;0.04885016;0.007188623
3938;7.43939394;4.81E-11;5.77E-08;0.03209818;0.007188626
3939;7.27575758;3.06E-11;3.63E-08;0.01353944;0.007188629
3940;7.13030303;1.70E-11;1.99E-08;0.0068832;0.007188631
3941;6.99393939;1.00E-11;1.15E-08;0.00585434;0.007188634
3942;6.88484849;6.86E-12;7.77E-09;0.00261388;0.007188636
3943;6.77878788;5.58E-12;6.25E-09;0.00418412;0.007188639
3944;6.69393939;5.00E-12;5.53E-09;0.00473456;0.007188641
3945;6.73030303;4.78E-12;5.24E-09;0.00373503;0.007188644
3946;6.88787879;4.24E-12;4.61E-09;0.00358614;0.007188647
3947;7.09393939;4.25E-12;4.58E-09;0.00400227;0.007188649
3948;7.35757576;4.46E-12;4.79E-09;0.00359723;0.007188652
3949;7.64848485;4.62E-12;4.94E-09;0.0029448;0.007188655
3950;8.02727273;4.99E-12;5.32E-09;0.00251013;0.007188657
3951;8.44242424;6.65E-12;7.08E-09;0.002682;0.00718866
3952;8.83636364;1.68E-11;1.81E-08;0.0084267;0.007188663
3953;9.24242424;3.24E-11;3.53E-08;0.01857621;0.007188667
3954;9.59393939;4.94E-11;5.51E-08;0.02846167;0.00718867
3955;9.83939394;6.39E-11;7.32E-08;0.03307527;0.007188673
3956;9.97575758;7.21E-11;8.48E-08;0.03093158;0.007188676
3957;10.03939394;7.57E-11;9.08E-08;0.02545171;0.00718868
3958;10.05757576;7.73E-11;9.41E-08;0.01996958;0.007188683
3959;10.03939394;7.09E-11;8.70E-08;0.01272118;0.007188686
3960;9.98484849;5.21E-11;6.38E-08;0.00580328;0.00718869
3961;9.94545455;3.51E-11;4.26E-08;0.00316892;0.007188693
3962;9.9030303;2.62E-11;3.13E-08;0.00231424;0.007188696
3963;9.81818182;1.59E-11;1.87E-08;0.00108865;0.0071887
3964;9.73636364;8.50E-12;9.81E-09;0.00060297;0.007188703
3965;9.70606061;6.21E-12;7.04E-09;0.00043119;0.007188706
3966;9.69090909;5.31E-12;5.92E-09;0.0003709;0.00718871
3967;9.71212121;5.10E-12;5.59E-09;0.00031376;0.007188713
3968;9.85151515;5.03E-12;5.43E-09;0.00028827;0.007188716
3969;9.96969697;5.13E-12;5.46E-09;0.0002816;0.007188719
3970;10.07575758;5.28E-12;5.54E-09;0.00024418;0.007188723
3971;10.23333333;5.72E-12;5.95E-09;0.00016829;0.007188726
3972;10.42424242;5.75E-12;5.92E-09;0.00014803;0.00718873
3973;10.63030303;6.03E-12;6.15E-09;0.00012655;0.007188733
3974;10.87575758;6.40E-12;6.47E-09;0.00010499;0.007188737
3975;11.16060606;6.64E-12;6.65E-09;0.00010706;0.00718874
3976;11.46969697;1.29E-11;1.29E-08;0.00041183;0.007188744
3977;11.79393939;1.90E-11;1.90E-08;0.00063934;0.007188748
3978;12.04242424;2.70E-11;2.71E-08;0.00106745;0.007188752
3979;12.19393939;3.23E-11;3.27E-08;0.00126221;0.007188756
3980;12.24848485;4.32E-11;4.42E-08;0.0024478;0.00718876
3981;12.24242424;4.86E-11;5.04E-08;0.00268263;0.007188764
3982;12.19393939;5.02E-11;5.26E-08;0.00261352;0.007188768
3983;12.10606061;5.27E-11;5.57E-08;0.00279109;0.007188772
3984;11.98181818;5.21E-11;5.54E-08;0.00256377;0.007188776
3985;11.85151515;4.64E-11;4.94E-08;0.00183638;0.00718878
3986;11.68181818;3.68E-11;3.90E-08;0.00112425;0.007188784
3987;11.51818182;2.42E-11;2.53E-08;0.00049717;0.007188787
3988;11.37575758;1.33E-11;1.36E-08;0.00021536;0.007188791
3989;11.24848485;9.51E-12;9.57E-09;0.00016044;0.007188795
3990;11.12727273;8.01E-12;7.93E-09;0.00010871;0.007188798
3991;10.98181818;7.46E-12;7.27E-09;0.00009758;0.007188802
3992;10.86060606;7.27E-12;6.98E-09;0.00007075;0.007188806
3993;10.81515152;7.31E-12;6.94E-09;0.00006424;0.007188809
3994;10.85151515;7.38E-12;6.94E-09;0.00003527;0.007188813
3995;10.96969697;7.57E-12;7.06E-09;0.00002701;0.007188816
3996;11.14848485;7.92E-12;7.32E-09;0.00001805;0.00718882
3997;11.38484848;8.25E-12;7.57E-09;0.00002677;0.007188824
3998;11.63333333;8.58E-12;7.83E-09;0.0000248;0.007188828
3999;11.88484848;1.07E-11;9.74E-09;0.00002492;0.007188832
